{
"type": "FeatureCollection",
"features": [
{
  "type": "Feature",
  "id": "relation/6037654",
  "properties": {
    "timestamp": "2025-06-09T21:34:47Z",
    "version": "7",
    "changeset": "167419002",
    "user": "Daniel Vincenc",
    "uid": "14476883",
    "admin_level": "6",
    "boundary": "administrative",
    "INEGI:MUNID": "30048",
    "name": "Cosoleacaque",
    "official_name": "Municipio de Cosoleacaque",
    "population": "130903",
    "population:date": "2020",
    "source": "INEGI MGN 2014 v6.2",
    "source:population": "https://www.inegi.org.mx/programas/ccpv/2020/#Datos_abiertos",
    "type": "boundary",
    "wikidata": "Q534620",
    "wikipedia": "es:Municipio de Cosoleacaque",
    "id": "relation/6037654"
  },
  "geometry": {
    "type": "Polygon",
    "coordinates": [
      [
        [
          -94.5806911,
          17.9885943
        ],
        [
          -94.5815057,
          17.9886292
        ],
        [
          -94.581791,
          17.9886544
        ],
        [
          -94.5820456,
          17.9886753
        ],
        [
          -94.5825991,
          17.9887164
        ],
        [
          -94.5829696,
          17.9887896
        ],
        [
          -94.5832522,
          17.9888263
        ],
        [
          -94.5841127,
          17.9889191
        ],
        [
          -94.5844189,
          17.9889621
        ],
        [
          -94.5849319,
          17.9890429
        ],
        [
          -94.5856429,
          17.9891316
        ],
        [
          -94.5857821,
          17.9891499
        ],
        [
          -94.5860466,
          17.9891864
        ],
        [
          -94.5864573,
          17.9892414
        ],
        [
          -94.5870708,
          17.9893005
        ],
        [
          -94.5870732,
          17.9896544
        ],
        [
          -94.5870167,
          17.9899165
        ],
        [
          -94.5870111,
          17.9900195
        ],
        [
          -94.5868484,
          17.9913419
        ],
        [
          -94.5867769,
          17.992056
        ],
        [
          -94.5866647,
          17.9927557
        ],
        [
          -94.5866077,
          17.9933663
        ],
        [
          -94.5865505,
          17.9939006
        ],
        [
          -94.5863992,
          17.9948732
        ],
        [
          -94.5864739,
          17.9949374
        ],
        [
          -94.5863669,
          17.9958613
        ],
        [
          -94.5863323,
          17.9961945
        ],
        [
          -94.5862669,
          17.9968233
        ],
        [
          -94.5861418,
          17.9967499
        ],
        [
          -94.5861276,
          17.9969
        ],
        [
          -94.586103,
          17.9970941
        ],
        [
          -94.5860733,
          17.9973584
        ],
        [
          -94.5860014,
          17.9979974
        ],
        [
          -94.5859267,
          17.9986603
        ],
        [
          -94.5858521,
          17.9993233
        ],
        [
          -94.5857771,
          17.9999902
        ],
        [
          -94.5857091,
          18.0005938
        ],
        [
          -94.5856388,
          18.0012188
        ],
        [
          -94.5855629,
          18.0018935
        ],
        [
          -94.5854637,
          18.0024347
        ],
        [
          -94.585358,
          18.0031262
        ],
        [
          -94.5852585,
          18.0037764
        ],
        [
          -94.5852488,
          18.0038401
        ],
        [
          -94.5851584,
          18.0044399
        ],
        [
          -94.5850606,
          18.0050894
        ],
        [
          -94.5849625,
          18.0057404
        ],
        [
          -94.5848671,
          18.0063733
        ],
        [
          -94.5848304,
          18.0066168
        ],
        [
          -94.5847845,
          18.0068491
        ],
        [
          -94.5847475,
          18.0070594
        ],
        [
          -94.5847265,
          18.0072173
        ],
        [
          -94.5846814,
          18.0075385
        ],
        [
          -94.5841746,
          18.0076922
        ],
        [
          -94.5826694,
          18.0080969
        ],
        [
          -94.5826375,
          18.0081056
        ],
        [
          -94.5820843,
          18.0082579
        ],
        [
          -94.5815333,
          18.0084098
        ],
        [
          -94.5814805,
          18.0084244
        ],
        [
          -94.581002,
          18.0085508
        ],
        [
          -94.5809544,
          18.0085634
        ],
        [
          -94.5804413,
          18.0087315
        ],
        [
          -94.5800287,
          18.0088488
        ],
        [
          -94.579903,
          18.0088886
        ],
        [
          -94.5792888,
          18.0090543
        ],
        [
          -94.5788564,
          18.0091807
        ],
        [
          -94.578492,
          18.0091175
        ],
        [
          -94.5784196,
          18.0091485
        ],
        [
          -94.5782439,
          18.0092512
        ],
        [
          -94.5763819,
          18.0097754
        ],
        [
          -94.5761586,
          18.0098352
        ],
        [
          -94.5760062,
          18.0097509
        ],
        [
          -94.5743867,
          18.0101847
        ],
        [
          -94.5742477,
          18.010222
        ],
        [
          -94.5740205,
          18.0102828
        ],
        [
          -94.573619,
          18.0099623
        ],
        [
          -94.572292,
          18.008903
        ],
        [
          -94.5712226,
          18.0079357
        ],
        [
          -94.570675,
          18.0074136
        ],
        [
          -94.570547,
          18.0073076
        ],
        [
          -94.5701347,
          18.006966
        ],
        [
          -94.5696475,
          18.0065623
        ],
        [
          -94.568957,
          18.005971
        ],
        [
          -94.5685818,
          18.0056615
        ],
        [
          -94.5680167,
          18.0052021
        ],
        [
          -94.5674766,
          18.0047804
        ],
        [
          -94.5674661,
          18.0047717
        ],
        [
          -94.5670395,
          18.0044193
        ],
        [
          -94.566406,
          18.0039926
        ],
        [
          -94.5660777,
          18.0038047
        ],
        [
          -94.5656672,
          18.003611
        ],
        [
          -94.565064,
          18.0034321
        ],
        [
          -94.564433,
          18.0032997
        ],
        [
          -94.5637754,
          18.0032042
        ],
        [
          -94.5629791,
          18.0030933
        ],
        [
          -94.5624201,
          18.0030313
        ],
        [
          -94.5615277,
          18.0029469
        ],
        [
          -94.5609419,
          18.002872
        ],
        [
          -94.5606316,
          18.0028341
        ],
        [
          -94.560247,
          18.0027593
        ],
        [
          -94.559763,
          18.0026585
        ],
        [
          -94.5593616,
          18.0025316
        ],
        [
          -94.5591524,
          18.0024499
        ],
        [
          -94.5588019,
          18.0022679
        ],
        [
          -94.5586631,
          18.0021911
        ],
        [
          -94.5583847,
          18.001995
        ],
        [
          -94.5582019,
          18.0018381
        ],
        [
          -94.5581687,
          18.0018727
        ],
        [
          -94.5581072,
          18.0019367
        ],
        [
          -94.5578952,
          18.0021577
        ],
        [
          -94.5574555,
          18.0026161
        ],
        [
          -94.5569744,
          18.0030718
        ],
        [
          -94.5565408,
          18.0035223
        ],
        [
          -94.5561001,
          18.0039902
        ],
        [
          -94.5556362,
          18.004481
        ],
        [
          -94.5551067,
          18.0049032
        ],
        [
          -94.5544762,
          18.0055581
        ],
        [
          -94.5541736,
          18.0058785
        ],
        [
          -94.5538521,
          18.006219
        ],
        [
          -94.5535674,
          18.0065246
        ],
        [
          -94.5527915,
          18.0073151
        ],
        [
          -94.5526612,
          18.0072677
        ],
        [
          -94.5526242,
          18.0072542
        ],
        [
          -94.5520869,
          18.0071518
        ],
        [
          -94.5516404,
          18.0070591
        ],
        [
          -94.5510733,
          18.0069328
        ],
        [
          -94.5502185,
          18.0067518
        ],
        [
          -94.5497826,
          18.0066383
        ],
        [
          -94.5492503,
          18.0065379
        ],
        [
          -94.5492067,
          18.0065302
        ],
        [
          -94.5489368,
          18.0064822
        ],
        [
          -94.5487023,
          18.0064405
        ],
        [
          -94.5486444,
          18.0064304
        ],
        [
          -94.5480854,
          18.0063327
        ],
        [
          -94.5479273,
          18.0062868
        ],
        [
          -94.5477105,
          18.0062506
        ],
        [
          -94.5475241,
          18.0062365
        ],
        [
          -94.5474737,
          18.0062326
        ],
        [
          -94.547369,
          18.0062088
        ],
        [
          -94.5471956,
          18.0062202
        ],
        [
          -94.5471205,
          18.0062174
        ],
        [
          -94.5470278,
          18.0062139
        ],
        [
          -94.5468348,
          18.0061889
        ],
        [
          -94.5467155,
          18.0061823
        ],
        [
          -94.5465867,
          18.0061607
        ],
        [
          -94.5465204,
          18.0061421
        ],
        [
          -94.546404,
          18.0061335
        ],
        [
          -94.5463444,
          18.0061552
        ],
        [
          -94.5461969,
          18.0061386
        ],
        [
          -94.5459391,
          18.0060656
        ],
        [
          -94.5458262,
          18.0061544
        ],
        [
          -94.5457392,
          18.0062734
        ],
        [
          -94.5457412,
          18.0065028
        ],
        [
          -94.5458,
          18.0070031
        ],
        [
          -94.545731,
          18.0074697
        ],
        [
          -94.5459171,
          18.0082132
        ],
        [
          -94.5458799,
          18.0083272
        ],
        [
          -94.5454407,
          18.0083653
        ],
        [
          -94.5450556,
          18.008858
        ],
        [
          -94.5453929,
          18.0091666
        ],
        [
          -94.5461979,
          18.0099245
        ],
        [
          -94.5470426,
          18.0107198
        ],
        [
          -94.5473637,
          18.0110018
        ],
        [
          -94.5483932,
          18.011906
        ],
        [
          -94.5483596,
          18.0119436
        ],
        [
          -94.5482997,
          18.0120115
        ],
        [
          -94.5482127,
          18.01211
        ],
        [
          -94.5481825,
          18.0121442
        ],
        [
          -94.5479296,
          18.0124307
        ],
        [
          -94.5475102,
          18.0129058
        ],
        [
          -94.5470744,
          18.0133582
        ],
        [
          -94.5467611,
          18.0136835
        ],
        [
          -94.5466807,
          18.0137719
        ],
        [
          -94.5464304,
          18.0140268
        ],
        [
          -94.5462166,
          18.0142488
        ],
        [
          -94.5458395,
          18.0147387
        ],
        [
          -94.5455292,
          18.0153015
        ],
        [
          -94.5454093,
          18.0158099
        ],
        [
          -94.5450266,
          18.0163995
        ],
        [
          -94.544185,
          18.0174565
        ],
        [
          -94.5434131,
          18.018276
        ],
        [
          -94.5428443,
          18.0184902
        ],
        [
          -94.5422436,
          18.0184794
        ],
        [
          -94.5420867,
          18.0186298
        ],
        [
          -94.5395673,
          18.0212676
        ],
        [
          -94.5383921,
          18.022498
        ],
        [
          -94.5379167,
          18.0229976
        ],
        [
          -94.5373054,
          18.02364
        ],
        [
          -94.5366686,
          18.0243092
        ],
        [
          -94.5335469,
          18.0275894
        ],
        [
          -94.532763,
          18.0284131
        ],
        [
          -94.5338507,
          18.029298
        ],
        [
          -94.5357038,
          18.0308076
        ],
        [
          -94.5369198,
          18.03043
        ],
        [
          -94.5396332,
          18.0296068
        ],
        [
          -94.5410238,
          18.0291058
        ],
        [
          -94.5417564,
          18.028839
        ],
        [
          -94.5421356,
          18.0286766
        ],
        [
          -94.5425676,
          18.0284744
        ],
        [
          -94.5428859,
          18.0283212
        ],
        [
          -94.5435801,
          18.0279874
        ],
        [
          -94.5439927,
          18.0278015
        ],
        [
          -94.5440746,
          18.0277608
        ],
        [
          -94.546415,
          18.0265856
        ],
        [
          -94.5472473,
          18.0261816
        ],
        [
          -94.5474112,
          18.0261015
        ],
        [
          -94.5478481,
          18.0259934
        ],
        [
          -94.5480018,
          18.0259554
        ],
        [
          -94.5499792,
          18.025466
        ],
        [
          -94.5507124,
          18.0252845
        ],
        [
          -94.5535338,
          18.0245861
        ],
        [
          -94.5553611,
          18.0241338
        ],
        [
          -94.5556396,
          18.0240648
        ],
        [
          -94.5544923,
          18.0230362
        ],
        [
          -94.5543258,
          18.0217881
        ],
        [
          -94.5546132,
          18.021257
        ],
        [
          -94.5551834,
          18.020922
        ],
        [
          -94.5555609,
          18.0208705
        ],
        [
          -94.5532392,
          18.0204502
        ],
        [
          -94.553608,
          18.0201761
        ],
        [
          -94.5536692,
          18.0201237
        ],
        [
          -94.5540038,
          18.0198794
        ],
        [
          -94.5543161,
          18.0196597
        ],
        [
          -94.5543421,
          18.0196414
        ],
        [
          -94.5545992,
          18.0194434
        ],
        [
          -94.5547376,
          18.0193405
        ],
        [
          -94.555139,
          18.019042
        ],
        [
          -94.5555348,
          18.0187478
        ],
        [
          -94.5556404,
          18.0186693
        ],
        [
          -94.555666,
          18.0186015
        ],
        [
          -94.5559942,
          18.0184383
        ],
        [
          -94.5562682,
          18.0182339
        ],
        [
          -94.556416,
          18.0181201
        ],
        [
          -94.5570044,
          18.0176711
        ],
        [
          -94.557077,
          18.0176156
        ],
        [
          -94.5573259,
          18.017451
        ],
        [
          -94.5575195,
          18.017323
        ],
        [
          -94.5579475,
          18.01704
        ]
      ]
    ]
  }
},
{
  "type": "Feature",
  "id": "relation/6037729",
  "properties": {
    "timestamp": "2023-12-27T04:24:59Z",
    "version": "9",
    "changeset": "145557368",
    "user": "Trevor_1",
    "uid": "3715012",
    "admin_level": "6",
    "boundary": "administrative",
    "INEGI:MUNID": "30108",
    "name": "Minatitlán",
    "official_name": "Municipio de Minatitlán",
    "population": "144776",
    "population:date": "2020",
    "source": "INEGI MGN 2014 v6.2",
    "source:population": "https://www.inegi.org.mx/programas/ccpv/2020/#Datos_abiertos",
    "type": "boundary",
    "wikidata": "Q17279074",
    "wikipedia": "es:Municipio de Minatitlán (Veracruz)",
    "id": "relation/6037729"
  },
  "geometry": {
    "type": "Polygon",
    "coordinates": [
      [
        [
          -94.5806911,
          17.9885943
        ],
        [
          -94.5815057,
          17.9886292
        ],
        [
          -94.581791,
          17.9886544
        ],
        [
          -94.5820456,
          17.9886753
        ],
        [
          -94.5825991,
          17.9887164
        ],
        [
          -94.5829696,
          17.9887896
        ],
        [
          -94.5832522,
          17.9888263
        ],
        [
          -94.5841127,
          17.9889191
        ],
        [
          -94.5844189,
          17.9889621
        ],
        [
          -94.5849319,
          17.9890429
        ],
        [
          -94.5856429,
          17.9891316
        ],
        [
          -94.5857821,
          17.9891499
        ],
        [
          -94.5860466,
          17.9891864
        ],
        [
          -94.5864573,
          17.9892414
        ],
        [
          -94.5870708,
          17.9893005
        ],
        [
          -94.5870732,
          17.9896544
        ],
        [
          -94.5870167,
          17.9899165
        ],
        [
          -94.5870111,
          17.9900195
        ],
        [
          -94.5868484,
          17.9913419
        ],
        [
          -94.5867769,
          17.992056
        ],
        [
          -94.5866647,
          17.9927557
        ],
        [
          -94.5866077,
          17.9933663
        ],
        [
          -94.5865505,
          17.9939006
        ],
        [
          -94.5863992,
          17.9948732
        ],
        [
          -94.5864739,
          17.9949374
        ],
        [
          -94.5863669,
          17.9958613
        ],
        [
          -94.5863323,
          17.9961945
        ],
        [
          -94.5862669,
          17.9968233
        ],
        [
          -94.5861418,
          17.9967499
        ],
        [
          -94.5861276,
          17.9969
        ],
        [
          -94.586103,
          17.9970941
        ],
        [
          -94.5860733,
          17.9973584
        ],
        [
          -94.5860014,
          17.9979974
        ],
        [
          -94.5859267,
          17.9986603
        ],
        [
          -94.5858521,
          17.9993233
        ],
        [
          -94.5857771,
          17.9999902
        ],
        [
          -94.5857091,
          18.0005938
        ],
        [
          -94.5856388,
          18.0012188
        ],
        [
          -94.5855629,
          18.0018935
        ],
        [
          -94.5854637,
          18.0024347
        ],
        [
          -94.585358,
          18.0031262
        ],
        [
          -94.5852585,
          18.0037764
        ],
        [
          -94.5852488,
          18.0038401
        ],
        [
          -94.5851584,
          18.0044399
        ],
        [
          -94.5850606,
          18.0050894
        ],
        [
          -94.5849625,
          18.0057404
        ],
        [
          -94.5848671,
          18.0063733
        ],
        [
          -94.5848304,
          18.0066168
        ],
        [
          -94.5847845,
          18.0068491
        ],
        [
          -94.5847475,
          18.0070594
        ],
        [
          -94.5847265,
          18.0072173
        ],
        [
          -94.5846814,
          18.0075385
        ],
        [
          -94.5841746,
          18.0076922
        ],
        [
          -94.5826694,
          18.0080969
        ],
        [
          -94.5826375,
          18.0081056
        ],
        [
          -94.5820843,
          18.0082579
        ],
        [
          -94.5815333,
          18.0084098
        ],
        [
          -94.5814805,
          18.0084244
        ],
        [
          -94.581002,
          18.0085508
        ],
        [
          -94.5809544,
          18.0085634
        ],
        [
          -94.5804413,
          18.0087315
        ],
        [
          -94.5800287,
          18.0088488
        ],
        [
          -94.579903,
          18.0088886
        ],
        [
          -94.5792888,
          18.0090543
        ],
        [
          -94.5788564,
          18.0091807
        ],
        [
          -94.578492,
          18.0091175
        ],
        [
          -94.5784196,
          18.0091485
        ],
        [
          -94.5782439,
          18.0092512
        ],
        [
          -94.5763819,
          18.0097754
        ],
        [
          -94.5761586,
          18.0098352
        ],
        [
          -94.5760062,
          18.0097509
        ],
        [
          -94.5743867,
          18.0101847
        ],
        [
          -94.5742477,
          18.010222
        ],
        [
          -94.5740205,
          18.0102828
        ],
        [
          -94.573619,
          18.0099623
        ],
        [
          -94.572292,
          18.008903
        ],
        [
          -94.5712226,
          18.0079357
        ],
        [
          -94.570675,
          18.0074136
        ],
        [
          -94.570547,
          18.0073076
        ],
        [
          -94.5701347,
          18.006966
        ],
        [
          -94.5696475,
          18.0065623
        ],
        [
          -94.568957,
          18.005971
        ],
        [
          -94.5685818,
          18.0056615
        ],
        [
          -94.5680167,
          18.0052021
        ],
        [
          -94.5674766,
          18.0047804
        ],
        [
          -94.5674661,
          18.0047717
        ],
        [
          -94.5670395,
          18.0044193
        ],
        [
          -94.566406,
          18.0039926
        ],
        [
          -94.5660777,
          18.0038047
        ],
        [
          -94.5656672,
          18.003611
        ],
        [
          -94.565064,
          18.0034321
        ],
        [
          -94.564433,
          18.0032997
        ],
        [
          -94.5637754,
          18.0032042
        ],
        [
          -94.5629791,
          18.0030933
        ],
        [
          -94.5624201,
          18.0030313
        ],
        [
          -94.5615277,
          18.0029469
        ],
        [
          -94.5609419,
          18.002872
        ],
        [
          -94.5606316,
          18.0028341
        ],
        [
          -94.560247,
          18.0027593
        ],
        [
          -94.559763,
          18.0026585
        ],
        [
          -94.5593616,
          18.0025316
        ],
        [
          -94.5591524,
          18.0024499
        ],
        [
          -94.5588019,
          18.0022679
        ],
        [
          -94.5586631,
          18.0021911
        ],
        [
          -94.5583847,
          18.001995
        ],
        [
          -94.5582019,
          18.0018381
        ],
        [
          -94.5581687,
          18.0018727
        ],
        [
          -94.5581072,
          18.0019367
        ],
        [
          -94.5578952,
          18.0021577
        ],
        [
          -94.5574555,
          18.0026161
        ],
        [
          -94.5569744,
          18.0030718
        ],
        [
          -94.5565408,
          18.0035223
        ],
        [
          -94.5561001,
          18.0039902
        ],
        [
          -94.5556362,
          18.004481
        ],
        [
          -94.5551067,
          18.0049032
        ],
        [
          -94.5544762,
          18.0055581
        ],
        [
          -94.5541736,
          18.0058785
        ],
        [
          -94.5538521,
          18.006219
        ],
        [
          -94.5535674,
          18.0065246
        ],
        [
          -94.5527915,
          18.0073151
        ],
        [
          -94.5526612,
          18.0072677
        ],
        [
          -94.5526242,
          18.0072542
        ],
        [
          -94.5520869,
          18.0071518
        ],
        [
          -94.5516404,
          18.0070591
        ],
        [
          -94.5510733,
          18.0069328
        ],
        [
          -94.5502185,
          18.0067518
        ],
        [
          -94.5497826,
          18.0066383
        ],
        [
          -94.5492503,
          18.0065379
        ],
        [
          -94.5492067,
          18.0065302
        ],
        [
          -94.5489368,
          18.0064822
        ],
        [
          -94.5487023,
          18.0064405
        ],
        [
          -94.5486444,
          18.0064304
        ],
        [
          -94.5480854,
          18.0063327
        ],
        [
          -94.5479273,
          18.0062868
        ],
        [
          -94.5477105,
          18.0062506
        ],
        [
          -94.5475241,
          18.0062365
        ],
        [
          -94.5474737,
          18.0062326
        ],
        [
          -94.547369,
          18.0062088
        ],
        [
          -94.5471956,
          18.0062202
        ],
        [
          -94.5471205,
          18.0062174
        ],
        [
          -94.5470278,
          18.0062139
        ],
        [
          -94.5468348,
          18.0061889
        ],
        [
          -94.5467155,
          18.0061823
        ],
        [
          -94.5465867,
          18.0061607
        ],
        [
          -94.5465204,
          18.0061421
        ],
        [
          -94.546404,
          18.0061335
        ],
        [
          -94.5463444,
          18.0061552
        ],
        [
          -94.5461969,
          18.0061386
        ],
        [
          -94.5459391,
          18.0060656
        ],
        [
          -94.5458262,
          18.0061544
        ],
        [
          -94.5457392,
          18.0062734
        ],
        [
          -94.5457412,
          18.0065028
        ],
        [
          -94.5458,
          18.0070031
        ],
        [
          -94.545731,
          18.0074697
        ],
        [
          -94.5459171,
          18.0082132
        ],
        [
          -94.5458799,
          18.0083272
        ],
        [
          -94.5454407,
          18.0083653
        ],
        [
          -94.5450556,
          18.008858
        ],
        [
          -94.5453929,
          18.0091666
        ],
        [
          -94.5461979,
          18.0099245
        ],
        [
          -94.5470426,
          18.0107198
        ],
        [
          -94.5473637,
          18.0110018
        ],
        [
          -94.5483932,
          18.011906
        ],
        [
          -94.5483596,
          18.0119436
        ],
        [
          -94.5482997,
          18.0120115
        ],
        [
          -94.5482127,
          18.01211
        ],
        [
          -94.5481825,
          18.0121442
        ],
        [
          -94.5479296,
          18.0124307
        ],
        [
          -94.5475102,
          18.0129058
        ],
        [
          -94.5470744,
          18.0133582
        ],
        [
          -94.5467611,
          18.0136835
        ],
        [
          -94.5466807,
          18.0137719
        ],
        [
          -94.5464304,
          18.0140268
        ],
        [
          -94.5462166,
          18.0142488
        ],
        [
          -94.5458395,
          18.0147387
        ],
        [
          -94.5455292,
          18.0153015
        ],
        [
          -94.5454093,
          18.0158099
        ],
        [
          -94.5450266,
          18.0163995
        ],
        [
          -94.544185,
          18.0174565
        ],
        [
          -94.5434131,
          18.018276
        ],
        [
          -94.5428443,
          18.0184902
        ],
        [
          -94.5422436,
          18.0184794
        ],
        [
          -94.5420867,
          18.0186298
        ],
        [
          -94.5395673,
          18.0212676
        ],
        [
          -94.5383921,
          18.022498
        ],
        [
          -94.5379167,
          18.0229976
        ],
        [
          -94.5373054,
          18.02364
        ],
        [
          -94.5366686,
          18.0243092
        ],
        [
          -94.5335469,
          18.0275894
        ],
        [
          -94.532763,
          18.0284131
        ],
        [
          -94.5338507,
          18.029298
        ],
        [
          -94.5357038,
          18.0308076
        ],
        [
          -94.5369198,
          18.03043
        ],
        [
          -94.5396332,
          18.0296068
        ],
        [
          -94.5410238,
          18.0291058
        ],
        [
          -94.5417564,
          18.028839
        ],
        [
          -94.5421356,
          18.0286766
        ],
        [
          -94.5425676,
          18.0284744
        ],
        [
          -94.5428859,
          18.0283212
        ],
        [
          -94.5435801,
          18.0279874
        ],
        [
          -94.5439927,
          18.0278015
        ],
        [
          -94.5440746,
          18.0277608
        ],
        [
          -94.546415,
          18.0265856
        ],
        [
          -94.5472473,
          18.0261816
        ],
        [
          -94.5474112,
          18.0261015
        ],
        [
          -94.5478481,
          18.0259934
        ],
        [
          -94.5480018,
          18.0259554
        ],
        [
          -94.5499792,
          18.025466
        ],
        [
          -94.5507124,
          18.0252845
        ],
        [
          -94.5535338,
          18.0245861
        ],
        [
          -94.5553611,
          18.0241338
        ],
        [
          -94.5556396,
          18.0240648
        ],
        [
          -94.5544923,
          18.0230362
        ],
        [
          -94.5543258,
          18.0217881
        ],
        [
          -94.5546132,
          18.021257
        ],
        [
          -94.5551834,
          18.020922
        ],
        [
          -94.5555609,
          18.0208705
        ],
        [
          -94.5532392,
          18.0204502
        ],
        [
          -94.553608,
          18.0201761
        ],
        [
          -94.5536692,
          18.0201237
        ],
        [
          -94.5540038,
          18.0198794
        ],
        [
          -94.5543161,
          18.0196597
        ],
        [
          -94.5543421,
          18.0196414
        ],
        [
          -94.5545992,
          18.0194434
        ],
        [
          -94.5547376,
          18.0193405
        ],
        [
          -94.555139,
          18.019042
        ],
        [
          -94.5555348,
          18.0187478
        ],
        [
          -94.5556404,
          18.0186693
        ],
        [
          -94.555666,
          18.0186015
        ],
        [
          -94.5559942,
          18.0184383
        ],
        [
          -94.5562682,
          18.0182339
        ],
        [
          -94.556416,
          18.0181201
        ],
        [
          -94.5570044,
          18.0176711
        ],
        [
          -94.557077,
          18.0176156
        ],
        [
          -94.5573259,
          18.017451
        ],
        [
          -94.5575195,
          18.017323
        ],
        [
          -94.5579475,
          18.01704
        ]
      ]
    ]
  }
},
{
  "type": "Feature",
  "id": "way/558712711",
  "properties": {
    "timestamp": "2025-09-30T03:24:35Z",
    "version": "8",
    "changeset": "172639812",
    "user": "TecNM campus Minatitlán",
    "uid": "23257776",
    "amenity": "university",
    "name": "Instituto Tecnológico de Minatitlán",
    "id": "way/558712711"
  },
  "geometry": {
    "type": "Polygon",
    "coordinates": [
      [
        [
          -94.5612185,
          18.0077281
        ],
        [
          -94.5595421,
          18.0068022
        ],
        [
          -94.5576163,
          18.0057321
        ],
        [
          -94.5563744,
          18.005
        ],
        [
          -94.5563198,
          18.0049682
        ],
        [
          -94.5557293,
          18.0046237
        ],
        [
          -94.5550057,
          18.0053665
        ],
        [
          -94.5547223,
          18.0056647
        ],
        [
          -94.5544486,
          18.0059476
        ],
        [
          -94.5550333,
          18.0062537
        ],
        [
          -94.5555697,
          18.0065356
        ],
        [
          -94.5561451,
          18.0068723
        ],
        [
          -94.5584652,
          18.0081541
        ],
        [
          -94.5595609,
          18.0087523
        ],
        [
          -94.5602556,
          18.0081885
        ],
        [
          -94.5606002,
          18.0083684
        ],
        [
          -94.5612185,
          18.0077281
        ]
      ]
    ]
  }
},
{
  "type": "Feature",
  "id": "way/673017930",
  "properties": {
    "timestamp": "2019-02-26T04:09:18Z",
    "version": "1",
    "changeset": "67569285",
    "user": "DonMorofok",
    "uid": "7540423",
    "leisure": "sports_centre",
    "sport": "swimming",
    "id": "way/673017930"
  },
  "geometry": {
    "type": "Polygon",
    "coordinates": [
      [
        [
          -94.5549622,
          18.0045851
        ],
        [
          -94.5551205,
          18.0044244
        ],
        [
          -94.5550132,
          18.0043249
        ],
        [
          -94.5548523,
          18.0044933
        ],
        [
          -94.5549622,
          18.0045851
        ]
      ]
    ]
  }
},
{
  "type": "Feature",
  "id": "way/676143282",
  "properties": {
    "timestamp": "2019-03-12T00:07:00Z",
    "version": "1",
    "changeset": "68042597",
    "user": "Andrew Matheny",
    "uid": "3265371",
    "leisure": "pitch",
    "sport": "baseball",
    "id": "way/676143282"
  },
  "geometry": {
    "type": "Polygon",
    "coordinates": [
      [
        [
          -94.5589507,
          18.0079526
        ],
        [
          -94.5590177,
          18.0079296
        ],
        [
          -94.5587763,
          18.0069756
        ],
        [
          -94.5587012,
          18.0069374
        ],
        [
          -94.5577732,
          18.0071338
        ],
        [
          -94.557749,
          18.0075164
        ],
        [
          -94.5578909,
          18.0077586
        ],
        [
          -94.5581113,
          18.0079401
        ],
        [
          -94.5583837,
          18.0080389
        ],
        [
          -94.5586752,
          18.0080433
        ],
        [
          -94.5589507,
          18.0079526
        ]
      ]
    ]
  }
},
{
  "type": "Feature",
  "id": "way/882714954",
  "properties": {
    "timestamp": "2025-10-02T20:01:16Z",
    "version": "2",
    "changeset": "172764439",
    "user": "Angel H Cervantes",
    "uid": "23254573",
    "amenity": "parking",
    "id": "way/882714954"
  },
  "geometry": {
    "type": "Polygon",
    "coordinates": [
      [
        [
          -94.5579676,
          18.0068098
        ],
        [
          -94.5579717,
          18.0063787
        ],
        [
          -94.5583901,
          18.0063927
        ],
        [
          -94.5583633,
          18.0062346
        ],
        [
          -94.5579623,
          18.0062065
        ],
        [
          -94.5578469,
          18.0062371
        ],
        [
          -94.5577437,
          18.0063124
        ],
        [
          -94.557727,
          18.0067878
        ],
        [
          -94.5577262,
          18.0068098
        ],
        [
          -94.5579676,
          18.0068098
        ]
      ]
    ]
  }
},
{
  "type": "Feature",
  "id": "way/882714955",
  "properties": {
    "timestamp": "2020-12-09T10:40:48Z",
    "version": "1",
    "changeset": "95546504",
    "user": "Caravanserai",
    "uid": "10019202",
    "amenity": "parking",
    "id": "way/882714955"
  },
  "geometry": {
    "type": "Polygon",
    "coordinates": [
      [
        [
          -94.5552945,
          18.0053724
        ],
        [
          -94.5550057,
          18.0053665
        ],
        [
          -94.5547223,
          18.0056647
        ],
        [
          -94.5551647,
          18.0056709
        ],
        [
          -94.5551701,
          18.0055573
        ],
        [
          -94.5552948,
          18.0055573
        ],
        [
          -94.5552945,
          18.0053724
        ]
      ]
    ]
  }
},
{
  "type": "Feature",
  "id": "way/997525032",
  "properties": {
    "timestamp": "2025-09-30T02:40:57Z",
    "version": "2",
    "changeset": "172639095",
    "user": "TecNM campus Minatitlán",
    "uid": "23257776",
    "access": "private",
    "amenity": "parking",
    "image": "https://www.google.com.mx/url?sa=i&url=https%3A%2F%2Fwww.veracruzenred.mx%2Ftag%2Finstituto-tecnologico-de-minatitlan%2F&psig=AOvVaw3RTkcgTqtuYLMxpQhNOn6p&ust=1635616711748000&source=images&cd=vfe&ved=0CAsQjRxqFwoTCMiJ3aCZ8PMCFQAAAAAdAAAAABAE",
    "operator": "Inatituto Tecnológico de Minatitlán",
    "operator:type": "school",
    "parking": "surface",
    "surface": "concrete",
    "id": "way/997525032"
  },
  "geometry": {
    "type": "Polygon",
    "coordinates": [
      [
        [
          -94.5553704,
          18.0052734
        ],
        [
          -94.5554204,
          18.0052652
        ],
        [
          -94.5554139,
          18.0052423
        ],
        [
          -94.5554186,
          18.005211
        ],
        [
          -94.5554171,
          18.005116
        ],
        [
          -94.5554212,
          18.0050317
        ],
        [
          -94.5553935,
          18.0049921
        ],
        [
          -94.555253,
          18.0051426
        ],
        [
          -94.5551116,
          18.005294
        ],
        [
          -94.5553627,
          18.0052954
        ],
        [
          -94.5553704,
          18.0052734
        ]
      ]
    ]
  }
},
{
  "type": "Feature",
  "id": "way/1428860569",
  "properties": {
    "timestamp": "2025-09-10T20:25:50Z",
    "version": "1",
    "changeset": "171755106",
    "user": "AndresSM30",
    "uid": "23279192",
    "access": "private",
    "leisure": "pitch",
    "name": "Campo de voleibol",
    "sport": "volleyball",
    "surface": "sand",
    "id": "way/1428860569"
  },
  "geometry": {
    "type": "Polygon",
    "coordinates": [
      [
        [
          -94.5590118,
          18.0067849
        ],
        [
          -94.559109,
          18.0066338
        ],
        [
          -94.5588242,
          18.0064912
        ],
        [
          -94.5587393,
          18.0066508
        ],
        [
          -94.5590118,
          18.0067849
        ]
      ]
    ]
  }
},
{
  "type": "Feature",
  "id": "way/1428860570",
  "properties": {
    "timestamp": "2025-09-10T20:25:50Z",
    "version": "1",
    "changeset": "171755106",
    "user": "AndresSM30",
    "uid": "23279192",
    "access": "private",
    "leisure": "pitch",
    "lit": "no",
    "name": "Cancha de futbol",
    "sport": "soccer",
    "surface": "asphalt",
    "id": "way/1428860570"
  },
  "geometry": {
    "type": "Polygon",
    "coordinates": [
      [
        [
          -94.5583335,
          18.0069948
        ],
        [
          -94.5583116,
          18.0068268
        ],
        [
          -94.5578063,
          18.0068985
        ],
        [
          -94.5578625,
          18.0070984
        ],
        [
          -94.5583335,
          18.0069948
        ]
      ]
    ]
  }
},
{
  "type": "Feature",
  "id": "way/1429350116",
  "properties": {
    "timestamp": "2025-09-12T18:31:44Z",
    "version": "1",
    "changeset": "171845725",
    "user": "AndresSM30",
    "uid": "23279192",
    "leisure": "park",
    "name": "Plaza",
    "id": "way/1429350116"
  },
  "geometry": {
    "type": "Polygon",
    "coordinates": [
      [
        [
          -94.5567783,
          18.0061041
        ],
        [
          -94.5567823,
          18.0059194
        ],
        [
          -94.5565702,
          18.0059212
        ],
        [
          -94.5565778,
          18.0061049
        ],
        [
          -94.5567783,
          18.0061041
        ]
      ]
    ]
  }
},
{
  "type": "Feature",
  "id": "way/1429350117",
  "properties": {
    "timestamp": "2025-09-30T02:40:57Z",
    "version": "2",
    "changeset": "172639095",
    "user": "TecNM campus Minatitlán",
    "uid": "23257776",
    "leisure": "park",
    "name": "Explanada",
    "id": "way/1429350117"
  },
  "geometry": {
    "type": "Polygon",
    "coordinates": [
      [
        [
          -94.5560885,
          18.0056381
        ],
        [
          -94.5560861,
          18.0053736
        ],
        [
          -94.555871,
          18.0053774
        ],
        [
          -94.5558695,
          18.0055095
        ],
        [
          -94.5558704,
          18.0056372
        ],
        [
          -94.5560885,
          18.0056381
        ]
      ]
    ]
  }
},
{
  "type": "Feature",
  "id": "way/1434248966",
  "properties": {
    "timestamp": "2025-09-30T02:40:57Z",
    "version": "1",
    "changeset": "172639095",
    "user": "TecNM campus Minatitlán",
    "uid": "23257776",
    "addr:city": "Minatitlán",
    "addr:postcode": "96848",
    "addr:state": "Ver",
    "addr:street": "Boulevard Instituto Tecnológico (Carretera Transístmica)",
    "architect": "Moderna Funcional",
    "building": "school",
    "building:levels": "2",
    "height": "8",
    "name": "Edificio ACB",
    "id": "way/1434248966"
  },
  "geometry": {
    "type": "Polygon",
    "coordinates": [
      [
        [
          -94.5557474,
          18.0052702
        ],
        [
          -94.5560408,
          18.0052662
        ],
        [
          -94.5560346,
          18.0050907
        ],
        [
          -94.5557475,
          18.0050915
        ],
        [
          -94.5557474,
          18.0052702
        ]
      ]
    ]
  }
},
{
  "type": "Feature",
  "id": "way/1434248967",
  "properties": {
    "timestamp": "2025-09-30T03:24:35Z",
    "version": "2",
    "changeset": "172639812",
    "user": "TecNM campus Minatitlán",
    "uid": "23257776",
    "addr:city": "Minatitlán",
    "addr:postcode": "96848",
    "addr:state": "Ver",
    "addr:street": "Boulevard Instituto Tecnológico (Carretera Transístmica)",
    "building": "school",
    "building:levels": "1",
    "height": "3.5",
    "name": "Edificio ACA",
    "id": "way/1434248967"
  },
  "geometry": {
    "type": "Polygon",
    "coordinates": [
      [
        [
          -94.556034,
          18.0050135
        ],
        [
          -94.5560323,
          18.0048992
        ],
        [
          -94.5557528,
          18.0048987
        ],
        [
          -94.5557564,
          18.0050116
        ],
        [
          -94.5558712,
          18.0050124
        ],
        [
          -94.556034,
          18.0050135
        ]
      ]
    ]
  }
},
{
  "type": "Feature",
  "id": "way/1434248970",
  "properties": {
    "timestamp": "2025-09-30T02:40:57Z",
    "version": "1",
    "changeset": "172639095",
    "user": "TecNM campus Minatitlán",
    "uid": "23257776",
    "addr:city": "Minatitlán",
    "addr:postcode": "96848",
    "addr:state": "Ver",
    "addr:street": "Boulevard Instituto Tecnológico (Carretera Transístmica)",
    "building": "school",
    "building:levels": "1",
    "height": "3",
    "name": "Edificio B",
    "id": "way/1434248970"
  },
  "geometry": {
    "type": "Polygon",
    "coordinates": [
      [
        [
          -94.5558462,
          18.0054933
        ],
        [
          -94.5558476,
          18.0053907
        ],
        [
          -94.5558453,
          18.0053718
        ],
        [
          -94.5554402,
          18.0053718
        ],
        [
          -94.555439,
          18.0054917
        ],
        [
          -94.5558462,
          18.0054933
        ]
      ]
    ]
  }
},
{
  "type": "Feature",
  "id": "way/1434248973",
  "properties": {
    "timestamp": "2025-09-30T03:24:35Z",
    "version": "2",
    "changeset": "172639812",
    "user": "TecNM campus Minatitlán",
    "uid": "23257776",
    "addr:city": "Minatitlán",
    "addr:postcode": "96848",
    "addr:state": "Ver",
    "addr:street": "Avenida Tecnológico",
    "building": "school",
    "height": "3",
    "layer": "1",
    "name": "Edificio LQG",
    "id": "way/1434248973"
  },
  "geometry": {
    "type": "Polygon",
    "coordinates": [
      [
        [
          -94.5563064,
          18.0057811
        ],
        [
          -94.5563064,
          18.0056536
        ],
        [
          -94.5562385,
          18.0056535
        ],
        [
          -94.5558391,
          18.0056532
        ],
        [
          -94.5558398,
          18.0057803
        ],
        [
          -94.5563064,
          18.0057811
        ]
      ]
    ]
  }
},
{
  "type": "Feature",
  "id": "way/1434260880",
  "properties": {
    "timestamp": "2025-09-30T15:11:48Z",
    "version": "2",
    "changeset": "172665393",
    "user": "TecNM campus Minatitlán",
    "uid": "23257776",
    "addr:city": "Minatitlán",
    "addr:postcode": "96848",
    "addr:state": "Ver",
    "addr:street": "Boulevard Instituto Tecnológico (Carretera Transístmica)",
    "building": "college",
    "building:levels": "2",
    "height": "6",
    "name": "Edificio SUM",
    "id": "way/1434260880"
  },
  "geometry": {
    "type": "Polygon",
    "coordinates": [
      [
        [
          -94.555478,
          18.0062692
        ],
        [
          -94.5554759,
          18.005811
        ],
        [
          -94.5552056,
          18.0058071
        ],
        [
          -94.5552068,
          18.0058779
        ],
        [
          -94.5552137,
          18.0062672
        ],
        [
          -94.555478,
          18.0062692
        ]
      ]
    ]
  }
},
{
  "type": "Feature",
  "id": "way/1434260881",
  "properties": {
    "timestamp": "2025-09-30T03:24:35Z",
    "version": "1",
    "changeset": "172639812",
    "user": "TecNM campus Minatitlán",
    "uid": "23257776",
    "addr:city": "Minatitlán",
    "addr:postcode": "96848",
    "addr:state": "Ver",
    "addr:street": "Boulevard Instituto Tecnológico (Carretera Transístmica)",
    "building": "college",
    "building:levels": "1",
    "height": "3",
    "name": "Edificio C",
    "id": "way/1434260881"
  },
  "geometry": {
    "type": "Polygon",
    "coordinates": [
      [
        [
          -94.5566966,
          18.0053413
        ],
        [
          -94.5566954,
          18.0052269
        ],
        [
          -94.5561922,
          18.0052302
        ],
        [
          -94.5561946,
          18.0053402
        ],
        [
          -94.5566966,
          18.0053413
        ]
      ]
    ]
  }
},
{
  "type": "Feature",
  "id": "way/1434394328",
  "properties": {
    "timestamp": "2025-09-30T15:11:48Z",
    "version": "1",
    "changeset": "172665393",
    "user": "TecNM campus Minatitlán",
    "uid": "23257776",
    "addr:city": "Minatitlán",
    "addr:postcode": "96848",
    "addr:state": "Ver",
    "addr:street": "Boulevard Instituto Tecnológico (Carretera Transístmica)",
    "building": "college",
    "building:levels": "1",
    "height": "3",
    "layer": "1",
    "name": "Edificio A",
    "id": "way/1434394328"
  },
  "geometry": {
    "type": "Polygon",
    "coordinates": [
      [
        [
          -94.5555573,
          18.0056988
        ],
        [
          -94.5555583,
          18.0056304
        ],
        [
          -94.5555573,
          18.0055845
        ],
        [
          -94.5552133,
          18.0055815
        ],
        [
          -94.5552163,
          18.0056988
        ],
        [
          -94.5555573,
          18.0056988
        ]
      ]
    ]
  }
},
{
  "type": "Feature",
  "id": "way/1434394332",
  "properties": {
    "timestamp": "2025-09-30T15:11:48Z",
    "version": "1",
    "changeset": "172665393",
    "user": "TecNM campus Minatitlán",
    "uid": "23257776",
    "addr:city": "Minatitlán",
    "addr:neighbourhood": "Buena Vista Norte",
    "addr:postcode": "96848",
    "addr:state": "Ver",
    "addr:street": "Boulevard Instituto Tecnológico (Carretera Transístmica)",
    "amenity": "research_institute",
    "internet_access": "yes",
    "internet_access:fee": "customers",
    "name": "Edificio LIQP",
    "operator": "Practicas de Ingenieria Quimica y Ambiental",
    "operator:type": "university",
    "id": "way/1434394332"
  },
  "geometry": {
    "type": "Polygon",
    "coordinates": [
      [
        [
          -94.5550525,
          18.0059049
        ],
        [
          -94.5550539,
          18.0057399
        ],
        [
          -94.5547896,
          18.0057388
        ],
        [
          -94.5547898,
          18.0059033
        ],
        [
          -94.5550525,
          18.0059049
        ]
      ]
    ]
  }
},
{
  "type": "Feature",
  "id": "way/1434394333",
  "properties": {
    "timestamp": "2025-09-30T15:11:48Z",
    "version": "1",
    "changeset": "172665393",
    "user": "TecNM campus Minatitlán",
    "uid": "23257776",
    "addr:city": "Minatitlán",
    "addr:postcode": "96848",
    "addr:state": "Ver",
    "addr:street": "Boulevard Instituto Tecnológico (Carretera Transístmica)",
    "building": "college",
    "building:levels": "2",
    "height": "6",
    "name": "Edificio H",
    "id": "way/1434394333"
  },
  "geometry": {
    "type": "Polygon",
    "coordinates": [
      [
        [
          -94.5573975,
          18.0061736
        ],
        [
          -94.5570018,
          18.0061736
        ],
        [
          -94.5570072,
          18.0063076
        ],
        [
          -94.5573338,
          18.0063066
        ],
        [
          -94.5573989,
          18.0063063
        ],
        [
          -94.5573975,
          18.0061736
        ]
      ]
    ]
  }
},
{
  "type": "Feature",
  "id": "way/1434402989",
  "properties": {
    "timestamp": "2025-09-30T15:53:11Z",
    "version": "1",
    "changeset": "172667502",
    "user": "TecNM campus Minatitlán",
    "uid": "23257776",
    "addr:city": "Minatitlán",
    "addr:postcode": "96848",
    "addr:state": "Ver",
    "addr:street": "Boulevard Instituto Tecnológico (Carretera Transístmica)",
    "building": "college",
    "building:levels": "2",
    "height": "8",
    "name": "Edificio LISC",
    "id": "way/1434402989"
  },
  "geometry": {
    "type": "Polygon",
    "coordinates": [
      [
        [
          -94.557373,
          18.0066005
        ],
        [
          -94.5576182,
          18.0066023
        ],
        [
          -94.5576191,
          18.0063664
        ],
        [
          -94.557373,
          18.0063636
        ],
        [
          -94.557373,
          18.0066005
        ]
      ]
    ]
  }
},
{
  "type": "Feature",
  "id": "way/1434402994",
  "properties": {
    "timestamp": "2025-09-30T15:53:11Z",
    "version": "1",
    "changeset": "172667502",
    "user": "TecNM campus Minatitlán",
    "uid": "23257776",
    "addr:city": "Minatitlán",
    "addr:postcode": "96848",
    "addr:state": "Ver",
    "addr:street": "Boulevard Instituto Tecnológico (Carretera Transístmica)",
    "building": "college",
    "building:levels": "2",
    "height": "6",
    "layer": "1",
    "name": "Edificio F",
    "id": "way/1434402994"
  },
  "geometry": {
    "type": "Polygon",
    "coordinates": [
      [
        [
          -94.5568296,
          18.0058388
        ],
        [
          -94.5568282,
          18.0057315
        ],
        [
          -94.5564196,
          18.0057289
        ],
        [
          -94.5564196,
          18.0058375
        ],
        [
          -94.5568296,
          18.0058388
        ]
      ]
    ]
  }
},
{
  "type": "Feature",
  "id": "way/1434402995",
  "properties": {
    "timestamp": "2025-09-30T15:53:11Z",
    "version": "1",
    "changeset": "172667502",
    "user": "TecNM campus Minatitlán",
    "uid": "23257776",
    "addr:city": "Minatitlán",
    "addr:postcode": "96848",
    "addr:state": "Ver",
    "addr:street": "Boulevard Instituto Tecnológico (Carretera Transístmica)",
    "building": "college",
    "building:levels": "1",
    "height": "3",
    "name": "Edificio G - Departamento De Ingenieria Electronica",
    "id": "way/1434402995"
  },
  "geometry": {
    "type": "Polygon",
    "coordinates": [
      [
        [
          -94.5569493,
          18.0061332
        ],
        [
          -94.5572895,
          18.0061309
        ],
        [
          -94.5572823,
          18.0058336
        ],
        [
          -94.5569446,
          18.0058324
        ],
        [
          -94.5569458,
          18.0059532
        ],
        [
          -94.5570691,
          18.0059543
        ],
        [
          -94.5570691,
          18.0060193
        ],
        [
          -94.5569493,
          18.0060204
        ],
        [
          -94.5569493,
          18.0061332
        ]
      ]
    ]
  }
},
{
  "type": "Feature",
  "id": "way/1434933633",
  "properties": {
    "timestamp": "2025-10-02T20:01:16Z",
    "version": "1",
    "changeset": "172764439",
    "user": "Angel H Cervantes",
    "uid": "23254573",
    "leisure": "park",
    "id": "way/1434933633"
  },
  "geometry": {
    "type": "Polygon",
    "coordinates": [
      [
        [
          -94.5556692,
          18.0053083
        ],
        [
          -94.5556746,
          18.0050957
        ],
        [
          -94.5554582,
          18.0050974
        ],
        [
          -94.5554672,
          18.0053066
        ],
        [
          -94.5556692,
          18.0053083
        ]
      ]
    ]
  }
},
{
  "type": "Feature",
  "id": "way/1434933634",
  "properties": {
    "timestamp": "2025-10-02T20:01:16Z",
    "version": "1",
    "changeset": "172764439",
    "user": "Angel H Cervantes",
    "uid": "23254573",
    "leisure": "pitch",
    "sport": "volleyball",
    "id": "way/1434933634"
  },
  "geometry": {
    "type": "Polygon",
    "coordinates": [
      [
        [
          -94.5561237,
          18.0064253
        ],
        [
          -94.556129,
          18.0061753
        ],
        [
          -94.5559645,
          18.0061787
        ],
        [
          -94.5559691,
          18.0064241
        ],
        [
          -94.5561237,
          18.0064253
        ]
      ]
    ]
  }
},
{
  "type": "Feature",
  "id": "way/1434933635",
  "properties": {
    "timestamp": "2025-10-02T20:01:16Z",
    "version": "1",
    "changeset": "172764439",
    "user": "Angel H Cervantes",
    "uid": "23254573",
    "leisure": "pitch",
    "sport": "basketball",
    "id": "way/1434933635"
  },
  "geometry": {
    "type": "Polygon",
    "coordinates": [
      [
        [
          -94.5562328,
          18.0064185
        ],
        [
          -94.5563794,
          18.0064219
        ],
        [
          -94.5563811,
          18.0061879
        ],
        [
          -94.5562293,
          18.0061856
        ],
        [
          -94.5562328,
          18.0064185
        ]
      ]
    ]
  }
},
{
  "type": "Feature",
  "id": "way/1436001010",
  "properties": {
    "timestamp": "2025-10-06T20:55:22Z",
    "version": "1",
    "changeset": "172933602",
    "user": "Angel H Cervantes",
    "uid": "23254573",
    "building": "school",
    "id": "way/1436001010"
  },
  "geometry": {
    "type": "Polygon",
    "coordinates": [
      [
        [
          -94.5576988,
          18.0073088
        ],
        [
          -94.5577006,
          18.0070691
        ],
        [
          -94.5572535,
          18.0070623
        ],
        [
          -94.5572678,
          18.0073003
        ],
        [
          -94.5576988,
          18.0073088
        ]
      ]
    ]
  }
},
{
  "type": "Feature",
  "id": "way/1436001011",
  "properties": {
    "timestamp": "2025-10-06T20:55:22Z",
    "version": "1",
    "changeset": "172933602",
    "user": "Angel H Cervantes",
    "uid": "23254573",
    "building": "school",
    "id": "way/1436001011"
  },
  "geometry": {
    "type": "Polygon",
    "coordinates": [
      [
        [
          -94.5576326,
          18.0069959
        ],
        [
          -94.5576362,
          18.0068752
        ],
        [
          -94.5573018,
          18.0068735
        ],
        [
          -94.5573054,
          18.0069959
        ],
        [
          -94.5576326,
          18.0069959
        ]
      ]
    ]
  }
},
{
  "type": "Feature",
  "id": "way/1436001012",
  "properties": {
    "timestamp": "2025-10-06T20:55:22Z",
    "version": "1",
    "changeset": "172933602",
    "user": "Angel H Cervantes",
    "uid": "23254573",
    "building": "school",
    "id": "way/1436001012"
  },
  "geometry": {
    "type": "Polygon",
    "coordinates": [
      [
        [
          -94.5565311,
          18.0068786
        ],
        [
          -94.5565383,
          18.006984
        ],
        [
          -94.5569853,
          18.0069857
        ],
        [
          -94.5569853,
          18.0068735
        ],
        [
          -94.5565311,
          18.0068786
        ]
      ]
    ]
  }
},
{
  "type": "Feature",
  "id": "way/1436001013",
  "properties": {
    "timestamp": "2025-10-06T20:55:22Z",
    "version": "1",
    "changeset": "172933602",
    "user": "Angel H Cervantes",
    "uid": "23254573",
    "building": "school",
    "id": "way/1436001013"
  },
  "geometry": {
    "type": "Polygon",
    "coordinates": [
      [
        [
          -94.5568315,
          18.0067579
        ],
        [
          -94.5568315,
          18.006649
        ],
        [
          -94.5564721,
          18.0066439
        ],
        [
          -94.5564739,
          18.0067579
        ],
        [
          -94.5568315,
          18.0067579
        ]
      ]
    ]
  }
},
{
  "type": "Feature",
  "id": "way/1436001014",
  "properties": {
    "timestamp": "2025-10-06T20:55:22Z",
    "version": "1",
    "changeset": "172933602",
    "user": "Angel H Cervantes",
    "uid": "23254573",
    "building": "school",
    "id": "way/1436001014"
  },
  "geometry": {
    "type": "Polygon",
    "coordinates": [
      [
        [
          -94.5568409,
          18.0064851
        ],
        [
          -94.5568302,
          18.006196
        ],
        [
          -94.5565334,
          18.006208
        ],
        [
          -94.5565423,
          18.0064766
        ],
        [
          -94.5568409,
          18.0064851
        ]
      ]
    ]
  }
},
{
  "type": "Feature",
  "id": "way/1436001015",
  "properties": {
    "timestamp": "2025-10-06T20:55:22Z",
    "version": "1",
    "changeset": "172933602",
    "user": "Angel H Cervantes",
    "uid": "23254573",
    "building": "school",
    "id": "way/1436001015"
  },
  "geometry": {
    "type": "Polygon",
    "coordinates": [
      [
        [
          -94.5563438,
          18.0067164
        ],
        [
          -94.5563367,
          18.0066025
        ],
        [
          -94.5561579,
          18.0065906
        ],
        [
          -94.5561596,
          18.0067096
        ],
        [
          -94.5563438,
          18.0067164
        ]
      ]
    ]
  }
},
{
  "type": "Feature",
  "id": "way/1436001016",
  "properties": {
    "timestamp": "2025-10-06T20:55:22Z",
    "version": "1",
    "changeset": "172933602",
    "user": "Angel H Cervantes",
    "uid": "23254573",
    "amenity": "fast_food",
    "building": "yes",
    "fast_food": "cafeteria",
    "id": "way/1436001016"
  },
  "geometry": {
    "type": "Polygon",
    "coordinates": [
      [
        [
          -94.5560917,
          18.0067062
        ],
        [
          -94.5560828,
          18.0065719
        ],
        [
          -94.5559737,
          18.0065702
        ],
        [
          -94.5559826,
          18.0067062
        ],
        [
          -94.5560917,
          18.0067062
        ]
      ]
    ]
  }
},
{
  "type": "Feature",
  "id": "way/1436001017",
  "properties": {
    "timestamp": "2025-10-06T20:55:22Z",
    "version": "1",
    "changeset": "172933602",
    "user": "Angel H Cervantes",
    "uid": "23254573",
    "building": "school",
    "id": "way/1436001017"
  },
  "geometry": {
    "type": "Polygon",
    "coordinates": [
      [
        [
          -94.5560792,
          18.0065566
        ],
        [
          -94.5560792,
          18.0064443
        ],
        [
          -94.5558342,
          18.0064426
        ],
        [
          -94.5558396,
          18.0065583
        ],
        [
          -94.5560792,
          18.0065566
        ]
      ]
    ]
  }
},
{
  "type": "Feature",
  "id": "way/1436001018",
  "properties": {
    "timestamp": "2025-10-06T20:55:22Z",
    "version": "1",
    "changeset": "172933602",
    "user": "Angel H Cervantes",
    "uid": "23254573",
    "building": "school",
    "id": "way/1436001018"
  },
  "geometry": {
    "type": "Polygon",
    "coordinates": [
      [
        [
          -94.5558521,
          18.0064103
        ],
        [
          -94.5558485,
          18.006162
        ],
        [
          -94.5555928,
          18.006162
        ],
        [
          -94.5555928,
          18.0064154
        ],
        [
          -94.5558521,
          18.0064103
        ]
      ]
    ]
  }
},
{
  "type": "Feature",
  "id": "way/1436001019",
  "properties": {
    "timestamp": "2025-10-06T20:55:22Z",
    "version": "1",
    "changeset": "172933602",
    "user": "Angel H Cervantes",
    "uid": "23254573",
    "building": "school",
    "id": "way/1436001019"
  },
  "geometry": {
    "type": "Polygon",
    "coordinates": [
      [
        [
          -94.5564279,
          18.0060787
        ],
        [
          -94.5564207,
          18.0059614
        ],
        [
          -94.5560381,
          18.0059563
        ],
        [
          -94.556047,
          18.0060753
        ],
        [
          -94.5564279,
          18.0060787
        ]
      ]
    ]
  }
},
{
  "type": "Feature",
  "id": "way/1436001020",
  "properties": {
    "timestamp": "2025-10-06T20:55:22Z",
    "version": "1",
    "changeset": "172933602",
    "user": "Angel H Cervantes",
    "uid": "23254573",
    "building": "school",
    "layer": "1",
    "id": "way/1436001020"
  },
  "geometry": {
    "type": "Polygon",
    "coordinates": [
      [
        [
          -94.5560184,
          18.0059971
        ],
        [
          -94.5560166,
          18.0058933
        ],
        [
          -94.5556017,
          18.0058933
        ],
        [
          -94.5556125,
          18.0060022
        ],
        [
          -94.5560184,
          18.0059971
        ]
      ]
    ]
  }
},
{
  "type": "Feature",
  "id": "way/1436001021",
  "properties": {
    "timestamp": "2025-10-06T20:55:22Z",
    "version": "1",
    "changeset": "172933602",
    "user": "Angel H Cervantes",
    "uid": "23254573",
    "building": "school",
    "id": "way/1436001021"
  },
  "geometry": {
    "type": "Polygon",
    "coordinates": [
      [
        [
          -94.5565244,
          18.0055634
        ],
        [
          -94.556528,
          18.0054784
        ],
        [
          -94.5561436,
          18.0054699
        ],
        [
          -94.5561453,
          18.0055566
        ],
        [
          -94.5565244,
          18.0055634
        ]
      ]
    ]
  }
},
{
  "type": "Feature",
  "id": "way/1436001022",
  "properties": {
    "timestamp": "2025-10-06T20:55:22Z",
    "version": "1",
    "changeset": "172933602",
    "user": "Angel H Cervantes",
    "uid": "23254573",
    "building": "school",
    "id": "way/1436001022"
  },
  "geometry": {
    "type": "Polygon",
    "coordinates": [
      [
        [
          -94.5566568,
          18.0056247
        ],
        [
          -94.5569786,
          18.0056281
        ],
        [
          -94.5569822,
          18.0055056
        ],
        [
          -94.556655,
          18.0055039
        ],
        [
          -94.5566568,
          18.0056247
        ]
      ]
    ]
  }
},
{
  "type": "Feature",
  "id": "way/1436001023",
  "properties": {
    "timestamp": "2025-10-06T20:55:22Z",
    "version": "1",
    "changeset": "172933602",
    "user": "Angel H Cervantes",
    "uid": "23254573",
    "building": "school",
    "id": "way/1436001023"
  },
  "geometry": {
    "type": "Polygon",
    "coordinates": [
      [
        [
          -94.5572772,
          18.0056995
        ],
        [
          -94.5572665,
          18.0055481
        ],
        [
          -94.5570037,
          18.0054988
        ],
        [
          -94.5570001,
          18.0057046
        ],
        [
          -94.5572772,
          18.0056995
        ]
      ]
    ]
  }
},
{
  "type": "Feature",
  "id": "way/1436001024",
  "properties": {
    "timestamp": "2025-10-06T20:55:22Z",
    "version": "1",
    "changeset": "172933602",
    "user": "Angel H Cervantes",
    "uid": "23254573",
    "building": "school",
    "id": "way/1436001024"
  },
  "geometry": {
    "type": "Polygon",
    "coordinates": [
      [
        [
          -94.5569321,
          18.0054614
        ],
        [
          -94.5569214,
          18.0053594
        ],
        [
          -94.5566925,
          18.0053628
        ],
        [
          -94.5567032,
          18.0054648
        ],
        [
          -94.5569321,
          18.0054614
        ]
      ]
    ]
  }
},
{
  "type": "Feature",
  "id": "way/1436001025",
  "properties": {
    "timestamp": "2025-10-06T20:55:22Z",
    "version": "1",
    "changeset": "172933602",
    "user": "Angel H Cervantes",
    "uid": "23254573",
    "amenity": "cafe",
    "building": "yes",
    "id": "way/1436001025"
  },
  "geometry": {
    "type": "Polygon",
    "coordinates": [
      [
        [
          -94.5572343,
          18.0065498
        ],
        [
          -94.5572272,
          18.0063576
        ],
        [
          -94.5570144,
          18.0063525
        ],
        [
          -94.5570144,
          18.0065481
        ],
        [
          -94.5572343,
          18.0065498
        ]
      ]
    ]
  }
},
{
  "type": "Feature",
  "id": "way/1436001026",
  "properties": {
    "timestamp": "2025-10-06T20:55:22Z",
    "version": "1",
    "changeset": "172933602",
    "user": "Angel H Cervantes",
    "uid": "23254573",
    "building": "school",
    "id": "way/1436001026"
  },
  "geometry": {
    "type": "Polygon",
    "coordinates": [
      [
        [
          -94.5573488,
          18.0066518
        ],
        [
          -94.557347,
          18.0067572
        ],
        [
          -94.557676,
          18.0067657
        ],
        [
          -94.5576742,
          18.0066552
        ],
        [
          -94.5573488,
          18.0066518
        ]
      ]
    ]
  }
},
{
  "type": "Feature",
  "id": "way/1436001027",
  "properties": {
    "timestamp": "2025-10-06T20:55:22Z",
    "version": "1",
    "changeset": "172933602",
    "user": "Angel H Cervantes",
    "uid": "23254573",
    "power": "generator",
    "id": "way/1436001027"
  },
  "geometry": {
    "type": "Polygon",
    "coordinates": [
      [
        [
          -94.557136,
          18.0067028
        ],
        [
          -94.557136,
          18.0066178
        ],
        [
          -94.5570126,
          18.0066178
        ],
        [
          -94.5570036,
          18.0067045
        ],
        [
          -94.557136,
          18.0067028
        ]
      ]
    ]
  }
},
{
  "type": "Feature",
  "id": "way/1442232408",
  "properties": {
    "timestamp": "2025-10-14T21:24:17Z",
    "version": "1",
    "changeset": "173294474",
    "user": "AndresSM30",
    "uid": "23279192",
    "leisure": "sports_centre",
    "name": "Domo",
    "id": "way/1442232408"
  },
  "geometry": {
    "type": "Polygon",
    "coordinates": [
      [
        [
          -94.5579386,
          18.0061735
        ],
        [
          -94.5579752,
          18.0059629
        ],
        [
          -94.5574922,
          18.0058655
        ],
        [
          -94.5575251,
          18.0061735
        ],
        [
          -94.5579386,
          18.0061735
        ]
      ]
    ]
  }
},
{
  "type": "Feature",
  "id": "way/113715653",
  "properties": {
    "timestamp": "2021-01-06T21:46:53Z",
    "version": "3",
    "changeset": "97072675",
    "user": "127logs",
    "uid": "9633823",
    "highway": "residential",
    "name": "Calle Agustín de Iturbide",
    "id": "way/113715653"
  },
  "geometry": {
    "type": "LineString",
    "coordinates": [
      [
        -94.5555851,
        18.0044292
      ],
      [
        -94.5550291,
        18.004078
      ],
      [
        -94.5540129,
        18.0034363
      ],
      [
        -94.5535244,
        18.0031278
      ],
      [
        -94.5524753,
        18.0024757
      ],
      [
        -94.5519304,
        18.0021198
      ]
    ]
  }
},
{
  "type": "Feature",
  "id": "way/113715664",
  "properties": {
    "timestamp": "2021-01-06T21:46:53Z",
    "version": "3",
    "changeset": "97072675",
    "user": "127logs",
    "uid": "9633823",
    "highway": "residential",
    "name": "Calle Alameda",
    "id": "way/113715664"
  },
  "geometry": {
    "type": "LineString",
    "coordinates": [
      [
        -94.5521138,
        18.0042018
      ],
      [
        -94.5526974,
        18.003382
      ]
    ]
  }
},
{
  "type": "Feature",
  "id": "way/113715720",
  "properties": {
    "timestamp": "2021-01-06T21:13:49Z",
    "version": "4",
    "changeset": "97071771",
    "user": "127logs",
    "uid": "9633823",
    "highway": "residential",
    "name": "Calle Ignacio Zaragoza",
    "id": "way/113715720"
  },
  "geometry": {
    "type": "LineString",
    "coordinates": [
      [
        -94.5545331,
        18.0055281
      ],
      [
        -94.5538636,
        18.005161
      ],
      [
        -94.5533111,
        18.0048581
      ],
      [
        -94.553108,
        18.0047468
      ],
      [
        -94.5525936,
        18.0044648
      ],
      [
        -94.5521138,
        18.0042018
      ],
      [
        -94.5515367,
        18.003886
      ]
    ]
  }
},
{
  "type": "Feature",
  "id": "way/117839028",
  "properties": {
    "timestamp": "2021-01-06T21:34:28Z",
    "version": "3",
    "changeset": "97072337",
    "user": "127logs",
    "uid": "9633823",
    "highway": "residential",
    "name": "Calle 5 de mayo",
    "id": "way/117839028"
  },
  "geometry": {
    "type": "LineString",
    "coordinates": [
      [
        -94.5568991,
        18.0044849
      ],
      [
        -94.5563899,
        18.0041795
      ],
      [
        -94.5561625,
        18.0040431
      ]
    ]
  }
},
{
  "type": "Feature",
  "id": "way/117839049",
  "properties": {
    "timestamp": "2021-01-06T21:24:46Z",
    "version": "4",
    "changeset": "97072066",
    "user": "127logs",
    "uid": "9633823",
    "highway": "residential",
    "name": "Callejón Los Pinos",
    "id": "way/117839049"
  },
  "geometry": {
    "type": "LineString",
    "coordinates": [
      [
        -94.5583444,
        18.0049504
      ],
      [
        -94.558093,
        18.0052314
      ],
      [
        -94.5576961,
        18.0056751
      ]
    ]
  }
},
{
  "type": "Feature",
  "id": "way/117839080",
  "properties": {
    "timestamp": "2021-01-06T21:24:46Z",
    "version": "4",
    "changeset": "97072066",
    "user": "127logs",
    "uid": "9633823",
    "highway": "residential",
    "name": "Calle Miguel Hidalgo",
    "id": "way/117839080"
  },
  "geometry": {
    "type": "LineString",
    "coordinates": [
      [
        -94.5585687,
        18.0061723
      ],
      [
        -94.558897,
        18.0058172
      ],
      [
        -94.5592428,
        18.0054433
      ]
    ]
  }
},
{
  "type": "Feature",
  "id": "way/117839260",
  "properties": {
    "timestamp": "2021-01-06T21:20:09Z",
    "version": "3",
    "changeset": "97071936",
    "user": "127logs",
    "uid": "9633823",
    "highway": "residential",
    "name": "Calle Emiliano Zapata",
    "id": "way/117839260"
  },
  "geometry": {
    "type": "LineString",
    "coordinates": [
      [
        -94.5579828,
        18.0034908
      ],
      [
        -94.557825,
        18.0036355
      ],
      [
        -94.5577225,
        18.0037294
      ],
      [
        -94.5571221,
        18.0042796
      ],
      [
        -94.5568991,
        18.0044849
      ],
      [
        -94.5564052,
        18.0049397
      ]
    ]
  }
},
{
  "type": "Feature",
  "id": "way/117839370",
  "properties": {
    "timestamp": "2021-01-06T21:24:46Z",
    "version": "6",
    "changeset": "97072066",
    "user": "127logs",
    "uid": "9633823",
    "highway": "residential",
    "name": "Calle 21 de Marzo",
    "id": "way/117839370"
  },
  "geometry": {
    "type": "LineString",
    "coordinates": [
      [
        -94.5556919,
        18.0045333
      ],
      [
        -94.5560307,
        18.0047263
      ],
      [
        -94.5564052,
        18.0049397
      ],
      [
        -94.5576961,
        18.0056751
      ],
      [
        -94.5585286,
        18.0061494
      ],
      [
        -94.5585687,
        18.0061723
      ],
      [
        -94.5594246,
        18.0066811
      ],
      [
        -94.5603585,
        18.0071919
      ],
      [
        -94.5612627,
        18.0077223
      ]
    ]
  }
},
{
  "type": "Feature",
  "id": "way/117839371",
  "properties": {
    "timestamp": "2021-01-06T21:17:31Z",
    "version": "7",
    "changeset": "97071858",
    "user": "127logs",
    "uid": "9633823",
    "highway": "residential",
    "name": "Avenida Tecnológico",
    "id": "way/117839371"
  },
  "geometry": {
    "type": "LineString",
    "coordinates": [
      [
        -94.5543401,
        18.0059411
      ],
      [
        -94.5550212,
        18.0063173
      ],
      [
        -94.5555474,
        18.0066079
      ],
      [
        -94.5561315,
        18.0069305
      ],
      [
        -94.5565033,
        18.0071364
      ],
      [
        -94.55665,
        18.0072176
      ],
      [
        -94.5574177,
        18.0076408
      ],
      [
        -94.5585416,
        18.0082615
      ],
      [
        -94.5595939,
        18.0088427
      ]
    ]
  }
},
{
  "type": "Feature",
  "id": "way/117839408",
  "properties": {
    "timestamp": "2021-01-06T20:39:09Z",
    "version": "8",
    "changeset": "97070625",
    "user": "127logs",
    "uid": "9633823",
    "highway": "residential",
    "name": "Calle Ignacio Allende",
    "id": "way/117839408"
  },
  "geometry": {
    "type": "LineString",
    "coordinates": [
      [
        -94.5538255,
        18.0077474
      ],
      [
        -94.5541064,
        18.0078783
      ],
      [
        -94.5548268,
        18.0084355
      ],
      [
        -94.5557342,
        18.0092327
      ],
      [
        -94.5558064,
        18.0093035
      ],
      [
        -94.5567008,
        18.0100818
      ],
      [
        -94.5576287,
        18.010897
      ],
      [
        -94.5576887,
        18.0109498
      ],
      [
        -94.5585971,
        18.0117506
      ],
      [
        -94.5596247,
        18.0126502
      ],
      [
        -94.5607168,
        18.0136095
      ]
    ]
  }
},
{
  "type": "Feature",
  "id": "way/616782774",
  "properties": {
    "timestamp": "2021-01-06T20:39:09Z",
    "version": "3",
    "changeset": "97070625",
    "user": "127logs",
    "uid": "9633823",
    "highway": "residential",
    "name": "Calle Isaac Newton",
    "id": "way/616782774"
  },
  "geometry": {
    "type": "LineString",
    "coordinates": [
      [
        -94.5555221,
        18.0079075
      ],
      [
        -94.5551949,
        18.0077377
      ],
      [
        -94.5548135,
        18.0074502
      ],
      [
        -94.5542767,
        18.0071038
      ],
      [
        -94.5536266,
        18.0066843
      ]
    ]
  }
},
{
  "type": "Feature",
  "id": "way/616782775",
  "properties": {
    "timestamp": "2021-01-06T20:39:09Z",
    "version": "3",
    "changeset": "97070625",
    "user": "127logs",
    "uid": "9633823",
    "highway": "residential",
    "name": "Calle Linus Pawling",
    "id": "way/616782775"
  },
  "geometry": {
    "type": "LineString",
    "coordinates": [
      [
        -94.5561315,
        18.0069305
      ],
      [
        -94.5555221,
        18.0079075
      ],
      [
        -94.5553498,
        18.0081949
      ],
      [
        -94.5553234,
        18.0082217
      ],
      [
        -94.555276,
        18.0082255
      ],
      [
        -94.5551513,
        18.0081579
      ],
      [
        -94.5551142,
        18.0081488
      ]
    ]
  }
},
{
  "type": "Feature",
  "id": "way/616782777",
  "properties": {
    "timestamp": "2021-01-06T21:17:31Z",
    "version": "3",
    "changeset": "97071858",
    "user": "127logs",
    "uid": "9633823",
    "alt_name": "Calle Alfred Nobel",
    "highway": "residential",
    "name": "Alfred novel",
    "id": "way/616782777"
  },
  "geometry": {
    "type": "LineString",
    "coordinates": [
      [
        -94.5548135,
        18.0074502
      ],
      [
        -94.5553377,
        18.0068506
      ],
      [
        -94.5555474,
        18.0066079
      ]
    ]
  }
},
{
  "type": "Feature",
  "id": "way/616782778",
  "properties": {
    "timestamp": "2021-01-06T20:23:43Z",
    "version": "2",
    "changeset": "97070127",
    "user": "127logs",
    "uid": "9633823",
    "highway": "residential",
    "name": "Calle Albert Einstein",
    "id": "way/616782778"
  },
  "geometry": {
    "type": "LineString",
    "coordinates": [
      [
        -94.5550212,
        18.0063173
      ],
      [
        -94.5542767,
        18.0071038
      ],
      [
        -94.5538429,
        18.0075115
      ]
    ]
  }
},
{
  "type": "Feature",
  "id": "way/616784108",
  "properties": {
    "timestamp": "2021-01-06T20:46:24Z",
    "version": "4",
    "changeset": "97070845",
    "user": "127logs",
    "uid": "9633823",
    "highway": "residential",
    "name": "Calle Lasser",
    "id": "way/616784108"
  },
  "geometry": {
    "type": "LineString",
    "coordinates": [
      [
        -94.5574177,
        18.0076408
      ],
      [
        -94.5572173,
        18.0083966
      ],
      [
        -94.5571585,
        18.0086186
      ]
    ]
  }
},
{
  "type": "Feature",
  "id": "way/616784110",
  "properties": {
    "timestamp": "2021-01-06T21:34:28Z",
    "version": "3",
    "changeset": "97072337",
    "user": "127logs",
    "uid": "9633823",
    "alt_name": "Calle Cándido Aguilar",
    "highway": "path",
    "name": "Candido perez",
    "id": "way/616784110"
  },
  "geometry": {
    "type": "LineString",
    "coordinates": [
      [
        -94.5591276,
        18.0045494
      ],
      [
        -94.5587924,
        18.0043143
      ],
      [
        -94.5583703,
        18.004018
      ]
    ]
  }
},
{
  "type": "Feature",
  "id": "way/616784111",
  "properties": {
    "timestamp": "2018-08-13T21:44:26Z",
    "version": "1",
    "changeset": "61639902",
    "user": "Guillermo Larios Barrios",
    "uid": "7620588",
    "highway": "residential",
    "name": "El roble",
    "id": "way/616784111"
  },
  "geometry": {
    "type": "LineString",
    "coordinates": [
      [
        -94.5587924,
        18.0043143
      ],
      [
        -94.5583444,
        18.0049504
      ]
    ]
  }
},
{
  "type": "Feature",
  "id": "way/616784112",
  "properties": {
    "timestamp": "2021-01-06T21:34:28Z",
    "version": "2",
    "changeset": "97072337",
    "user": "127logs",
    "uid": "9633823",
    "alt_name": "Calle Los Almendros",
    "highway": "residential",
    "name": "Los robles",
    "id": "way/616784112"
  },
  "geometry": {
    "type": "LineString",
    "coordinates": [
      [
        -94.5583703,
        18.004018
      ],
      [
        -94.5583005,
        18.0041521
      ],
      [
        -94.5581948,
        18.0043574
      ],
      [
        -94.5579806,
        18.0047507
      ]
    ]
  }
},
{
  "type": "Feature",
  "id": "way/674485362",
  "properties": {
    "timestamp": "2021-01-06T21:53:51Z",
    "version": "2",
    "changeset": "97072883",
    "user": "127logs",
    "uid": "9633823",
    "highway": "residential",
    "name": "Calle José María Pino Suárez",
    "id": "way/674485362"
  },
  "geometry": {
    "type": "LineString",
    "coordinates": [
      [
        -94.5538816,
        18.0062086
      ],
      [
        -94.5532152,
        18.0058605
      ],
      [
        -94.5525748,
        18.0055258
      ],
      [
        -94.5520469,
        18.00525
      ],
      [
        -94.551058,
        18.0046978
      ],
      [
        -94.5504492,
        18.0044153
      ],
      [
        -94.549262,
        18.0037563
      ]
    ]
  }
},
{
  "type": "Feature",
  "id": "way/881872570",
  "properties": {
    "timestamp": "2021-01-06T21:24:46Z",
    "version": "2",
    "changeset": "97072066",
    "user": "127logs",
    "uid": "9633823",
    "highway": "residential",
    "name": "Privada Los Pinos",
    "id": "way/881872570"
  },
  "geometry": {
    "type": "LineString",
    "coordinates": [
      [
        -94.558093,
        18.0052314
      ],
      [
        -94.5577866,
        18.0050395
      ]
    ]
  }
},
{
  "type": "Feature",
  "id": "way/881872571",
  "properties": {
    "timestamp": "2021-01-06T21:41:27Z",
    "version": "2",
    "changeset": "97072538",
    "user": "127logs",
    "uid": "9633823",
    "highway": "residential",
    "name": "Calle Independencia",
    "id": "way/881872571"
  },
  "geometry": {
    "type": "LineString",
    "coordinates": [
      [
        -94.5560307,
        18.0047263
      ],
      [
        -94.5563899,
        18.0041795
      ]
    ]
  }
},
{
  "type": "Feature",
  "id": "way/881872572",
  "properties": {
    "timestamp": "2021-01-06T21:24:46Z",
    "version": "2",
    "changeset": "97072066",
    "user": "127logs",
    "uid": "9633823",
    "highway": "residential",
    "name": "Privada Colima",
    "id": "way/881872572"
  },
  "geometry": {
    "type": "LineString",
    "coordinates": [
      [
        -94.5595367,
        18.0051926
      ],
      [
        -94.558905,
        18.0048038
      ]
    ]
  }
},
{
  "type": "Feature",
  "id": "way/881872573",
  "properties": {
    "timestamp": "2021-01-06T21:24:46Z",
    "version": "2",
    "changeset": "97072066",
    "user": "127logs",
    "uid": "9633823",
    "highway": "residential",
    "name": "Calle El Roble",
    "id": "way/881872573"
  },
  "geometry": {
    "type": "LineString",
    "coordinates": [
      [
        -94.5586365,
        18.0051106
      ],
      [
        -94.558905,
        18.0048038
      ],
      [
        -94.5591276,
        18.0045494
      ]
    ]
  }
},
{
  "type": "Feature",
  "id": "way/881936255",
  "properties": {
    "timestamp": "2020-12-07T12:05:12Z",
    "version": "1",
    "changeset": "95420188",
    "user": "BanjaraHills",
    "uid": "10811160",
    "highway": "service",
    "id": "way/881936255"
  },
  "geometry": {
    "type": "LineString",
    "coordinates": [
      [
        -94.5585286,
        18.0061494
      ],
      [
        -94.5584062,
        18.0062843
      ],
      [
        -94.5583391,
        18.0063073
      ],
      [
        -94.5579274,
        18.0062901
      ]
    ]
  }
},
{
  "type": "Feature",
  "id": "way/881936256",
  "properties": {
    "timestamp": "2021-07-05T07:17:58Z",
    "version": "2",
    "changeset": "107422327",
    "user": "AlQuoz",
    "uid": "10652799",
    "highway": "service",
    "id": "way/881936256"
  },
  "geometry": {
    "type": "LineString",
    "coordinates": [
      [
        -94.5579274,
        18.0062901
      ],
      [
        -94.5579066,
        18.0067744
      ],
      [
        -94.5577446,
        18.006777
      ]
    ]
  }
},
{
  "type": "Feature",
  "id": "way/882238213",
  "properties": {
    "timestamp": "2023-04-05T18:02:40Z",
    "version": "3",
    "changeset": "134549116",
    "user": "Abr_mx",
    "uid": "6766137",
    "highway": "primary_link",
    "oneway": "no",
    "id": "way/882238213"
  },
  "geometry": {
    "type": "LineString",
    "coordinates": [
      [
        -94.5541137,
        18.0061769
      ],
      [
        -94.5540019,
        18.0060829
      ]
    ]
  }
},
{
  "type": "Feature",
  "id": "way/882245211",
  "properties": {
    "timestamp": "2021-01-06T21:41:27Z",
    "version": "2",
    "changeset": "97072538",
    "user": "127logs",
    "uid": "9633823",
    "highway": "residential",
    "name": "Calle Chapultepec",
    "id": "way/882245211"
  },
  "geometry": {
    "type": "LineString",
    "coordinates": [
      [
        -94.553919,
        18.0041261
      ],
      [
        -94.5533111,
        18.0048581
      ]
    ]
  }
},
{
  "type": "Feature",
  "id": "way/882248992",
  "properties": {
    "timestamp": "2025-09-30T02:40:57Z",
    "version": "2",
    "changeset": "172639095",
    "user": "TecNM campus Minatitlán",
    "uid": "23257776",
    "highway": "service",
    "id": "way/882248992"
  },
  "geometry": {
    "type": "LineString",
    "coordinates": [
      [
        -94.5552166,
        18.0054286
      ],
      [
        -94.555057,
        18.0054262
      ],
      [
        -94.5549753,
        18.0055015
      ],
      [
        -94.5548957,
        18.0055902
      ]
    ]
  }
},
{
  "type": "Feature",
  "id": "way/882248993",
  "properties": {
    "timestamp": "2020-12-08T07:39:21Z",
    "version": "1",
    "changeset": "95467780",
    "user": "BanjaraHills",
    "uid": "10811160",
    "highway": "service",
    "id": "way/882248993"
  },
  "geometry": {
    "type": "LineString",
    "coordinates": [
      [
        -94.5546663,
        18.0056014
      ],
      [
        -94.5548957,
        18.0055902
      ]
    ]
  }
},
{
  "type": "Feature",
  "id": "way/882248994",
  "properties": {
    "timestamp": "2025-09-30T02:40:57Z",
    "version": "2",
    "changeset": "172639095",
    "user": "TecNM campus Minatitlán",
    "uid": "23257776",
    "highway": "service",
    "id": "way/882248994"
  },
  "geometry": {
    "type": "LineString",
    "coordinates": [
      [
        -94.5548957,
        18.0055902
      ],
      [
        -94.5551077,
        18.0055905
      ],
      [
        -94.5551291,
        18.0055202
      ],
      [
        -94.5551917,
        18.0054812
      ],
      [
        -94.5552166,
        18.0054286
      ]
    ]
  }
},
{
  "type": "Feature",
  "id": "way/882297098",
  "properties": {
    "timestamp": "2023-04-05T18:02:40Z",
    "version": "3",
    "changeset": "134549116",
    "user": "Abr_mx",
    "uid": "6766137",
    "highway": "primary_link",
    "oneway": "no",
    "id": "way/882297098"
  },
  "geometry": {
    "type": "LineString",
    "coordinates": [
      [
        -94.5531688,
        18.007161
      ],
      [
        -94.5530319,
        18.0070403
      ]
    ]
  }
},
{
  "type": "Feature",
  "id": "way/892438728",
  "properties": {
    "timestamp": "2021-01-06T20:39:09Z",
    "version": "4",
    "changeset": "97070625",
    "user": "127logs",
    "uid": "9633823",
    "alt_name": "Calle Miguel Hidalgo",
    "highway": "residential",
    "name": "Avenida Miguel Hidalgo",
    "oneway": "yes",
    "id": "way/892438728"
  },
  "geometry": {
    "type": "LineString",
    "coordinates": [
      [
        -94.5598618,
        18.0137262
      ],
      [
        -94.5598371,
        18.0136625
      ],
      [
        -94.5591025,
        18.0130256
      ],
      [
        -94.5581731,
        18.012208
      ],
      [
        -94.5572545,
        18.0114226
      ],
      [
        -94.5571984,
        18.0113732
      ],
      [
        -94.5562639,
        18.0105507
      ],
      [
        -94.5553709,
        18.0097959
      ],
      [
        -94.5552768,
        18.009714
      ],
      [
        -94.5543646,
        18.0089198
      ],
      [
        -94.5537351,
        18.0083684
      ],
      [
        -94.553653,
        18.0083066
      ],
      [
        -94.5527861,
        18.0075595
      ]
    ]
  }
},
{
  "type": "Feature",
  "id": "way/892443836",
  "properties": {
    "timestamp": "2021-01-06T20:39:09Z",
    "version": "2",
    "changeset": "97070625",
    "user": "127logs",
    "uid": "9633823",
    "alt_name": "Calle Miguel Hidalgo",
    "highway": "residential",
    "name": "Avenida Miguel Hidalgo",
    "oneway": "yes",
    "id": "way/892443836"
  },
  "geometry": {
    "type": "LineString",
    "coordinates": [
      [
        -94.5527309,
        18.0076169
      ],
      [
        -94.5535971,
        18.0083615
      ],
      [
        -94.5543115,
        18.0089756
      ],
      [
        -94.5552166,
        18.0097773
      ],
      [
        -94.5553099,
        18.00986
      ],
      [
        -94.5562122,
        18.0106063
      ],
      [
        -94.5571413,
        18.01143
      ],
      [
        -94.557199,
        18.0114811
      ],
      [
        -94.5581184,
        18.0122667
      ],
      [
        -94.559031,
        18.013077
      ],
      [
        -94.5597367,
        18.0137097
      ],
      [
        -94.5598618,
        18.0137262
      ]
    ]
  }
},
{
  "type": "Feature",
  "id": "way/892805231",
  "properties": {
    "timestamp": "2021-01-06T20:22:38Z",
    "version": "1",
    "changeset": "97070097",
    "user": "127logs",
    "uid": "9633823",
    "bridge": "yes",
    "highway": "pedestrian",
    "layer": "1",
    "id": "way/892805231"
  },
  "geometry": {
    "type": "LineString",
    "coordinates": [
      [
        -94.5538236,
        18.0076133
      ],
      [
        -94.5538251,
        18.007716
      ]
    ]
  }
},
{
  "type": "Feature",
  "id": "way/892805232",
  "properties": {
    "timestamp": "2021-01-06T20:22:38Z",
    "version": "1",
    "changeset": "97070097",
    "user": "127logs",
    "uid": "9633823",
    "highway": "pedestrian",
    "id": "way/892805232"
  },
  "geometry": {
    "type": "LineString",
    "coordinates": [
      [
        -94.5538251,
        18.007716
      ],
      [
        -94.5538255,
        18.0077474
      ]
    ]
  }
},
{
  "type": "Feature",
  "id": "way/892805233",
  "properties": {
    "timestamp": "2021-01-06T20:22:38Z",
    "version": "1",
    "changeset": "97070097",
    "user": "127logs",
    "uid": "9633823",
    "highway": "pedestrian",
    "id": "way/892805233"
  },
  "geometry": {
    "type": "LineString",
    "coordinates": [
      [
        -94.5538429,
        18.0075115
      ],
      [
        -94.5538236,
        18.0076133
      ]
    ]
  }
},
{
  "type": "Feature",
  "id": "way/892807161",
  "properties": {
    "timestamp": "2021-01-06T20:39:09Z",
    "version": "2",
    "changeset": "97070625",
    "user": "127logs",
    "uid": "9633823",
    "highway": "residential",
    "name": "Calle Gay Lussac",
    "id": "way/892807161"
  },
  "geometry": {
    "type": "LineString",
    "coordinates": [
      [
        -94.55665,
        18.0072176
      ],
      [
        -94.5563543,
        18.0076873
      ],
      [
        -94.5563449,
        18.0077523
      ],
      [
        -94.5563851,
        18.0078212
      ],
      [
        -94.5563838,
        18.007871
      ],
      [
        -94.5563516,
        18.0079628
      ]
    ]
  }
},
{
  "type": "Feature",
  "id": "way/892816503",
  "properties": {
    "timestamp": "2021-01-06T21:13:49Z",
    "version": "2",
    "changeset": "97071771",
    "user": "127logs",
    "uid": "9633823",
    "highway": "residential",
    "name": "Privada Managua",
    "id": "way/892816503"
  },
  "geometry": {
    "type": "LineString",
    "coordinates": [
      [
        -94.5494745,
        18.0046794
      ],
      [
        -94.5500985,
        18.0049634
      ],
      [
        -94.550721,
        18.0052467
      ],
      [
        -94.5517548,
        18.0057173
      ],
      [
        -94.5522853,
        18.0059588
      ],
      [
        -94.5529138,
        18.0061917
      ],
      [
        -94.5535638,
        18.0065407
      ]
    ]
  }
},
{
  "type": "Feature",
  "id": "way/892822870",
  "properties": {
    "timestamp": "2021-01-06T21:13:49Z",
    "version": "2",
    "changeset": "97071771",
    "user": "127logs",
    "uid": "9633823",
    "highway": "residential",
    "name": "Calle Ignacio Allende",
    "id": "way/892822870"
  },
  "geometry": {
    "type": "LineString",
    "coordinates": [
      [
        -94.5530615,
        18.0072728
      ],
      [
        -94.5535769,
        18.0074973
      ]
    ]
  }
},
{
  "type": "Feature",
  "id": "way/892823941",
  "properties": {
    "timestamp": "2021-01-06T21:41:27Z",
    "version": "2",
    "changeset": "97072538",
    "user": "127logs",
    "uid": "9633823",
    "highway": "residential",
    "name": "Calle Miguel Hidalgo",
    "id": "way/892823941"
  },
  "geometry": {
    "type": "LineString",
    "coordinates": [
      [
        -94.5569621,
        18.0012623
      ],
      [
        -94.5568605,
        18.0014087
      ],
      [
        -94.5565351,
        18.0019616
      ],
      [
        -94.5561338,
        18.0025256
      ],
      [
        -94.5557856,
        18.003015
      ],
      [
        -94.5554238,
        18.0035234
      ],
      [
        -94.5550291,
        18.004078
      ],
      [
        -94.5545074,
        18.0044844
      ],
      [
        -94.5538636,
        18.005161
      ],
      [
        -94.5532152,
        18.0058605
      ],
      [
        -94.5529138,
        18.0061917
      ],
      [
        -94.552527,
        18.0066178
      ],
      [
        -94.5521524,
        18.0071191
      ]
    ]
  }
},
{
  "type": "Feature",
  "id": "way/892824398",
  "properties": {
    "timestamp": "2021-01-06T21:17:31Z",
    "version": "1",
    "changeset": "97071858",
    "user": "127logs",
    "uid": "9633823",
    "highway": "residential",
    "id": "way/892824398"
  },
  "geometry": {
    "type": "LineString",
    "coordinates": [
      [
        -94.5553377,
        18.0068506
      ],
      [
        -94.5555952,
        18.0069858
      ]
    ]
  }
},
{
  "type": "Feature",
  "id": "way/892824399",
  "properties": {
    "timestamp": "2021-01-06T21:20:09Z",
    "version": "2",
    "changeset": "97071936",
    "user": "127logs",
    "uid": "9633823",
    "highway": "residential",
    "name": "Privada John Dalton",
    "id": "way/892824399"
  },
  "geometry": {
    "type": "LineString",
    "coordinates": [
      [
        -94.5565033,
        18.0071364
      ],
      [
        -94.5563892,
        18.0072945
      ]
    ]
  }
},
{
  "type": "Feature",
  "id": "way/892824636",
  "properties": {
    "timestamp": "2021-01-06T21:41:27Z",
    "version": "2",
    "changeset": "97072538",
    "user": "127logs",
    "uid": "9633823",
    "highway": "residential",
    "name": "Calle Úrsulo Galván",
    "id": "way/892824636"
  },
  "geometry": {
    "type": "LineString",
    "coordinates": [
      [
        -94.5551548,
        18.0048786
      ],
      [
        -94.5545074,
        18.0044844
      ],
      [
        -94.553919,
        18.0041261
      ],
      [
        -94.5536498,
        18.0039621
      ]
    ]
  }
},
{
  "type": "Feature",
  "id": "way/892825351",
  "properties": {
    "timestamp": "2021-01-06T21:24:46Z",
    "version": "2",
    "changeset": "97072066",
    "user": "127logs",
    "uid": "9633823",
    "highway": "residential",
    "name": "Privada Hidalgo",
    "id": "way/892825351"
  },
  "geometry": {
    "type": "LineString",
    "coordinates": [
      [
        -94.558897,
        18.0058172
      ],
      [
        -94.5592564,
        18.0060216
      ]
    ]
  }
},
{
  "type": "Feature",
  "id": "way/892825542",
  "properties": {
    "timestamp": "2021-01-07T18:23:00Z",
    "version": "2",
    "changeset": "97125389",
    "user": "127logs",
    "uid": "9633823",
    "highway": "residential",
    "name": "Calle 5 de mayo",
    "id": "way/892825542"
  },
  "geometry": {
    "type": "LineString",
    "coordinates": [
      [
        -94.5609989,
        18.0064744
      ],
      [
        -94.5608014,
        18.0062767
      ],
      [
        -94.5601553,
        18.0059441
      ],
      [
        -94.5592428,
        18.0054433
      ],
      [
        -94.5586365,
        18.0051106
      ],
      [
        -94.5583444,
        18.0049504
      ],
      [
        -94.5579806,
        18.0047507
      ],
      [
        -94.5571221,
        18.0042796
      ]
    ]
  }
},
{
  "type": "Feature",
  "id": "way/892828827",
  "properties": {
    "timestamp": "2021-01-06T22:30:08Z",
    "version": "2",
    "changeset": "97073751",
    "user": "127logs",
    "uid": "9633823",
    "highway": "residential",
    "name": "Calle Emiliano Zapata",
    "id": "way/892828827"
  },
  "geometry": {
    "type": "LineString",
    "coordinates": [
      [
        -94.5555512,
        18.0002133
      ],
      [
        -94.5552702,
        18.0005709
      ],
      [
        -94.554985,
        18.0010096
      ],
      [
        -94.5546396,
        18.0015296
      ],
      [
        -94.5545823,
        18.0016083
      ],
      [
        -94.5542763,
        18.0020479
      ],
      [
        -94.5539127,
        18.0025701
      ],
      [
        -94.5535244,
        18.0031278
      ],
      [
        -94.5531539,
        18.00366
      ],
      [
        -94.5525936,
        18.0044648
      ],
      [
        -94.5520469,
        18.00525
      ],
      [
        -94.5517548,
        18.0057173
      ],
      [
        -94.5514366,
        18.006258
      ],
      [
        -94.5512047,
        18.0066522
      ],
      [
        -94.5510824,
        18.0068569
      ]
    ]
  }
},
{
  "type": "Feature",
  "id": "way/892836010",
  "properties": {
    "timestamp": "2021-01-07T22:47:37Z",
    "version": "2",
    "changeset": "97133285",
    "user": "127logs",
    "uid": "9633823",
    "highway": "residential",
    "name": "Calle Benito Juárez",
    "id": "way/892836010"
  },
  "geometry": {
    "type": "LineString",
    "coordinates": [
      [
        -94.558744,
        17.996513
      ],
      [
        -94.5582821,
        17.9972159
      ],
      [
        -94.5578778,
        17.997798
      ],
      [
        -94.55716,
        17.9987902
      ],
      [
        -94.5568302,
        17.9992893
      ],
      [
        -94.5564057,
        17.9999317
      ],
      [
        -94.5560757,
        18.0004267
      ],
      [
        -94.5560436,
        18.000477
      ],
      [
        -94.5560083,
        18.0005324
      ],
      [
        -94.5558518,
        18.0007779
      ],
      [
        -94.5558099,
        18.0008336
      ],
      [
        -94.5554691,
        18.0013364
      ],
      [
        -94.5551235,
        18.0018278
      ],
      [
        -94.5547583,
        18.0023567
      ],
      [
        -94.5543991,
        18.0028769
      ],
      [
        -94.5540129,
        18.0034363
      ],
      [
        -94.5536498,
        18.0039621
      ],
      [
        -94.553108,
        18.0047468
      ],
      [
        -94.5525748,
        18.0055258
      ],
      [
        -94.5522853,
        18.0059588
      ],
      [
        -94.5519356,
        18.0064772
      ],
      [
        -94.5516341,
        18.0070167
      ]
    ]
  }
},
{
  "type": "Feature",
  "id": "way/961515180",
  "properties": {
    "timestamp": "2021-07-05T07:17:58Z",
    "version": "1",
    "changeset": "107422327",
    "user": "AlQuoz",
    "uid": "10652799",
    "highway": "service",
    "id": "way/961515180"
  },
  "geometry": {
    "type": "LineString",
    "coordinates": [
      [
        -94.5577446,
        18.006777
      ],
      [
        -94.5577987,
        18.0063398
      ],
      [
        -94.5579274,
        18.0062901
      ]
    ]
  }
},
{
  "type": "Feature",
  "id": "way/997525033",
  "properties": {
    "timestamp": "2025-09-30T02:40:57Z",
    "version": "2",
    "changeset": "172639095",
    "user": "TecNM campus Minatitlán",
    "uid": "23257776",
    "highway": "service",
    "service": "driveway",
    "surface": "concrete",
    "id": "way/997525033"
  },
  "geometry": {
    "type": "LineString",
    "coordinates": [
      [
        -94.5551608,
        18.0050864
      ],
      [
        -94.555253,
        18.0051426
      ],
      [
        -94.555296,
        18.005167
      ],
      [
        -94.5551986,
        18.0052596
      ],
      [
        -94.5553454,
        18.0052802
      ],
      [
        -94.5554186,
        18.005211
      ],
      [
        -94.5553896,
        18.0050688
      ],
      [
        -94.555296,
        18.005167
      ]
    ]
  }
},
{
  "type": "Feature",
  "id": "way/1192739698",
  "properties": {
    "timestamp": "2023-07-31T20:03:42Z",
    "version": "2",
    "changeset": "139269953",
    "user": "म्यापर",
    "uid": "17365610",
    "alt_name": "Boulevard Instituto Tecnológico",
    "highway": "primary",
    "lanes": "4",
    "name": "Boulevard Instituto Tecnológico (Carretera Transístmica)",
    "oneway": "yes",
    "ref": "MEX 185",
    "surface": "asphalt",
    "id": "way/1192739698"
  },
  "geometry": {
    "type": "LineString",
    "coordinates": [
      [
        -94.5530235,
        18.0070493
      ],
      [
        -94.5508294,
        18.0093542
      ],
      [
        -94.5503813,
        18.0098249
      ],
      [
        -94.5502952,
        18.0099153
      ],
      [
        -94.5501845,
        18.0100316
      ],
      [
        -94.5495977,
        18.010648
      ],
      [
        -94.5486044,
        18.0116914
      ],
      [
        -94.5483967,
        18.0119096
      ],
      [
        -94.5482997,
        18.0120115
      ]
    ]
  }
},
{
  "type": "Feature",
  "id": "way/1250114948",
  "properties": {
    "timestamp": "2025-09-30T02:40:57Z",
    "version": "2",
    "changeset": "172639095",
    "user": "TecNM campus Minatitlán",
    "uid": "23257776",
    "alt_name": "Boulevard Instituto Tecnológico",
    "highway": "primary",
    "lanes": "2",
    "name": "Boulevard Instituto Tecnológico (Carretera Transístmica)",
    "oneway": "yes",
    "ref": "MEX 185",
    "surface": "asphalt",
    "id": "way/1250114948"
  },
  "geometry": {
    "type": "LineString",
    "coordinates": [
      [
        -94.5520937,
        18.0082808
      ],
      [
        -94.5522643,
        18.0081031
      ],
      [
        -94.5527309,
        18.0076169
      ],
      [
        -94.5527861,
        18.0075595
      ],
      [
        -94.5530615,
        18.0072728
      ],
      [
        -94.5531688,
        18.007161
      ],
      [
        -94.5536266,
        18.0066843
      ],
      [
        -94.5541137,
        18.0061769
      ],
      [
        -94.5543401,
        18.0059411
      ],
      [
        -94.5546663,
        18.0056014
      ],
      [
        -94.5549285,
        18.0053283
      ],
      [
        -94.5551608,
        18.0050864
      ],
      [
        -94.5553262,
        18.0049142
      ],
      [
        -94.5556919,
        18.0045333
      ],
      [
        -94.5561625,
        18.0040431
      ],
      [
        -94.5562476,
        18.0039545
      ],
      [
        -94.5563452,
        18.0038529
      ],
      [
        -94.5570497,
        18.0031193
      ],
      [
        -94.5573757,
        18.0026943
      ],
      [
        -94.5575001,
        18.0025268
      ]
    ]
  }
},
{
  "type": "Feature",
  "id": "way/1250114949",
  "properties": {
    "timestamp": "2024-02-14T02:28:59Z",
    "version": "1",
    "changeset": "147432533",
    "user": "Ferrocarriles de México",
    "uid": "19456985",
    "alt_name": "Boulevard Instituto Tecnológico",
    "highway": "primary",
    "lanes": "2",
    "name": "Boulevard Instituto Tecnológico (Carretera Transístmica)",
    "oneway": "yes",
    "ref": "MEX 185",
    "surface": "asphalt",
    "id": "way/1250114949"
  },
  "geometry": {
    "type": "LineString",
    "coordinates": [
      [
        -94.5575001,
        18.0025268
      ],
      [
        -94.5573159,
        18.002608
      ],
      [
        -94.5569226,
        18.0030013
      ],
      [
        -94.5564698,
        18.0034756
      ],
      [
        -94.5562261,
        18.0037516
      ],
      [
        -94.5561375,
        18.003852
      ],
      [
        -94.5560649,
        18.0039279
      ],
      [
        -94.5555851,
        18.0044292
      ],
      [
        -94.5551548,
        18.0048786
      ],
      [
        -94.5545331,
        18.0055281
      ],
      [
        -94.5540019,
        18.0060829
      ],
      [
        -94.5538816,
        18.0062086
      ],
      [
        -94.5535638,
        18.0065407
      ],
      [
        -94.5530319,
        18.0070403
      ],
      [
        -94.5530235,
        18.0070493
      ]
    ]
  }
},
{
  "type": "Feature",
  "id": "way/1434248968",
  "properties": {
    "timestamp": "2025-10-01T20:04:23Z",
    "version": "5",
    "changeset": "172723131",
    "user": "Angel H Cervantes",
    "uid": "23254573",
    "bicycle": "no",
    "foot": "yes",
    "highway": "service",
    "horse": "no",
    "incline": "0%",
    "motor_vehicle": "no",
    "name": "Acera Principal",
    "surface": "ground",
    "width": "2",
    "id": "way/1434248968"
  },
  "geometry": {
    "type": "LineString",
    "coordinates": [
      [
        -94.5549285,
        18.0053283
      ],
      [
        -94.555434,
        18.0053358
      ],
      [
        -94.5554566,
        18.0053362
      ],
      [
        -94.5556973,
        18.0053398
      ],
      [
        -94.5557,
        18.0050758
      ],
      [
        -94.5558712,
        18.0050752
      ],
      [
        -94.5560997,
        18.0050745
      ],
      [
        -94.5560956,
        18.0053372
      ],
      [
        -94.5558605,
        18.0053387
      ],
      [
        -94.5557751,
        18.0053393
      ],
      [
        -94.5557362,
        18.0053395
      ],
      [
        -94.5556973,
        18.0053398
      ]
    ]
  }
},
{
  "type": "Feature",
  "id": "way/1434248969",
  "properties": {
    "timestamp": "2025-10-01T20:04:23Z",
    "version": "4",
    "changeset": "172723131",
    "user": "Angel H Cervantes",
    "uid": "23254573",
    "access": "permit",
    "bicycle": "no",
    "foot": "yes",
    "highway": "service",
    "horse": "no",
    "incline": "0%",
    "motor_vehicle": "no",
    "name": "Acera Principal Izquierda",
    "surface": "ground",
    "wheelchair": "yes",
    "width": "1",
    "id": "way/1434248969"
  },
  "geometry": {
    "type": "LineString",
    "coordinates": [
      [
        -94.5553262,
        18.0049142
      ],
      [
        -94.555431,
        18.0049905
      ],
      [
        -94.5554336,
        18.0052908
      ],
      [
        -94.555434,
        18.0053358
      ]
    ]
  }
},
{
  "type": "Feature",
  "id": "way/1434248971",
  "properties": {
    "timestamp": "2025-10-02T20:01:16Z",
    "version": "7",
    "changeset": "172764439",
    "user": "Angel H Cervantes",
    "uid": "23254573",
    "access": "permit",
    "bicycle": "no",
    "foot": "yes",
    "highway": "service",
    "horse": "no",
    "incline": "0%",
    "motor_vehicle": "no",
    "name": "Acera 1",
    "surface": "ground",
    "width": "0",
    "id": "way/1434248971"
  },
  "geometry": {
    "type": "LineString",
    "coordinates": [
      [
        -94.5558605,
        18.0053387
      ],
      [
        -94.5558627,
        18.005505
      ],
      [
        -94.5558634,
        18.0055618
      ],
      [
        -94.5558661,
        18.0057658
      ],
      [
        -94.5558665,
        18.0057967
      ],
      [
        -94.555867,
        18.0058474
      ],
      [
        -94.5558675,
        18.0058989
      ]
    ]
  }
},
{
  "type": "Feature",
  "id": "way/1434248972",
  "properties": {
    "timestamp": "2025-10-01T20:04:23Z",
    "version": "4",
    "changeset": "172723131",
    "user": "Angel H Cervantes",
    "uid": "23254573",
    "access": "permit",
    "bicycle": "no",
    "foot": "yes",
    "highway": "service",
    "horse": "no",
    "incline": "0%",
    "motor_vehicle": "no",
    "name": "Acera 2",
    "surface": "ground",
    "id": "way/1434248972"
  },
  "geometry": {
    "type": "LineString",
    "coordinates": [
      [
        -94.5554566,
        18.0053362
      ],
      [
        -94.5554542,
        18.0053593
      ],
      [
        -94.5554239,
        18.0053837
      ],
      [
        -94.5554239,
        18.0055077
      ],
      [
        -94.555511,
        18.0055048
      ],
      [
        -94.5555107,
        18.0057236
      ],
      [
        -94.5555126,
        18.0058012
      ],
      [
        -94.5558665,
        18.0057967
      ]
    ]
  }
},
{
  "type": "Feature",
  "id": "way/1434260882",
  "properties": {
    "timestamp": "2025-10-02T20:01:16Z",
    "version": "6",
    "changeset": "172764439",
    "user": "Angel H Cervantes",
    "uid": "23254573",
    "access": "permit",
    "bicycle": "no",
    "foot": "yes",
    "highway": "service",
    "horse": "no",
    "incline": "0%",
    "layer": "-1",
    "motor_vehicle": "no",
    "name": "Acera Columna",
    "surface": "ground",
    "width": "2.5",
    "id": "way/1434260882"
  },
  "geometry": {
    "type": "LineString",
    "coordinates": [
      [
        -94.5560997,
        18.0050745
      ],
      [
        -94.5561302,
        18.005074
      ],
      [
        -94.5562266,
        18.0050726
      ],
      [
        -94.5562327,
        18.0053688
      ],
      [
        -94.5562338,
        18.005423
      ],
      [
        -94.5562343,
        18.0054497
      ],
      [
        -94.5562385,
        18.0056535
      ],
      [
        -94.5562447,
        18.0058612
      ],
      [
        -94.5562465,
        18.0059221
      ],
      [
        -94.5564093,
        18.0059271
      ],
      [
        -94.5566694,
        18.0061493
      ],
      [
        -94.5568655,
        18.0061493
      ],
      [
        -94.5573143,
        18.0061493
      ],
      [
        -94.5574664,
        18.0061493
      ],
      [
        -94.557468,
        18.0063259
      ]
    ]
  }
},
{
  "type": "Feature",
  "id": "way/1434260883",
  "properties": {
    "timestamp": "2025-10-01T20:04:23Z",
    "version": "3",
    "changeset": "172723131",
    "user": "Angel H Cervantes",
    "uid": "23254573",
    "access": "permit",
    "bicycle": "no",
    "foot": "yes",
    "highway": "service",
    "horse": "no",
    "incline": "-10%",
    "motor_vehicle": "no",
    "name": "Acera Entrada Lateral",
    "surface": "ground",
    "width": "2",
    "id": "way/1434260883"
  },
  "geometry": {
    "type": "LineString",
    "coordinates": [
      [
        -94.5562266,
        18.0050726
      ],
      [
        -94.5562883,
        18.0050034
      ],
      [
        -94.5563198,
        18.0049682
      ]
    ]
  }
},
{
  "type": "Feature",
  "id": "way/1434260884",
  "properties": {
    "timestamp": "2025-10-01T19:27:57Z",
    "version": "3",
    "changeset": "172721744",
    "user": "Angel H Cervantes",
    "uid": "23254573",
    "highway": "footway",
    "name": "Acera 3",
    "surface": "ground",
    "id": "way/1434260884"
  },
  "geometry": {
    "type": "LineString",
    "coordinates": [
      [
        -94.555511,
        18.0055048
      ],
      [
        -94.5557795,
        18.005505
      ],
      [
        -94.5558627,
        18.005505
      ]
    ]
  }
},
{
  "type": "Feature",
  "id": "way/1434260885",
  "properties": {
    "timestamp": "2025-09-30T03:24:35Z",
    "version": "1",
    "changeset": "172639812",
    "user": "TecNM campus Minatitlán",
    "uid": "23257776",
    "access": "permit",
    "bicycle": "no",
    "foot": "yes",
    "footway": "sidewalk",
    "highway": "footway",
    "horse": "no",
    "motor_vehicle": "no",
    "name": "Cruce Edificio Principal",
    "surface": "asphalt",
    "width": "3",
    "id": "way/1434260885"
  },
  "geometry": {
    "type": "LineString",
    "coordinates": [
      [
        -94.5558712,
        18.0050752
      ],
      [
        -94.5558712,
        18.0050124
      ]
    ]
  }
},
{
  "type": "Feature",
  "id": "way/1434260886",
  "properties": {
    "timestamp": "2025-10-01T20:04:23Z",
    "version": "4",
    "changeset": "172723131",
    "user": "Angel H Cervantes",
    "uid": "23254573",
    "highway": "service",
    "surface": "ground",
    "id": "way/1434260886"
  },
  "geometry": {
    "type": "LineString",
    "coordinates": [
      [
        -94.5561302,
        18.005074
      ],
      [
        -94.5561329,
        18.0053692
      ],
      [
        -94.5561329,
        18.0054444
      ],
      [
        -94.5561115,
        18.0054725
      ],
      [
        -94.5561115,
        18.0055388
      ],
      [
        -94.5561423,
        18.0056383
      ],
      [
        -94.5561797,
        18.0056442
      ],
      [
        -94.5562385,
        18.0056535
      ]
    ]
  }
},
{
  "type": "Feature",
  "id": "way/1434261187",
  "properties": {
    "timestamp": "2025-10-01T20:04:23Z",
    "version": "3",
    "changeset": "172723131",
    "user": "Angel H Cervantes",
    "uid": "23254573",
    "access": "no",
    "highway": "service",
    "name": "Conector",
    "surface": "ground",
    "width": "2",
    "id": "way/1434261187"
  },
  "geometry": {
    "type": "LineString",
    "coordinates": [
      [
        -94.5561329,
        18.0053692
      ],
      [
        -94.5561828,
        18.005369
      ],
      [
        -94.5562327,
        18.0053688
      ]
    ]
  }
},
{
  "type": "Feature",
  "id": "way/1434394329",
  "properties": {
    "timestamp": "2025-10-01T20:04:23Z",
    "version": "4",
    "changeset": "172723131",
    "user": "Angel H Cervantes",
    "uid": "23254573",
    "highway": "service",
    "surface": "ground",
    "id": "way/1434394329"
  },
  "geometry": {
    "type": "LineString",
    "coordinates": [
      [
        -94.5555126,
        18.0058012
      ],
      [
        -94.5553422,
        18.0057996
      ],
      [
        -94.5551718,
        18.0057979
      ]
    ]
  }
},
{
  "type": "Feature",
  "id": "way/1434394330",
  "properties": {
    "timestamp": "2025-10-01T20:04:23Z",
    "version": "4",
    "changeset": "172723131",
    "user": "Angel H Cervantes",
    "uid": "23254573",
    "highway": "service",
    "surface": "ground",
    "id": "way/1434394330"
  },
  "geometry": {
    "type": "LineString",
    "coordinates": [
      [
        -94.5551718,
        18.0057979
      ],
      [
        -94.5551762,
        18.0058387
      ],
      [
        -94.5551799,
        18.0058727
      ],
      [
        -94.5552068,
        18.0058779
      ]
    ]
  }
},
{
  "type": "Feature",
  "id": "way/1434394331",
  "properties": {
    "timestamp": "2025-10-01T20:04:23Z",
    "version": "4",
    "changeset": "172723131",
    "user": "Angel H Cervantes",
    "uid": "23254573",
    "highway": "service",
    "surface": "ground",
    "id": "way/1434394331"
  },
  "geometry": {
    "type": "LineString",
    "coordinates": [
      [
        -94.5551762,
        18.0058387
      ],
      [
        -94.5550956,
        18.0058349
      ],
      [
        -94.5550498,
        18.0058327
      ]
    ]
  }
},
{
  "type": "Feature",
  "id": "way/1434402990",
  "properties": {
    "timestamp": "2025-10-01T20:04:23Z",
    "version": "4",
    "changeset": "172723131",
    "user": "Angel H Cervantes",
    "uid": "23254573",
    "highway": "service",
    "surface": "ground",
    "id": "way/1434402990"
  },
  "geometry": {
    "type": "LineString",
    "coordinates": [
      [
        -94.5562327,
        18.0053688
      ],
      [
        -94.5565503,
        18.005372
      ],
      [
        -94.5565529,
        18.0054541
      ],
      [
        -94.5565619,
        18.0057259
      ]
    ]
  }
},
{
  "type": "Feature",
  "id": "way/1434402991",
  "properties": {
    "timestamp": "2025-10-01T19:27:57Z",
    "version": "3",
    "changeset": "172721744",
    "user": "Angel H Cervantes",
    "uid": "23254573",
    "highway": "footway",
    "surface": "ground",
    "id": "way/1434402991"
  },
  "geometry": {
    "type": "LineString",
    "coordinates": [
      [
        -94.5565619,
        18.0057259
      ],
      [
        -94.5565702,
        18.0059212
      ]
    ]
  }
},
{
  "type": "Feature",
  "id": "way/1434402992",
  "properties": {
    "timestamp": "2025-10-01T20:04:23Z",
    "version": "4",
    "changeset": "172723131",
    "user": "Angel H Cervantes",
    "uid": "23254573",
    "highway": "service",
    "surface": "ground",
    "id": "way/1434402992"
  },
  "geometry": {
    "type": "LineString",
    "coordinates": [
      [
        -94.5565702,
        18.0059212
      ],
      [
        -94.5564093,
        18.0059271
      ]
    ]
  }
},
{
  "type": "Feature",
  "id": "way/1434402993",
  "properties": {
    "timestamp": "2025-10-01T20:04:23Z",
    "version": "4",
    "changeset": "172723131",
    "user": "Angel H Cervantes",
    "uid": "23254573",
    "highway": "service",
    "surface": "ground",
    "id": "way/1434402993"
  },
  "geometry": {
    "type": "LineString",
    "coordinates": [
      [
        -94.5562343,
        18.0054497
      ],
      [
        -94.5565529,
        18.0054541
      ]
    ]
  }
},
{
  "type": "Feature",
  "id": "way/1434933619",
  "properties": {
    "timestamp": "2025-10-02T20:01:16Z",
    "version": "1",
    "changeset": "172764439",
    "user": "Angel H Cervantes",
    "uid": "23254573",
    "highway": "service",
    "id": "way/1434933619"
  },
  "geometry": {
    "type": "LineString",
    "coordinates": [
      [
        -94.5558675,
        18.0058989
      ],
      [
        -94.5558623,
        18.0061399
      ],
      [
        -94.5555154,
        18.006133
      ],
      [
        -94.5555126,
        18.0058012
      ]
    ]
  }
},
{
  "type": "Feature",
  "id": "way/1434933620",
  "properties": {
    "timestamp": "2025-10-02T20:01:16Z",
    "version": "1",
    "changeset": "172764439",
    "user": "Angel H Cervantes",
    "uid": "23254573",
    "highway": "service",
    "id": "way/1434933620"
  },
  "geometry": {
    "type": "LineString",
    "coordinates": [
      [
        -94.5558623,
        18.0061399
      ],
      [
        -94.5564114,
        18.0061463
      ],
      [
        -94.5566694,
        18.0061493
      ]
    ]
  }
},
{
  "type": "Feature",
  "id": "way/1434933621",
  "properties": {
    "timestamp": "2025-10-02T20:01:16Z",
    "version": "1",
    "changeset": "172764439",
    "user": "Angel H Cervantes",
    "uid": "23254573",
    "highway": "service",
    "id": "way/1434933621"
  },
  "geometry": {
    "type": "LineString",
    "coordinates": [
      [
        -94.555867,
        18.0058474
      ],
      [
        -94.5562447,
        18.0058612
      ]
    ]
  }
},
{
  "type": "Feature",
  "id": "way/1434933622",
  "properties": {
    "timestamp": "2025-10-02T20:01:16Z",
    "version": "1",
    "changeset": "172764439",
    "user": "Angel H Cervantes",
    "uid": "23254573",
    "highway": "service",
    "id": "way/1434933622"
  },
  "geometry": {
    "type": "LineString",
    "coordinates": [
      [
        -94.5564114,
        18.0061463
      ],
      [
        -94.556418,
        18.0065548
      ],
      [
        -94.5564187,
        18.0065958
      ],
      [
        -94.556422,
        18.0068031
      ],
      [
        -94.5568816,
        18.0068065
      ],
      [
        -94.5568811,
        18.0067861
      ],
      [
        -94.5568764,
        18.0065957
      ],
      [
        -94.5568674,
        18.0062267
      ],
      [
        -94.5568655,
        18.0061493
      ]
    ]
  }
},
{
  "type": "Feature",
  "id": "way/1434933623",
  "properties": {
    "timestamp": "2025-10-02T20:01:16Z",
    "version": "1",
    "changeset": "172764439",
    "user": "Angel H Cervantes",
    "uid": "23254573",
    "highway": "service",
    "id": "way/1434933623"
  },
  "geometry": {
    "type": "LineString",
    "coordinates": [
      [
        -94.5568764,
        18.0065957
      ],
      [
        -94.5564187,
        18.0065958
      ]
    ]
  }
},
{
  "type": "Feature",
  "id": "way/1434933624",
  "properties": {
    "timestamp": "2025-10-02T20:01:16Z",
    "version": "1",
    "changeset": "172764439",
    "user": "Angel H Cervantes",
    "uid": "23254573",
    "highway": "service",
    "id": "way/1434933624"
  },
  "geometry": {
    "type": "LineString",
    "coordinates": [
      [
        -94.5561037,
        18.0065548
      ],
      [
        -94.556418,
        18.0065548
      ]
    ]
  }
},
{
  "type": "Feature",
  "id": "way/1434933625",
  "properties": {
    "timestamp": "2025-10-02T20:01:16Z",
    "version": "1",
    "changeset": "172764439",
    "user": "Angel H Cervantes",
    "uid": "23254573",
    "highway": "service",
    "id": "way/1434933625"
  },
  "geometry": {
    "type": "LineString",
    "coordinates": [
      [
        -94.5568674,
        18.0062267
      ],
      [
        -94.5569602,
        18.0063252
      ],
      [
        -94.557468,
        18.0063259
      ]
    ]
  }
},
{
  "type": "Feature",
  "id": "way/1434933626",
  "properties": {
    "timestamp": "2025-10-02T20:01:16Z",
    "version": "1",
    "changeset": "172764439",
    "user": "Angel H Cervantes",
    "uid": "23254573",
    "highway": "service",
    "id": "way/1434933626"
  },
  "geometry": {
    "type": "LineString",
    "coordinates": [
      [
        -94.5569602,
        18.0063252
      ],
      [
        -94.5569634,
        18.0065956
      ],
      [
        -94.5569656,
        18.0067844
      ],
      [
        -94.5572196,
        18.0067855
      ],
      [
        -94.557727,
        18.0067878
      ]
    ]
  }
},
{
  "type": "Feature",
  "id": "way/1434933627",
  "properties": {
    "timestamp": "2025-10-02T20:01:16Z",
    "version": "1",
    "changeset": "172764439",
    "user": "Angel H Cervantes",
    "uid": "23254573",
    "highway": "service",
    "id": "way/1434933627"
  },
  "geometry": {
    "type": "LineString",
    "coordinates": [
      [
        -94.5569656,
        18.0067844
      ],
      [
        -94.5568811,
        18.0067861
      ]
    ]
  }
},
{
  "type": "Feature",
  "id": "way/1434933628",
  "properties": {
    "timestamp": "2025-10-02T20:01:16Z",
    "version": "1",
    "changeset": "172764439",
    "user": "Angel H Cervantes",
    "uid": "23254573",
    "highway": "service",
    "id": "way/1434933628"
  },
  "geometry": {
    "type": "LineString",
    "coordinates": [
      [
        -94.5576701,
        18.0070275
      ],
      [
        -94.5572231,
        18.0070224
      ],
      [
        -94.5572196,
        18.0067855
      ]
    ]
  }
},
{
  "type": "Feature",
  "id": "way/1434933629",
  "properties": {
    "timestamp": "2025-10-02T20:01:16Z",
    "version": "1",
    "changeset": "172764439",
    "user": "Angel H Cervantes",
    "uid": "23254573",
    "highway": "service",
    "id": "way/1434933629"
  },
  "geometry": {
    "type": "LineString",
    "coordinates": [
      [
        -94.5574664,
        18.0061493
      ],
      [
        -94.5574574,
        18.0057419
      ],
      [
        -94.5573091,
        18.0057393
      ],
      [
        -94.5568619,
        18.0057313
      ],
      [
        -94.5565619,
        18.0057259
      ]
    ]
  }
},
{
  "type": "Feature",
  "id": "way/1434933630",
  "properties": {
    "timestamp": "2025-10-02T20:01:16Z",
    "version": "1",
    "changeset": "172764439",
    "user": "Angel H Cervantes",
    "uid": "23254573",
    "highway": "service",
    "id": "way/1434933630"
  },
  "geometry": {
    "type": "LineString",
    "coordinates": [
      [
        -94.5568655,
        18.0061493
      ],
      [
        -94.5568619,
        18.0057313
      ]
    ]
  }
},
{
  "type": "Feature",
  "id": "way/1434933631",
  "properties": {
    "timestamp": "2025-10-02T20:01:16Z",
    "version": "1",
    "changeset": "172764439",
    "user": "Angel H Cervantes",
    "uid": "23254573",
    "highway": "service",
    "id": "way/1434933631"
  },
  "geometry": {
    "type": "LineString",
    "coordinates": [
      [
        -94.5573143,
        18.0061493
      ],
      [
        -94.5573091,
        18.0057393
      ]
    ]
  }
},
{
  "type": "Feature",
  "id": "way/1434933632",
  "properties": {
    "timestamp": "2025-10-02T20:01:16Z",
    "version": "1",
    "changeset": "172764439",
    "user": "Angel H Cervantes",
    "uid": "23254573",
    "highway": "service",
    "id": "way/1434933632"
  },
  "geometry": {
    "type": "LineString",
    "coordinates": [
      [
        -94.5568764,
        18.0065957
      ],
      [
        -94.5569634,
        18.0065956
      ]
    ]
  }
},
{
  "type": "Feature",
  "id": "node/3962824640",
  "properties": {
    "timestamp": "2016-01-24T04:00:07Z",
    "version": "1",
    "changeset": "36769457",
    "user": "mikertw",
    "uid": "733941",
    "amenity": "restaurant",
    "name": "Taqueria",
    "id": "node/3962824640"
  },
  "geometry": {
    "type": "Point",
    "coordinates": [
      -94.5558142,
      18.0045123
    ]
  }
},
{
  "type": "Feature",
  "id": "node/3962824644",
  "properties": {
    "timestamp": "2016-01-24T04:00:07Z",
    "version": "1",
    "changeset": "36769457",
    "user": "mikertw",
    "uid": "733941",
    "name": "Posada Jardin",
    "tourism": "hotel",
    "id": "node/3962824644"
  },
  "geometry": {
    "type": "Point",
    "coordinates": [
      -94.5543758,
      18.006323
    ]
  }
},
{
  "type": "Feature",
  "id": "node/3962824650",
  "properties": {
    "timestamp": "2022-12-30T23:48:01Z",
    "version": "3",
    "changeset": "130706045",
    "user": "Moisés Torres",
    "uid": "18134887",
    "brand": "Oxxo",
    "brand:wikidata": "Q1342538",
    "name": "Oxxo",
    "shop": "convenience",
    "id": "node/3962824650"
  },
  "geometry": {
    "type": "Point",
    "coordinates": [
      -94.5553377,
      18.0043607
    ]
  }
},
{
  "type": "Feature",
  "id": "node/8201353636",
  "properties": {
    "timestamp": "2020-12-07T09:16:33Z",
    "version": "1",
    "changeset": "95408246",
    "user": "BanjaraHills",
    "uid": "10811160",
    "railway": "level_crossing",
    "id": "node/8201353636"
  },
  "geometry": {
    "type": "Point",
    "coordinates": [
      -94.5560436,
      18.000477
    ]
  }
},
{
  "type": "Feature",
  "id": "node/11071924792",
  "properties": {
    "timestamp": "2023-07-27T20:17:13Z",
    "version": "1",
    "changeset": "139105870",
    "user": "म्यापर",
    "uid": "17365610",
    "highway": "crossing",
    "id": "node/11071924792"
  },
  "geometry": {
    "type": "Point",
    "coordinates": [
      -94.5562261,
      18.0037516
    ]
  }
},
{
  "type": "Feature",
  "id": "node/11071924793",
  "properties": {
    "timestamp": "2023-07-27T20:17:13Z",
    "version": "1",
    "changeset": "139105870",
    "user": "म्यापर",
    "uid": "17365610",
    "highway": "crossing",
    "id": "node/11071924793"
  },
  "geometry": {
    "type": "Point",
    "coordinates": [
      -94.5563452,
      18.0038529
    ]
  }
},
{
  "type": "Feature",
  "id": "node/13139673259",
  "properties": {
    "timestamp": "2025-09-12T18:31:44Z",
    "version": "1",
    "changeset": "171845725",
    "user": "AndresSM30",
    "uid": "23279192",
    "leisure": "sports_centre",
    "name": "Domo",
    "id": "node/13139673259"
  },
  "geometry": {
    "type": "Point",
    "coordinates": [
      -94.5576709,
      18.0060325
    ]
  }
},
{
  "type": "Feature",
  "id": "node/13139673260",
  "properties": {
    "timestamp": "2025-09-30T15:53:11Z",
    "version": "2",
    "changeset": "172667502",
    "user": "TecNM campus Minatitlán",
    "uid": "23257776",
    "name": "Edificio. LISC",
    "office": "it",
    "id": "node/13139673260"
  },
  "geometry": {
    "type": "Point",
    "coordinates": [
      -94.5574778,
      18.0064814
    ]
  }
},
{
  "type": "Feature",
  "id": "node/13139673261",
  "properties": {
    "timestamp": "2025-09-12T18:31:44Z",
    "version": "1",
    "changeset": "171845725",
    "user": "AndresSM30",
    "uid": "23279192",
    "amenity": "cafe",
    "name": "Cafeteria",
    "id": "node/13139673261"
  },
  "geometry": {
    "type": "Point",
    "coordinates": [
      -94.5571071,
      18.0064557
    ]
  }
},
{
  "type": "Feature",
  "id": "node/13139673262",
  "properties": {
    "timestamp": "2025-09-30T15:53:11Z",
    "version": "2",
    "changeset": "172667502",
    "user": "TecNM campus Minatitlán",
    "uid": "23257776",
    "addr:city": "Minatitlán",
    "addr:postcode": "96848",
    "addr:state": "Ver",
    "addr:street": "Boulevard Instituto Tecnológico (Carretera Transístmica)",
    "amenity": "school",
    "grades": "2",
    "name": "Edificio H",
    "operator": "Aulas de Clases",
    "operator:type": "clases",
    "id": "node/13139673262"
  },
  "geometry": {
    "type": "Point",
    "coordinates": [
      -94.5571291,
      18.0062283
    ]
  }
},
{
  "type": "Feature",
  "id": "node/13139673263",
  "properties": {
    "timestamp": "2025-09-12T18:31:44Z",
    "version": "1",
    "changeset": "171845725",
    "user": "AndresSM30",
    "uid": "23279192",
    "amenity": "school",
    "name": "Edificio G",
    "id": "node/13139673263"
  },
  "geometry": {
    "type": "Point",
    "coordinates": [
      -94.5571236,
      18.0059792
    ]
  }
},
{
  "type": "Feature",
  "id": "node/13139673264",
  "properties": {
    "timestamp": "2025-09-12T18:31:44Z",
    "version": "1",
    "changeset": "171845725",
    "user": "AndresSM30",
    "uid": "23279192",
    "amenity": "research_institute",
    "name": "Edificio LIE-2",
    "id": "node/13139673264"
  },
  "geometry": {
    "type": "Point",
    "coordinates": [
      -94.557472,
      18.00671
    ]
  }
},
{
  "type": "Feature",
  "id": "node/13139673265",
  "properties": {
    "timestamp": "2025-10-14T21:24:17Z",
    "version": "2",
    "changeset": "173294474",
    "user": "AndresSM30",
    "uid": "23279192",
    "amenity": "research_institute",
    "name": "Edificio LIE-1",
    "id": "node/13139673265"
  },
  "geometry": {
    "type": "Point",
    "coordinates": [
      -94.5574331,
      18.0069005
    ]
  }
},
{
  "type": "Feature",
  "id": "node/13139673266",
  "properties": {
    "timestamp": "2025-09-12T18:31:44Z",
    "version": "1",
    "changeset": "171845725",
    "user": "AndresSM30",
    "uid": "23279192",
    "amenity": "school",
    "name": "Edificio CECT",
    "id": "node/13139673266"
  },
  "geometry": {
    "type": "Point",
    "coordinates": [
      -94.5574421,
      18.0071819
    ]
  }
},
{
  "type": "Feature",
  "id": "node/13139673267",
  "properties": {
    "timestamp": "2025-09-12T18:31:44Z",
    "version": "1",
    "changeset": "171845725",
    "user": "AndresSM30",
    "uid": "23279192",
    "name": "Suabastacion",
    "power": "substation",
    "id": "node/13139673267"
  },
  "geometry": {
    "type": "Point",
    "coordinates": [
      -94.5570638,
      18.0066718
    ]
  }
},
{
  "type": "Feature",
  "id": "node/13139673270",
  "properties": {
    "timestamp": "2025-09-30T15:53:11Z",
    "version": "2",
    "changeset": "172667502",
    "user": "TecNM campus Minatitlán",
    "uid": "23257776",
    "crossing": "unmarked",
    "crossing:markings": "no",
    "highway": "crossing",
    "id": "node/13139673270"
  },
  "geometry": {
    "type": "Point",
    "coordinates": [
      -94.5565702,
      18.0059212
    ]
  }
},
{
  "type": "Feature",
  "id": "node/13139673272",
  "properties": {
    "timestamp": "2025-09-12T18:31:44Z",
    "version": "1",
    "changeset": "171845725",
    "user": "AndresSM30",
    "uid": "23279192",
    "amenity": "library",
    "name": "Edificio O",
    "id": "node/13139673272"
  },
  "geometry": {
    "type": "Point",
    "coordinates": [
      -94.5566627,
      18.0063285
    ]
  }
},
{
  "type": "Feature",
  "id": "node/13139673273",
  "properties": {
    "timestamp": "2025-09-12T18:31:44Z",
    "version": "1",
    "changeset": "171845725",
    "user": "AndresSM30",
    "uid": "23279192",
    "amenity": "school",
    "name": "Edificio J",
    "id": "node/13139673273"
  },
  "geometry": {
    "type": "Point",
    "coordinates": [
      -94.5566346,
      18.0067243
    ]
  }
},
{
  "type": "Feature",
  "id": "node/13139673274",
  "properties": {
    "timestamp": "2025-09-12T18:31:44Z",
    "version": "1",
    "changeset": "171845725",
    "user": "AndresSM30",
    "uid": "23279192",
    "amenity": "school",
    "name": "Edificio I",
    "id": "node/13139673274"
  },
  "geometry": {
    "type": "Point",
    "coordinates": [
      -94.556756,
      18.0069246
    ]
  }
},
{
  "type": "Feature",
  "id": "node/13139673275",
  "properties": {
    "timestamp": "2025-09-12T18:31:44Z",
    "version": "1",
    "changeset": "171845725",
    "user": "AndresSM30",
    "uid": "23279192",
    "amenity": "research_institute",
    "name": "Edificio de LII",
    "id": "node/13139673275"
  },
  "geometry": {
    "type": "Point",
    "coordinates": [
      -94.5571032,
      18.0056146
    ]
  }
},
{
  "type": "Feature",
  "id": "node/13139673276",
  "properties": {
    "timestamp": "2025-09-12T18:31:44Z",
    "version": "1",
    "changeset": "171845725",
    "user": "AndresSM30",
    "uid": "23279192",
    "amenity": "school",
    "name": "Edificio E",
    "id": "node/13139673276"
  },
  "geometry": {
    "type": "Point",
    "coordinates": [
      -94.5567752,
      18.0055757
    ]
  }
},
{
  "type": "Feature",
  "id": "node/13139673277",
  "properties": {
    "timestamp": "2025-09-12T18:31:44Z",
    "version": "1",
    "changeset": "171845725",
    "user": "AndresSM30",
    "uid": "23279192",
    "amenity": "language_school",
    "name": "Edificio CI",
    "id": "node/13139673277"
  },
  "geometry": {
    "type": "Point",
    "coordinates": [
      -94.5567909,
      18.0054216
    ]
  }
},
{
  "type": "Feature",
  "id": "node/13139673278",
  "properties": {
    "timestamp": "2025-09-12T18:31:44Z",
    "version": "1",
    "changeset": "171845725",
    "user": "AndresSM30",
    "uid": "23279192",
    "amenity": "school",
    "name": "Edificio D",
    "id": "node/13139673278"
  },
  "geometry": {
    "type": "Point",
    "coordinates": [
      -94.5563057,
      18.0055249
    ]
  }
},
{
  "type": "Feature",
  "id": "node/13139673279",
  "properties": {
    "timestamp": "2025-09-12T18:31:44Z",
    "version": "1",
    "changeset": "171845725",
    "user": "AndresSM30",
    "uid": "23279192",
    "amenity": "school",
    "name": "Edificio C",
    "id": "node/13139673279"
  },
  "geometry": {
    "type": "Point",
    "coordinates": [
      -94.5564048,
      18.0052848
    ]
  }
},
{
  "type": "Feature",
  "id": "node/13139673280",
  "properties": {
    "timestamp": "2025-09-12T18:31:44Z",
    "version": "1",
    "changeset": "171845725",
    "user": "AndresSM30",
    "uid": "23279192",
    "amenity": "school",
    "name": "Edificio F",
    "id": "node/13139673280"
  },
  "geometry": {
    "type": "Point",
    "coordinates": [
      -94.5565833,
      18.0057926
    ]
  }
},
{
  "type": "Feature",
  "id": "node/13139673281",
  "properties": {
    "timestamp": "2025-09-12T18:31:44Z",
    "version": "1",
    "changeset": "171845725",
    "user": "AndresSM30",
    "uid": "23279192",
    "amenity": "school",
    "name": "Edificio DPI",
    "id": "node/13139673281"
  },
  "geometry": {
    "type": "Point",
    "coordinates": [
      -94.5562137,
      18.0060021
    ]
  }
},
{
  "type": "Feature",
  "id": "node/13139673282",
  "properties": {
    "timestamp": "2025-09-12T18:31:44Z",
    "version": "1",
    "changeset": "171845725",
    "user": "AndresSM30",
    "uid": "23279192",
    "amenity": "school",
    "name": "Edificio LQG",
    "id": "node/13139673282"
  },
  "geometry": {
    "type": "Point",
    "coordinates": [
      -94.5560406,
      18.0057126
    ]
  }
},
{
  "type": "Feature",
  "id": "node/13139673283",
  "properties": {
    "timestamp": "2025-09-12T18:31:44Z",
    "version": "1",
    "changeset": "171845725",
    "user": "AndresSM30",
    "uid": "23279192",
    "amenity": "research_institute",
    "name": "Edificio UVMA",
    "id": "node/13139673283"
  },
  "geometry": {
    "type": "Point",
    "coordinates": [
      -94.5557874,
      18.0059295
    ]
  }
},
{
  "type": "Feature",
  "id": "node/13139673288",
  "properties": {
    "timestamp": "2025-09-12T18:31:44Z",
    "version": "1",
    "changeset": "171845725",
    "user": "AndresSM30",
    "uid": "23279192",
    "amenity": "school",
    "name": "Edificio AC",
    "id": "node/13139673288"
  },
  "geometry": {
    "type": "Point",
    "coordinates": [
      -94.556393,
      18.0050462
    ]
  }
},
{
  "type": "Feature",
  "id": "node/13139673289",
  "properties": {
    "timestamp": "2025-09-30T03:24:35Z",
    "version": "2",
    "changeset": "172639812",
    "user": "TecNM campus Minatitlán",
    "uid": "23257776",
    "amenity": "school",
    "name": "Entrada lateral",
    "id": "node/13139673289"
  },
  "geometry": {
    "type": "Point",
    "coordinates": [
      -94.55627,
      18.0049725
    ]
  }
},
{
  "type": "Feature",
  "id": "node/13139673290",
  "properties": {
    "timestamp": "2025-09-12T18:31:44Z",
    "version": "1",
    "changeset": "171845725",
    "user": "AndresSM30",
    "uid": "23279192",
    "amenity": "school",
    "name": "Entrada principal",
    "id": "node/13139673290"
  },
  "geometry": {
    "type": "Point",
    "coordinates": [
      -94.555433,
      18.0053377
    ]
  }
},
{
  "type": "Feature",
  "id": "node/13139673291",
  "properties": {
    "timestamp": "2025-09-30T02:40:57Z",
    "version": "2",
    "changeset": "172639095",
    "user": "TecNM campus Minatitlán",
    "uid": "23257776",
    "addr:city": "Minatitlán",
    "addr:postcode": "96848",
    "addr:state": "Ver",
    "addr:street": "Boulevard Instituto Tecnológico (Carretera Transístmica)",
    "name": "Edificio ACB",
    "office": "educational_institution",
    "opening_hours": "Mo-Fr 09:00-18:00",
    "phone": "9222224345",
    "website": "https://minatitlan.tecnm.mx/",
    "id": "node/13139673291"
  },
  "geometry": {
    "type": "Point",
    "coordinates": [
      -94.5558909,
      18.005178
    ]
  }
},
{
  "type": "Feature",
  "id": "node/13139673292",
  "properties": {
    "timestamp": "2025-09-12T18:31:44Z",
    "version": "1",
    "changeset": "171845725",
    "user": "AndresSM30",
    "uid": "23279192",
    "name": "Edificio ACA",
    "office": "educational_institution",
    "id": "node/13139673292"
  },
  "geometry": {
    "type": "Point",
    "coordinates": [
      -94.5558862,
      18.0049462
    ]
  }
},
{
  "type": "Feature",
  "id": "node/13139673293",
  "properties": {
    "timestamp": "2025-09-12T18:31:44Z",
    "version": "1",
    "changeset": "171845725",
    "user": "AndresSM30",
    "uid": "23279192",
    "amenity": "school",
    "name": "Edificio B",
    "id": "node/13139673293"
  },
  "geometry": {
    "type": "Point",
    "coordinates": [
      -94.5556422,
      18.005425
    ]
  }
},
{
  "type": "Feature",
  "id": "node/13139673294",
  "properties": {
    "timestamp": "2025-09-12T18:31:44Z",
    "version": "1",
    "changeset": "171845725",
    "user": "AndresSM30",
    "uid": "23279192",
    "amenity": "school",
    "name": "Edificio A",
    "id": "node/13139673294"
  },
  "geometry": {
    "type": "Point",
    "coordinates": [
      -94.5553636,
      18.0056457
    ]
  }
},
{
  "type": "Feature",
  "id": "node/13139673295",
  "properties": {
    "timestamp": "2025-09-12T18:31:44Z",
    "version": "1",
    "changeset": "171845725",
    "user": "AndresSM30",
    "uid": "23279192",
    "amenity": "research_institute",
    "name": "Edificio LIQP",
    "id": "node/13139673295"
  },
  "geometry": {
    "type": "Point",
    "coordinates": [
      -94.5549459,
      18.0058157
    ]
  }
},
{
  "type": "Feature",
  "id": "node/13139673296",
  "properties": {
    "timestamp": "2025-09-12T18:31:44Z",
    "version": "1",
    "changeset": "171845725",
    "user": "AndresSM30",
    "uid": "23279192",
    "amenity": "research_institute",
    "name": "Edificio LCI",
    "id": "node/13139673296"
  },
  "geometry": {
    "type": "Point",
    "coordinates": [
      -94.5553519,
      18.006011
    ]
  }
},
{
  "type": "Feature",
  "id": "node/13139673297",
  "properties": {
    "timestamp": "2025-09-12T18:31:44Z",
    "version": "1",
    "changeset": "171845725",
    "user": "AndresSM30",
    "uid": "23279192",
    "amenity": "school",
    "name": "Edificio LIEM",
    "id": "node/13139673297"
  },
  "geometry": {
    "type": "Point",
    "coordinates": [
      -94.5557267,
      18.0062752
    ]
  }
},
{
  "type": "Feature",
  "id": "node/13139673298",
  "properties": {
    "timestamp": "2025-09-12T18:31:44Z",
    "version": "1",
    "changeset": "171845725",
    "user": "AndresSM30",
    "uid": "23279192",
    "amenity": "school",
    "name": "Edificio LAI",
    "id": "node/13139673298"
  },
  "geometry": {
    "type": "Point",
    "coordinates": [
      -94.5562375,
      18.006642
    ]
  }
},
{
  "type": "Feature",
  "id": "node/13139673299",
  "properties": {
    "timestamp": "2025-09-12T18:31:44Z",
    "version": "1",
    "changeset": "171845725",
    "user": "AndresSM30",
    "uid": "23279192",
    "amenity": "cafe",
    "name": "Palapa",
    "id": "node/13139673299"
  },
  "geometry": {
    "type": "Point",
    "coordinates": [
      -94.5560301,
      18.0066074
    ]
  }
},
{
  "type": "Feature",
  "id": "node/13139673300",
  "properties": {
    "timestamp": "2025-09-12T18:31:44Z",
    "version": "1",
    "changeset": "171845725",
    "user": "AndresSM30",
    "uid": "23279192",
    "amenity": "school",
    "name": "Edificio V",
    "id": "node/13139673300"
  },
  "geometry": {
    "type": "Point",
    "coordinates": [
      -94.5559496,
      18.006511
    ]
  }
},
{
  "type": "Feature",
  "id": "node/13139686801",
  "properties": {
    "timestamp": "2025-09-12T18:31:44Z",
    "version": "1",
    "changeset": "171845725",
    "user": "AndresSM30",
    "uid": "23279192",
    "amenity": "school",
    "name": "Edificio S.G",
    "id": "node/13139686801"
  },
  "geometry": {
    "type": "Point",
    "coordinates": [
      -94.555679,
      18.0065002
    ]
  }
},
{
  "type": "Feature",
  "id": "node/13139686802",
  "properties": {
    "timestamp": "2025-09-12T18:31:44Z",
    "version": "1",
    "changeset": "171845725",
    "user": "AndresSM30",
    "uid": "23279192",
    "amenity": "school",
    "name": "Edificio X",
    "id": "node/13139686802"
  },
  "geometry": {
    "type": "Point",
    "coordinates": [
      -94.5546294,
      18.0059472
    ]
  }
},
{
  "type": "Feature",
  "id": "node/13182425694",
  "properties": {
    "timestamp": "2025-09-30T02:40:57Z",
    "version": "1",
    "changeset": "172639095",
    "user": "TecNM campus Minatitlán",
    "uid": "23257776",
    "crossing": "unmarked",
    "crossing:markings": "no",
    "highway": "crossing",
    "id": "node/13182425694"
  },
  "geometry": {
    "type": "Point",
    "coordinates": [
      -94.5556973,
      18.0053398
    ]
  }
},
{
  "type": "Feature",
  "id": "node/13182469813",
  "properties": {
    "timestamp": "2025-09-30T02:40:57Z",
    "version": "1",
    "changeset": "172639095",
    "user": "TecNM campus Minatitlán",
    "uid": "23257776",
    "crossing": "unmarked",
    "crossing:markings": "no",
    "highway": "crossing",
    "id": "node/13182469813"
  },
  "geometry": {
    "type": "Point",
    "coordinates": [
      -94.5558605,
      18.0053387
    ]
  }
},
{
  "type": "Feature",
  "id": "node/13182469814",
  "properties": {
    "timestamp": "2025-09-30T02:40:57Z",
    "version": "1",
    "changeset": "172639095",
    "user": "TecNM campus Minatitlán",
    "uid": "23257776",
    "crossing": "unmarked",
    "crossing:markings": "no",
    "highway": "crossing",
    "id": "node/13182469814"
  },
  "geometry": {
    "type": "Point",
    "coordinates": [
      -94.5558675,
      18.0058989
    ]
  }
},
{
  "type": "Feature",
  "id": "node/13182469815",
  "properties": {
    "timestamp": "2025-09-30T02:40:57Z",
    "version": "1",
    "changeset": "172639095",
    "user": "TecNM campus Minatitlán",
    "uid": "23257776",
    "crossing": "unmarked",
    "crossing:markings": "no",
    "highway": "crossing",
    "id": "node/13182469815"
  },
  "geometry": {
    "type": "Point",
    "coordinates": [
      -94.5558665,
      18.0057967
    ]
  }
},
{
  "type": "Feature",
  "id": "node/13182469818",
  "properties": {
    "timestamp": "2025-09-30T02:40:57Z",
    "version": "1",
    "changeset": "172639095",
    "user": "TecNM campus Minatitlán",
    "uid": "23257776",
    "crossing": "unmarked",
    "crossing:markings": "no",
    "highway": "crossing",
    "id": "node/13182469818"
  },
  "geometry": {
    "type": "Point",
    "coordinates": [
      -94.5554542,
      18.0053593
    ]
  }
},
{
  "type": "Feature",
  "id": "node/13182469822",
  "properties": {
    "timestamp": "2025-09-30T02:40:57Z",
    "version": "1",
    "changeset": "172639095",
    "user": "TecNM campus Minatitlán",
    "uid": "23257776",
    "crossing": "unmarked",
    "crossing:markings": "no",
    "highway": "crossing",
    "id": "node/13182469822"
  },
  "geometry": {
    "type": "Point",
    "coordinates": [
      -94.5555126,
      18.0058012
    ]
  }
},
{
  "type": "Feature",
  "id": "node/13182505587",
  "properties": {
    "timestamp": "2025-09-30T03:24:35Z",
    "version": "1",
    "changeset": "172639812",
    "user": "TecNM campus Minatitlán",
    "uid": "23257776",
    "crossing": "unmarked",
    "crossing:markings": "no",
    "highway": "crossing",
    "id": "node/13182505587"
  },
  "geometry": {
    "type": "Point",
    "coordinates": [
      -94.5562266,
      18.0050726
    ]
  }
},
{
  "type": "Feature",
  "id": "node/13182505588",
  "properties": {
    "timestamp": "2025-09-30T03:24:35Z",
    "version": "1",
    "changeset": "172639812",
    "user": "TecNM campus Minatitlán",
    "uid": "23257776",
    "crossing": "unmarked",
    "crossing:markings": "no",
    "highway": "crossing",
    "id": "node/13182505588"
  },
  "geometry": {
    "type": "Point",
    "coordinates": [
      -94.5562385,
      18.0056535
    ]
  }
},
{
  "type": "Feature",
  "id": "node/13182505590",
  "properties": {
    "timestamp": "2025-09-30T03:24:35Z",
    "version": "1",
    "changeset": "172639812",
    "user": "TecNM campus Minatitlán",
    "uid": "23257776",
    "crossing": "unmarked",
    "crossing:markings": "no",
    "highway": "crossing",
    "id": "node/13182505590"
  },
  "geometry": {
    "type": "Point",
    "coordinates": [
      -94.5562465,
      18.0059221
    ]
  }
},
{
  "type": "Feature",
  "id": "node/13182505591",
  "properties": {
    "timestamp": "2025-09-30T15:53:11Z",
    "version": "2",
    "changeset": "172667502",
    "user": "TecNM campus Minatitlán",
    "uid": "23257776",
    "crossing": "uncontrolled",
    "crossing:markings": "yes",
    "highway": "crossing",
    "id": "node/13182505591"
  },
  "geometry": {
    "type": "Point",
    "coordinates": [
      -94.5564093,
      18.0059271
    ]
  }
},
{
  "type": "Feature",
  "id": "node/13182505592",
  "properties": {
    "timestamp": "2025-09-30T03:24:35Z",
    "version": "1",
    "changeset": "172639812",
    "user": "TecNM campus Minatitlán",
    "uid": "23257776",
    "crossing": "unmarked",
    "crossing:markings": "no",
    "highway": "crossing",
    "id": "node/13182505592"
  },
  "geometry": {
    "type": "Point",
    "coordinates": [
      -94.5566694,
      18.0061493
    ]
  }
},
{
  "type": "Feature",
  "id": "node/13182505593",
  "properties": {
    "timestamp": "2025-09-30T03:24:35Z",
    "version": "1",
    "changeset": "172639812",
    "user": "TecNM campus Minatitlán",
    "uid": "23257776",
    "crossing": "unmarked",
    "crossing:markings": "no",
    "highway": "crossing",
    "id": "node/13182505593"
  },
  "geometry": {
    "type": "Point",
    "coordinates": [
      -94.5574664,
      18.0061493
    ]
  }
},
{
  "type": "Feature",
  "id": "node/13182505596",
  "properties": {
    "timestamp": "2025-09-30T03:24:35Z",
    "version": "1",
    "changeset": "172639812",
    "user": "TecNM campus Minatitlán",
    "uid": "23257776",
    "crossing": "unmarked",
    "crossing:markings": "no",
    "highway": "crossing",
    "id": "node/13182505596"
  },
  "geometry": {
    "type": "Point",
    "coordinates": [
      -94.5562327,
      18.0053688
    ]
  }
},
{
  "type": "Feature",
  "id": "node/13184307342",
  "properties": {
    "timestamp": "2025-09-30T15:11:48Z",
    "version": "1",
    "changeset": "172665393",
    "user": "TecNM campus Minatitlán",
    "uid": "23257776",
    "crossing": "unmarked",
    "crossing:markings": "no",
    "highway": "crossing",
    "id": "node/13184307342"
  },
  "geometry": {
    "type": "Point",
    "coordinates": [
      -94.5551718,
      18.0057979
    ]
  }
},
{
  "type": "Feature",
  "id": "node/13184363255",
  "properties": {
    "timestamp": "2025-09-30T15:53:11Z",
    "version": "1",
    "changeset": "172667502",
    "user": "TecNM campus Minatitlán",
    "uid": "23257776",
    "crossing": "unmarked",
    "crossing:markings": "no",
    "highway": "crossing",
    "id": "node/13184363255"
  },
  "geometry": {
    "type": "Point",
    "coordinates": [
      -94.5565619,
      18.0057259
    ]
  }
},
{
  "type": "Feature",
  "id": "node/13184363256",
  "properties": {
    "timestamp": "2025-09-30T15:53:11Z",
    "version": "1",
    "changeset": "172667502",
    "user": "TecNM campus Minatitlán",
    "uid": "23257776",
    "crossing": "unmarked",
    "crossing:markings": "no",
    "highway": "crossing",
    "id": "node/13184363256"
  },
  "geometry": {
    "type": "Point",
    "coordinates": [
      -94.5562343,
      18.0054497
    ]
  }
},
{
  "type": "Feature",
  "id": "node/13184363257",
  "properties": {
    "timestamp": "2025-09-30T15:53:11Z",
    "version": "1",
    "changeset": "172667502",
    "user": "TecNM campus Minatitlán",
    "uid": "23257776",
    "crossing": "unmarked",
    "crossing:markings": "no",
    "highway": "crossing",
    "id": "node/13184363257"
  },
  "geometry": {
    "type": "Point",
    "coordinates": [
      -94.5565529,
      18.0054541
    ]
  }
}
]
}
