{
"type": "FeatureCollection",
"features": [
{
  "type": "Feature",
  "id": "relation/6037654",
  "properties": {
    "timestamp": "2025-06-09T21:34:47Z",
    "version": "7",
    "changeset": "167419002",
    "user": "Daniel Vincenc",
    "uid": "14476883",
    "INEGI:MUNID": "30048",
    "admin_level": "6",
    "boundary": "administrative",
    "name": "Cosoleacaque",
    "official_name": "Municipio de Cosoleacaque",
    "population": "130903",
    "population:date": "2020",
    "source": "INEGI MGN 2014 v6.2",
    "source:population": "https://www.inegi.org.mx/programas/ccpv/2020/#Datos_abiertos",
    "type": "boundary",
    "wikidata": "Q534620",
    "wikipedia": "es:Municipio de Cosoleacaque",
    "id": "relation/6037654"
  },
  "geometry": {
    "type": "Polygon",
    "coordinates": [
      [
        [
          -94.5806911,
          17.9885943
        ],
        [
          -94.5815057,
          17.9886292
        ],
        [
          -94.581791,
          17.9886544
        ],
        [
          -94.5820456,
          17.9886753
        ],
        [
          -94.5825991,
          17.9887164
        ],
        [
          -94.5829696,
          17.9887896
        ],
        [
          -94.5832522,
          17.9888263
        ],
        [
          -94.5841127,
          17.9889191
        ],
        [
          -94.5844189,
          17.9889621
        ],
        [
          -94.5849319,
          17.9890429
        ],
        [
          -94.5856429,
          17.9891316
        ],
        [
          -94.5857821,
          17.9891499
        ],
        [
          -94.5860466,
          17.9891864
        ],
        [
          -94.5864573,
          17.9892414
        ],
        [
          -94.5870708,
          17.9893005
        ],
        [
          -94.5870732,
          17.9896544
        ],
        [
          -94.5870167,
          17.9899165
        ],
        [
          -94.5870111,
          17.9900195
        ],
        [
          -94.5868484,
          17.9913419
        ],
        [
          -94.5867769,
          17.992056
        ],
        [
          -94.5866647,
          17.9927557
        ],
        [
          -94.5866077,
          17.9933663
        ],
        [
          -94.5865505,
          17.9939006
        ],
        [
          -94.5863992,
          17.9948732
        ],
        [
          -94.5864739,
          17.9949374
        ],
        [
          -94.5863669,
          17.9958613
        ],
        [
          -94.5863323,
          17.9961945
        ],
        [
          -94.5862669,
          17.9968233
        ],
        [
          -94.5861418,
          17.9967499
        ],
        [
          -94.5861276,
          17.9969
        ],
        [
          -94.586103,
          17.9970941
        ],
        [
          -94.5860733,
          17.9973584
        ],
        [
          -94.5860014,
          17.9979974
        ],
        [
          -94.5859267,
          17.9986603
        ],
        [
          -94.5858521,
          17.9993233
        ],
        [
          -94.5857771,
          17.9999902
        ],
        [
          -94.5857091,
          18.0005938
        ],
        [
          -94.5856388,
          18.0012188
        ],
        [
          -94.5855629,
          18.0018935
        ],
        [
          -94.5854637,
          18.0024347
        ],
        [
          -94.585358,
          18.0031262
        ],
        [
          -94.5852585,
          18.0037764
        ],
        [
          -94.5852488,
          18.0038401
        ],
        [
          -94.5851584,
          18.0044399
        ],
        [
          -94.5850606,
          18.0050894
        ],
        [
          -94.5849625,
          18.0057404
        ],
        [
          -94.5848671,
          18.0063733
        ],
        [
          -94.5848304,
          18.0066168
        ],
        [
          -94.5847845,
          18.0068491
        ],
        [
          -94.5847475,
          18.0070594
        ],
        [
          -94.5847265,
          18.0072173
        ],
        [
          -94.5846814,
          18.0075385
        ],
        [
          -94.5841746,
          18.0076922
        ],
        [
          -94.5826694,
          18.0080969
        ],
        [
          -94.5826375,
          18.0081056
        ],
        [
          -94.5820843,
          18.0082579
        ],
        [
          -94.5815333,
          18.0084098
        ],
        [
          -94.5814805,
          18.0084244
        ],
        [
          -94.581002,
          18.0085508
        ],
        [
          -94.5809544,
          18.0085634
        ],
        [
          -94.5804413,
          18.0087315
        ],
        [
          -94.5800287,
          18.0088488
        ],
        [
          -94.579903,
          18.0088886
        ],
        [
          -94.5792888,
          18.0090543
        ],
        [
          -94.5788564,
          18.0091807
        ],
        [
          -94.578492,
          18.0091175
        ],
        [
          -94.5784196,
          18.0091485
        ],
        [
          -94.5782439,
          18.0092512
        ],
        [
          -94.5763819,
          18.0097754
        ],
        [
          -94.5761586,
          18.0098352
        ],
        [
          -94.5760062,
          18.0097509
        ],
        [
          -94.5743867,
          18.0101847
        ],
        [
          -94.5742477,
          18.010222
        ],
        [
          -94.5740205,
          18.0102828
        ],
        [
          -94.573619,
          18.0099623
        ],
        [
          -94.572292,
          18.008903
        ],
        [
          -94.5712226,
          18.0079357
        ],
        [
          -94.570675,
          18.0074136
        ],
        [
          -94.570547,
          18.0073076
        ],
        [
          -94.5701347,
          18.006966
        ],
        [
          -94.5696475,
          18.0065623
        ],
        [
          -94.568957,
          18.005971
        ],
        [
          -94.5685818,
          18.0056615
        ],
        [
          -94.5680167,
          18.0052021
        ],
        [
          -94.5674766,
          18.0047804
        ],
        [
          -94.5674661,
          18.0047717
        ],
        [
          -94.5670395,
          18.0044193
        ],
        [
          -94.566406,
          18.0039926
        ],
        [
          -94.5660777,
          18.0038047
        ],
        [
          -94.5656672,
          18.003611
        ],
        [
          -94.565064,
          18.0034321
        ],
        [
          -94.564433,
          18.0032997
        ],
        [
          -94.5637754,
          18.0032042
        ],
        [
          -94.5629791,
          18.0030933
        ],
        [
          -94.5624201,
          18.0030313
        ],
        [
          -94.5615277,
          18.0029469
        ],
        [
          -94.5609419,
          18.002872
        ],
        [
          -94.5606316,
          18.0028341
        ],
        [
          -94.560247,
          18.0027593
        ],
        [
          -94.559763,
          18.0026585
        ],
        [
          -94.5593616,
          18.0025316
        ],
        [
          -94.5591524,
          18.0024499
        ],
        [
          -94.5588019,
          18.0022679
        ],
        [
          -94.5586631,
          18.0021911
        ],
        [
          -94.5583847,
          18.001995
        ],
        [
          -94.5582019,
          18.0018381
        ],
        [
          -94.5581687,
          18.0018727
        ],
        [
          -94.5581072,
          18.0019367
        ],
        [
          -94.5578952,
          18.0021577
        ],
        [
          -94.5574555,
          18.0026161
        ],
        [
          -94.5569744,
          18.0030718
        ],
        [
          -94.5565408,
          18.0035223
        ],
        [
          -94.5561001,
          18.0039902
        ],
        [
          -94.5556362,
          18.004481
        ],
        [
          -94.5551067,
          18.0049032
        ],
        [
          -94.5544762,
          18.0055581
        ],
        [
          -94.5541736,
          18.0058785
        ],
        [
          -94.5538521,
          18.006219
        ],
        [
          -94.5535674,
          18.0065246
        ],
        [
          -94.5527915,
          18.0073151
        ],
        [
          -94.5526612,
          18.0072677
        ],
        [
          -94.5526242,
          18.0072542
        ],
        [
          -94.5520869,
          18.0071518
        ],
        [
          -94.5516404,
          18.0070591
        ],
        [
          -94.5510733,
          18.0069328
        ],
        [
          -94.5502185,
          18.0067518
        ],
        [
          -94.5497826,
          18.0066383
        ],
        [
          -94.5492503,
          18.0065379
        ],
        [
          -94.5492067,
          18.0065302
        ],
        [
          -94.5489368,
          18.0064822
        ],
        [
          -94.5487023,
          18.0064405
        ],
        [
          -94.5486444,
          18.0064304
        ],
        [
          -94.5480854,
          18.0063327
        ],
        [
          -94.5479273,
          18.0062868
        ],
        [
          -94.5477105,
          18.0062506
        ],
        [
          -94.5475241,
          18.0062365
        ],
        [
          -94.5474737,
          18.0062326
        ],
        [
          -94.547369,
          18.0062088
        ],
        [
          -94.5471956,
          18.0062202
        ],
        [
          -94.5471205,
          18.0062174
        ],
        [
          -94.5470278,
          18.0062139
        ],
        [
          -94.5468348,
          18.0061889
        ],
        [
          -94.5467155,
          18.0061823
        ],
        [
          -94.5465867,
          18.0061607
        ],
        [
          -94.5465204,
          18.0061421
        ],
        [
          -94.546404,
          18.0061335
        ],
        [
          -94.5463444,
          18.0061552
        ],
        [
          -94.5461969,
          18.0061386
        ],
        [
          -94.5459391,
          18.0060656
        ],
        [
          -94.5458262,
          18.0061544
        ],
        [
          -94.5457392,
          18.0062734
        ],
        [
          -94.5457412,
          18.0065028
        ],
        [
          -94.5458,
          18.0070031
        ],
        [
          -94.545731,
          18.0074697
        ],
        [
          -94.5459171,
          18.0082132
        ],
        [
          -94.5458799,
          18.0083272
        ],
        [
          -94.5454407,
          18.0083653
        ],
        [
          -94.5450556,
          18.008858
        ],
        [
          -94.5453929,
          18.0091666
        ],
        [
          -94.5461979,
          18.0099245
        ],
        [
          -94.5470426,
          18.0107198
        ],
        [
          -94.5473637,
          18.0110018
        ],
        [
          -94.5483932,
          18.011906
        ],
        [
          -94.5483596,
          18.0119436
        ],
        [
          -94.5482997,
          18.0120115
        ],
        [
          -94.5482127,
          18.01211
        ],
        [
          -94.5481825,
          18.0121442
        ],
        [
          -94.5479296,
          18.0124307
        ],
        [
          -94.5475102,
          18.0129058
        ],
        [
          -94.5470744,
          18.0133582
        ],
        [
          -94.5467611,
          18.0136835
        ],
        [
          -94.5466807,
          18.0137719
        ],
        [
          -94.5464304,
          18.0140268
        ],
        [
          -94.5462166,
          18.0142488
        ],
        [
          -94.5458395,
          18.0147387
        ],
        [
          -94.5455292,
          18.0153015
        ],
        [
          -94.5454093,
          18.0158099
        ],
        [
          -94.5450266,
          18.0163995
        ],
        [
          -94.544185,
          18.0174565
        ],
        [
          -94.5434131,
          18.018276
        ],
        [
          -94.5428443,
          18.0184902
        ],
        [
          -94.5422436,
          18.0184794
        ],
        [
          -94.5420867,
          18.0186298
        ],
        [
          -94.5395673,
          18.0212676
        ],
        [
          -94.5383921,
          18.022498
        ],
        [
          -94.5379167,
          18.0229976
        ],
        [
          -94.5373054,
          18.02364
        ],
        [
          -94.5366686,
          18.0243092
        ],
        [
          -94.5335469,
          18.0275894
        ],
        [
          -94.532763,
          18.0284131
        ],
        [
          -94.5338507,
          18.029298
        ],
        [
          -94.5357038,
          18.0308076
        ],
        [
          -94.5369198,
          18.03043
        ],
        [
          -94.5396332,
          18.0296068
        ],
        [
          -94.5410238,
          18.0291058
        ],
        [
          -94.5417564,
          18.028839
        ],
        [
          -94.5421356,
          18.0286766
        ],
        [
          -94.5425676,
          18.0284744
        ],
        [
          -94.5428859,
          18.0283212
        ],
        [
          -94.5435801,
          18.0279874
        ],
        [
          -94.5439927,
          18.0278015
        ],
        [
          -94.5440746,
          18.0277608
        ],
        [
          -94.546415,
          18.0265856
        ],
        [
          -94.5472473,
          18.0261816
        ],
        [
          -94.5474112,
          18.0261015
        ],
        [
          -94.5478481,
          18.0259934
        ],
        [
          -94.5480018,
          18.0259554
        ],
        [
          -94.5499792,
          18.025466
        ],
        [
          -94.5507124,
          18.0252845
        ],
        [
          -94.5535338,
          18.0245861
        ],
        [
          -94.5553611,
          18.0241338
        ],
        [
          -94.5556396,
          18.0240648
        ],
        [
          -94.5544923,
          18.0230362
        ],
        [
          -94.5543258,
          18.0217881
        ],
        [
          -94.5546132,
          18.021257
        ],
        [
          -94.5551834,
          18.020922
        ],
        [
          -94.5555609,
          18.0208705
        ],
        [
          -94.5532392,
          18.0204502
        ],
        [
          -94.553608,
          18.0201761
        ],
        [
          -94.5536692,
          18.0201237
        ],
        [
          -94.5540038,
          18.0198794
        ],
        [
          -94.5543161,
          18.0196597
        ],
        [
          -94.5543421,
          18.0196414
        ],
        [
          -94.5545992,
          18.0194434
        ],
        [
          -94.5547376,
          18.0193405
        ],
        [
          -94.555139,
          18.019042
        ],
        [
          -94.5555348,
          18.0187478
        ],
        [
          -94.5556404,
          18.0186693
        ],
        [
          -94.555666,
          18.0186015
        ],
        [
          -94.5559942,
          18.0184383
        ],
        [
          -94.5562682,
          18.0182339
        ],
        [
          -94.556416,
          18.0181201
        ],
        [
          -94.5570044,
          18.0176711
        ],
        [
          -94.557077,
          18.0176156
        ],
        [
          -94.5573259,
          18.017451
        ],
        [
          -94.5575195,
          18.017323
        ],
        [
          -94.5579475,
          18.01704
        ]
      ]
    ]
  }
},
{
  "type": "Feature",
  "id": "relation/6037729",
  "properties": {
    "timestamp": "2023-12-27T04:24:59Z",
    "version": "9",
    "changeset": "145557368",
    "user": "Trevor_1",
    "uid": "3715012",
    "INEGI:MUNID": "30108",
    "admin_level": "6",
    "boundary": "administrative",
    "name": "Minatitlán",
    "official_name": "Municipio de Minatitlán",
    "population": "144776",
    "population:date": "2020",
    "source": "INEGI MGN 2014 v6.2",
    "source:population": "https://www.inegi.org.mx/programas/ccpv/2020/#Datos_abiertos",
    "type": "boundary",
    "wikidata": "Q17279074",
    "wikipedia": "es:Municipio de Minatitlán (Veracruz)",
    "id": "relation/6037729"
  },
  "geometry": {
    "type": "Polygon",
    "coordinates": [
      [
        [
          -94.5806911,
          17.9885943
        ],
        [
          -94.5815057,
          17.9886292
        ],
        [
          -94.581791,
          17.9886544
        ],
        [
          -94.5820456,
          17.9886753
        ],
        [
          -94.5825991,
          17.9887164
        ],
        [
          -94.5829696,
          17.9887896
        ],
        [
          -94.5832522,
          17.9888263
        ],
        [
          -94.5841127,
          17.9889191
        ],
        [
          -94.5844189,
          17.9889621
        ],
        [
          -94.5849319,
          17.9890429
        ],
        [
          -94.5856429,
          17.9891316
        ],
        [
          -94.5857821,
          17.9891499
        ],
        [
          -94.5860466,
          17.9891864
        ],
        [
          -94.5864573,
          17.9892414
        ],
        [
          -94.5870708,
          17.9893005
        ],
        [
          -94.5870732,
          17.9896544
        ],
        [
          -94.5870167,
          17.9899165
        ],
        [
          -94.5870111,
          17.9900195
        ],
        [
          -94.5868484,
          17.9913419
        ],
        [
          -94.5867769,
          17.992056
        ],
        [
          -94.5866647,
          17.9927557
        ],
        [
          -94.5866077,
          17.9933663
        ],
        [
          -94.5865505,
          17.9939006
        ],
        [
          -94.5863992,
          17.9948732
        ],
        [
          -94.5864739,
          17.9949374
        ],
        [
          -94.5863669,
          17.9958613
        ],
        [
          -94.5863323,
          17.9961945
        ],
        [
          -94.5862669,
          17.9968233
        ],
        [
          -94.5861418,
          17.9967499
        ],
        [
          -94.5861276,
          17.9969
        ],
        [
          -94.586103,
          17.9970941
        ],
        [
          -94.5860733,
          17.9973584
        ],
        [
          -94.5860014,
          17.9979974
        ],
        [
          -94.5859267,
          17.9986603
        ],
        [
          -94.5858521,
          17.9993233
        ],
        [
          -94.5857771,
          17.9999902
        ],
        [
          -94.5857091,
          18.0005938
        ],
        [
          -94.5856388,
          18.0012188
        ],
        [
          -94.5855629,
          18.0018935
        ],
        [
          -94.5854637,
          18.0024347
        ],
        [
          -94.585358,
          18.0031262
        ],
        [
          -94.5852585,
          18.0037764
        ],
        [
          -94.5852488,
          18.0038401
        ],
        [
          -94.5851584,
          18.0044399
        ],
        [
          -94.5850606,
          18.0050894
        ],
        [
          -94.5849625,
          18.0057404
        ],
        [
          -94.5848671,
          18.0063733
        ],
        [
          -94.5848304,
          18.0066168
        ],
        [
          -94.5847845,
          18.0068491
        ],
        [
          -94.5847475,
          18.0070594
        ],
        [
          -94.5847265,
          18.0072173
        ],
        [
          -94.5846814,
          18.0075385
        ],
        [
          -94.5841746,
          18.0076922
        ],
        [
          -94.5826694,
          18.0080969
        ],
        [
          -94.5826375,
          18.0081056
        ],
        [
          -94.5820843,
          18.0082579
        ],
        [
          -94.5815333,
          18.0084098
        ],
        [
          -94.5814805,
          18.0084244
        ],
        [
          -94.581002,
          18.0085508
        ],
        [
          -94.5809544,
          18.0085634
        ],
        [
          -94.5804413,
          18.0087315
        ],
        [
          -94.5800287,
          18.0088488
        ],
        [
          -94.579903,
          18.0088886
        ],
        [
          -94.5792888,
          18.0090543
        ],
        [
          -94.5788564,
          18.0091807
        ],
        [
          -94.578492,
          18.0091175
        ],
        [
          -94.5784196,
          18.0091485
        ],
        [
          -94.5782439,
          18.0092512
        ],
        [
          -94.5763819,
          18.0097754
        ],
        [
          -94.5761586,
          18.0098352
        ],
        [
          -94.5760062,
          18.0097509
        ],
        [
          -94.5743867,
          18.0101847
        ],
        [
          -94.5742477,
          18.010222
        ],
        [
          -94.5740205,
          18.0102828
        ],
        [
          -94.573619,
          18.0099623
        ],
        [
          -94.572292,
          18.008903
        ],
        [
          -94.5712226,
          18.0079357
        ],
        [
          -94.570675,
          18.0074136
        ],
        [
          -94.570547,
          18.0073076
        ],
        [
          -94.5701347,
          18.006966
        ],
        [
          -94.5696475,
          18.0065623
        ],
        [
          -94.568957,
          18.005971
        ],
        [
          -94.5685818,
          18.0056615
        ],
        [
          -94.5680167,
          18.0052021
        ],
        [
          -94.5674766,
          18.0047804
        ],
        [
          -94.5674661,
          18.0047717
        ],
        [
          -94.5670395,
          18.0044193
        ],
        [
          -94.566406,
          18.0039926
        ],
        [
          -94.5660777,
          18.0038047
        ],
        [
          -94.5656672,
          18.003611
        ],
        [
          -94.565064,
          18.0034321
        ],
        [
          -94.564433,
          18.0032997
        ],
        [
          -94.5637754,
          18.0032042
        ],
        [
          -94.5629791,
          18.0030933
        ],
        [
          -94.5624201,
          18.0030313
        ],
        [
          -94.5615277,
          18.0029469
        ],
        [
          -94.5609419,
          18.002872
        ],
        [
          -94.5606316,
          18.0028341
        ],
        [
          -94.560247,
          18.0027593
        ],
        [
          -94.559763,
          18.0026585
        ],
        [
          -94.5593616,
          18.0025316
        ],
        [
          -94.5591524,
          18.0024499
        ],
        [
          -94.5588019,
          18.0022679
        ],
        [
          -94.5586631,
          18.0021911
        ],
        [
          -94.5583847,
          18.001995
        ],
        [
          -94.5582019,
          18.0018381
        ],
        [
          -94.5581687,
          18.0018727
        ],
        [
          -94.5581072,
          18.0019367
        ],
        [
          -94.5578952,
          18.0021577
        ],
        [
          -94.5574555,
          18.0026161
        ],
        [
          -94.5569744,
          18.0030718
        ],
        [
          -94.5565408,
          18.0035223
        ],
        [
          -94.5561001,
          18.0039902
        ],
        [
          -94.5556362,
          18.004481
        ],
        [
          -94.5551067,
          18.0049032
        ],
        [
          -94.5544762,
          18.0055581
        ],
        [
          -94.5541736,
          18.0058785
        ],
        [
          -94.5538521,
          18.006219
        ],
        [
          -94.5535674,
          18.0065246
        ],
        [
          -94.5527915,
          18.0073151
        ],
        [
          -94.5526612,
          18.0072677
        ],
        [
          -94.5526242,
          18.0072542
        ],
        [
          -94.5520869,
          18.0071518
        ],
        [
          -94.5516404,
          18.0070591
        ],
        [
          -94.5510733,
          18.0069328
        ],
        [
          -94.5502185,
          18.0067518
        ],
        [
          -94.5497826,
          18.0066383
        ],
        [
          -94.5492503,
          18.0065379
        ],
        [
          -94.5492067,
          18.0065302
        ],
        [
          -94.5489368,
          18.0064822
        ],
        [
          -94.5487023,
          18.0064405
        ],
        [
          -94.5486444,
          18.0064304
        ],
        [
          -94.5480854,
          18.0063327
        ],
        [
          -94.5479273,
          18.0062868
        ],
        [
          -94.5477105,
          18.0062506
        ],
        [
          -94.5475241,
          18.0062365
        ],
        [
          -94.5474737,
          18.0062326
        ],
        [
          -94.547369,
          18.0062088
        ],
        [
          -94.5471956,
          18.0062202
        ],
        [
          -94.5471205,
          18.0062174
        ],
        [
          -94.5470278,
          18.0062139
        ],
        [
          -94.5468348,
          18.0061889
        ],
        [
          -94.5467155,
          18.0061823
        ],
        [
          -94.5465867,
          18.0061607
        ],
        [
          -94.5465204,
          18.0061421
        ],
        [
          -94.546404,
          18.0061335
        ],
        [
          -94.5463444,
          18.0061552
        ],
        [
          -94.5461969,
          18.0061386
        ],
        [
          -94.5459391,
          18.0060656
        ],
        [
          -94.5458262,
          18.0061544
        ],
        [
          -94.5457392,
          18.0062734
        ],
        [
          -94.5457412,
          18.0065028
        ],
        [
          -94.5458,
          18.0070031
        ],
        [
          -94.545731,
          18.0074697
        ],
        [
          -94.5459171,
          18.0082132
        ],
        [
          -94.5458799,
          18.0083272
        ],
        [
          -94.5454407,
          18.0083653
        ],
        [
          -94.5450556,
          18.008858
        ],
        [
          -94.5453929,
          18.0091666
        ],
        [
          -94.5461979,
          18.0099245
        ],
        [
          -94.5470426,
          18.0107198
        ],
        [
          -94.5473637,
          18.0110018
        ],
        [
          -94.5483932,
          18.011906
        ],
        [
          -94.5483596,
          18.0119436
        ],
        [
          -94.5482997,
          18.0120115
        ],
        [
          -94.5482127,
          18.01211
        ],
        [
          -94.5481825,
          18.0121442
        ],
        [
          -94.5479296,
          18.0124307
        ],
        [
          -94.5475102,
          18.0129058
        ],
        [
          -94.5470744,
          18.0133582
        ],
        [
          -94.5467611,
          18.0136835
        ],
        [
          -94.5466807,
          18.0137719
        ],
        [
          -94.5464304,
          18.0140268
        ],
        [
          -94.5462166,
          18.0142488
        ],
        [
          -94.5458395,
          18.0147387
        ],
        [
          -94.5455292,
          18.0153015
        ],
        [
          -94.5454093,
          18.0158099
        ],
        [
          -94.5450266,
          18.0163995
        ],
        [
          -94.544185,
          18.0174565
        ],
        [
          -94.5434131,
          18.018276
        ],
        [
          -94.5428443,
          18.0184902
        ],
        [
          -94.5422436,
          18.0184794
        ],
        [
          -94.5420867,
          18.0186298
        ],
        [
          -94.5395673,
          18.0212676
        ],
        [
          -94.5383921,
          18.022498
        ],
        [
          -94.5379167,
          18.0229976
        ],
        [
          -94.5373054,
          18.02364
        ],
        [
          -94.5366686,
          18.0243092
        ],
        [
          -94.5335469,
          18.0275894
        ],
        [
          -94.532763,
          18.0284131
        ],
        [
          -94.5338507,
          18.029298
        ],
        [
          -94.5357038,
          18.0308076
        ],
        [
          -94.5369198,
          18.03043
        ],
        [
          -94.5396332,
          18.0296068
        ],
        [
          -94.5410238,
          18.0291058
        ],
        [
          -94.5417564,
          18.028839
        ],
        [
          -94.5421356,
          18.0286766
        ],
        [
          -94.5425676,
          18.0284744
        ],
        [
          -94.5428859,
          18.0283212
        ],
        [
          -94.5435801,
          18.0279874
        ],
        [
          -94.5439927,
          18.0278015
        ],
        [
          -94.5440746,
          18.0277608
        ],
        [
          -94.546415,
          18.0265856
        ],
        [
          -94.5472473,
          18.0261816
        ],
        [
          -94.5474112,
          18.0261015
        ],
        [
          -94.5478481,
          18.0259934
        ],
        [
          -94.5480018,
          18.0259554
        ],
        [
          -94.5499792,
          18.025466
        ],
        [
          -94.5507124,
          18.0252845
        ],
        [
          -94.5535338,
          18.0245861
        ],
        [
          -94.5553611,
          18.0241338
        ],
        [
          -94.5556396,
          18.0240648
        ],
        [
          -94.5544923,
          18.0230362
        ],
        [
          -94.5543258,
          18.0217881
        ],
        [
          -94.5546132,
          18.021257
        ],
        [
          -94.5551834,
          18.020922
        ],
        [
          -94.5555609,
          18.0208705
        ],
        [
          -94.5532392,
          18.0204502
        ],
        [
          -94.553608,
          18.0201761
        ],
        [
          -94.5536692,
          18.0201237
        ],
        [
          -94.5540038,
          18.0198794
        ],
        [
          -94.5543161,
          18.0196597
        ],
        [
          -94.5543421,
          18.0196414
        ],
        [
          -94.5545992,
          18.0194434
        ],
        [
          -94.5547376,
          18.0193405
        ],
        [
          -94.555139,
          18.019042
        ],
        [
          -94.5555348,
          18.0187478
        ],
        [
          -94.5556404,
          18.0186693
        ],
        [
          -94.555666,
          18.0186015
        ],
        [
          -94.5559942,
          18.0184383
        ],
        [
          -94.5562682,
          18.0182339
        ],
        [
          -94.556416,
          18.0181201
        ],
        [
          -94.5570044,
          18.0176711
        ],
        [
          -94.557077,
          18.0176156
        ],
        [
          -94.5573259,
          18.017451
        ],
        [
          -94.5575195,
          18.017323
        ],
        [
          -94.5579475,
          18.01704
        ]
      ]
    ]
  }
},
{
  "type": "Feature",
  "id": "relation/15967321",
  "properties": {
    "timestamp": "2024-02-14T02:28:59Z",
    "version": "4",
    "changeset": "147432533",
    "user": "Ferrocarriles de México",
    "uid": "19456985",
    "name": "Línea ZA",
    "route": "tracks",
    "type": "route",
    "id": "relation/15967321"
  },
  "geometry": {
    "type": "LineString",
    "coordinates": [
      [
        -94.5533502,
        17.9987385
      ],
      [
        -94.5545385,
        17.9995038
      ],
      [
        -94.5560436,
        18.000477
      ],
      [
        -94.5580088,
        18.0017476
      ],
      [
        -94.5580359,
        18.0017651
      ],
      [
        -94.5582251,
        18.0018874
      ],
      [
        -94.5582476,
        18.0019036
      ],
      [
        -94.558554,
        18.002123
      ],
      [
        -94.5588187,
        18.0023593
      ],
      [
        -94.5591212,
        18.002713
      ],
      [
        -94.5611097,
        18.0061463
      ],
      [
        -94.5633958,
        18.0096645
      ],
      [
        -94.5652107,
        18.0132344
      ],
      [
        -94.5658802,
        18.014569
      ],
      [
        -94.5660561,
        18.0147947
      ],
      [
        -94.5662706,
        18.015014
      ],
      [
        -94.5665333,
        18.0152159
      ],
      [
        -94.5668335,
        18.0154074
      ],
      [
        -94.5673976,
        18.0156206
      ],
      [
        -94.5679034,
        18.0157432
      ],
      [
        -94.5687663,
        18.0157809
      ],
      [
        -94.5695002,
        18.0156395
      ],
      [
        -94.5751484,
        18.0129126
      ],
      [
        -94.575287,
        18.0128632
      ],
      [
        -94.5754285,
        18.0128221
      ],
      [
        -94.5755724,
        18.0127893
      ],
      [
        -94.5757182,
        18.0127651
      ],
      [
        -94.5758653,
        18.0127494
      ],
      [
        -94.5760131,
        18.0127425
      ],
      [
        -94.5761611,
        18.0127442
      ],
      [
        -94.5762972,
        18.0127535
      ],
      [
        -94.5764326,
        18.0127702
      ],
      [
        -94.5765668,
        18.0127942
      ],
      [
        -94.5766993,
        18.0128255
      ],
      [
        -94.5768298,
        18.0128638
      ],
      [
        -94.5769577,
        18.0129092
      ],
      [
        -94.5772729,
        18.0130468
      ],
      [
        -94.5775454,
        18.013276
      ]
    ]
  }
},
{
  "type": "Feature",
  "id": "relation/17208893",
  "properties": {
    "timestamp": "2024-08-21T10:47:01Z",
    "version": "2",
    "changeset": "155550696",
    "user": "NewryCanal",
    "uid": "19635771",
    "route": "waterway",
    "type": "route",
    "id": "relation/17208893"
  },
  "geometry": {
    "type": "LineString",
    "coordinates": [
      [
        -94.5612064,
        17.9933128
      ],
      [
        -94.5609757,
        17.993369
      ],
      [
        -94.5608845,
        17.9934047
      ],
      [
        -94.5607156,
        17.9935093
      ],
      [
        -94.5606029,
        17.9935985
      ],
      [
        -94.5604768,
        17.9937542
      ],
      [
        -94.5604017,
        17.9938817
      ],
      [
        -94.5603535,
        17.9940144
      ],
      [
        -94.5602194,
        17.994471
      ],
      [
        -94.5601094,
        17.9946343
      ],
      [
        -94.5600745,
        17.9946674
      ],
      [
        -94.5599458,
        17.9947389
      ],
      [
        -94.5596239,
        17.9949608
      ],
      [
        -94.5595059,
        17.9950552
      ],
      [
        -94.559404,
        17.9951572
      ],
      [
        -94.5593128,
        17.995272
      ],
      [
        -94.5593074,
        17.9953179
      ],
      [
        -94.5593154,
        17.9954174
      ],
      [
        -94.5593074,
        17.9954633
      ],
      [
        -94.5592538,
        17.9955399
      ],
      [
        -94.5590593,
        17.9956368
      ],
      [
        -94.5589399,
        17.9956598
      ],
      [
        -94.5588675,
        17.9956853
      ],
      [
        -94.5585671,
        17.995832
      ],
      [
        -94.5583499,
        17.9959812
      ],
      [
        -94.558138,
        17.9961802
      ],
      [
        -94.5576257,
        17.9967439
      ],
      [
        -94.5575197,
        17.9968817
      ],
      [
        -94.5574929,
        17.9969225
      ],
      [
        -94.5574701,
        17.9969888
      ],
      [
        -94.5574754,
        17.9971138
      ],
      [
        -94.5574553,
        17.9971712
      ],
      [
        -94.5573628,
        17.997249
      ],
      [
        -94.5571965,
        17.9973
      ],
      [
        -94.5571563,
        17.9973319
      ],
      [
        -94.5571415,
        17.9974021
      ],
      [
        -94.5571522,
        17.9974684
      ],
      [
        -94.5571147,
        17.9975309
      ],
      [
        -94.557061,
        17.9975845
      ],
      [
        -94.5569712,
        17.9976278
      ],
      [
        -94.556829,
        17.997661
      ],
      [
        -94.5567915,
        17.9976878
      ],
      [
        -94.5567647,
        17.9977273
      ],
      [
        -94.5566909,
        17.9979072
      ],
      [
        -94.5566198,
        17.9980016
      ],
      [
        -94.5565246,
        17.9980437
      ],
      [
        -94.5564482,
        17.9980577
      ],
      [
        -94.556412,
        17.9980283
      ],
      [
        -94.5564213,
        17.9979582
      ],
      [
        -94.556412,
        17.9979352
      ],
      [
        -94.556369,
        17.9979123
      ],
      [
        -94.5562993,
        17.9978931
      ],
      [
        -94.5561732,
        17.9978893
      ],
      [
        -94.5561263,
        17.9979046
      ],
      [
        -94.5560901,
        17.997934
      ],
      [
        -94.5560123,
        17.9981138
      ],
      [
        -94.5559828,
        17.9981533
      ],
      [
        -94.5559238,
        17.9981916
      ],
      [
        -94.5558755,
        17.9982018
      ],
      [
        -94.5557991,
        17.9982005
      ],
      [
        -94.5557293,
        17.9981776
      ],
      [
        -94.5557025,
        17.998138
      ],
      [
        -94.5557012,
        17.9980156
      ],
      [
        -94.5556891,
        17.9979952
      ],
      [
        -94.5556368,
        17.9979888
      ],
      [
        -94.5555134,
        17.9980028
      ],
      [
        -94.5553659,
        17.9980449
      ],
      [
        -94.5553324,
        17.9980794
      ],
      [
        -94.5553082,
        17.9980896
      ],
      [
        -94.5551915,
        17.9980641
      ],
      [
        -94.5551687,
        17.998073
      ],
      [
        -94.5550668,
        17.9981776
      ],
      [
        -94.5548067,
        17.9984072
      ],
      [
        -94.554635,
        17.9985015
      ],
      [
        -94.5545411,
        17.9985169
      ],
      [
        -94.5544982,
        17.9985347
      ],
      [
        -94.5543614,
        17.9986725
      ],
      [
        -94.5542648,
        17.9987056
      ],
      [
        -94.5541146,
        17.9987005
      ],
      [
        -94.5540208,
        17.9986725
      ],
      [
        -94.5538934,
        17.9985857
      ],
      [
        -94.5538209,
        17.9985755
      ],
      [
        -94.5537955,
        17.9985781
      ],
      [
        -94.5537324,
        17.99861
      ],
      [
        -94.5536882,
        17.9986431
      ],
      [
        -94.5536292,
        17.9987222
      ],
      [
        -94.5535849,
        17.9987401
      ],
      [
        -94.553538,
        17.9987362
      ],
      [
        -94.5534642,
        17.9987107
      ],
      [
        -94.55331,
        17.9986878
      ],
      [
        -94.5529707,
        17.9988638
      ],
      [
        -94.5528138,
        17.9989837
      ],
      [
        -94.5526756,
        17.9990449
      ],
      [
        -94.5525482,
        17.9991214
      ],
      [
        -94.5519072,
        17.999527
      ],
      [
        -94.5517489,
        17.999703
      ],
      [
        -94.5515853,
        17.9998204
      ],
      [
        -94.5514593,
        17.9999709
      ],
      [
        -94.5512635,
        18.0001035
      ],
      [
        -94.5511884,
        18.0001648
      ],
      [
        -94.5509443,
        18.0004454
      ],
      [
        -94.5506868,
        18.0006494
      ],
      [
        -94.5504574,
        18.0008752
      ],
      [
        -94.5503019,
        18.0010767
      ],
      [
        -94.5501249,
        18.0012821
      ],
      [
        -94.5500618,
        18.0014938
      ],
      [
        -94.5500202,
        18.0017017
      ],
      [
        -94.5500149,
        18.001805
      ],
      [
        -94.5499827,
        18.0019198
      ],
      [
        -94.5499197,
        18.0020486
      ],
      [
        -94.5498553,
        18.0021494
      ],
      [
        -94.5497856,
        18.002208
      ],
      [
        -94.5496072,
        18.0023267
      ],
      [
        -94.5495656,
        18.002393
      ],
      [
        -94.5495321,
        18.0025818
      ],
      [
        -94.5494007,
        18.0029759
      ],
      [
        -94.5493256,
        18.0031021
      ],
      [
        -94.5491579,
        18.0033445
      ],
      [
        -94.5491043,
        18.0034554
      ],
      [
        -94.5490748,
        18.0035983
      ],
      [
        -94.5490734,
        18.0036978
      ],
      [
        -94.5491163,
        18.003972
      ],
      [
        -94.5490922,
        18.0041352
      ],
      [
        -94.5490466,
        18.0042985
      ],
      [
        -94.5490144,
        18.0043699
      ],
      [
        -94.5489715,
        18.0044299
      ],
      [
        -94.5489326,
        18.0044592
      ],
      [
        -94.548832,
        18.0044681
      ],
      [
        -94.5486537,
        18.0044133
      ],
      [
        -94.5484257,
        18.0044171
      ],
      [
        -94.5483197,
        18.0044847
      ],
      [
        -94.5482245,
        18.0045179
      ],
      [
        -94.5480274,
        18.0045498
      ],
      [
        -94.5478517,
        18.0045561
      ],
      [
        -94.5477833,
        18.0046237
      ],
      [
        -94.5476277,
        18.0047296
      ],
      [
        -94.5474829,
        18.0049337
      ],
      [
        -94.5473716,
        18.0050612
      ],
      [
        -94.5471811,
        18.00519
      ],
      [
        -94.5469451,
        18.0053839
      ],
      [
        -94.5468941,
        18.0054375
      ],
      [
        -94.5467882,
        18.005602
      ],
      [
        -94.5466755,
        18.0057295
      ],
      [
        -94.5465776,
        18.0058022
      ],
      [
        -94.5464355,
        18.0058481
      ],
      [
        -94.5460922,
        18.0059935
      ],
      [
        -94.5459741,
        18.0060726
      ],
      [
        -94.545887,
        18.0061695
      ],
      [
        -94.5457703,
        18.0063596
      ],
      [
        -94.5457596,
        18.0064081
      ],
      [
        -94.5457596,
        18.0064833
      ],
      [
        -94.5457864,
        18.0066746
      ],
      [
        -94.5458668,
        18.0068863
      ],
      [
        -94.5458803,
        18.0069833
      ],
      [
        -94.5458736,
        18.0070815
      ],
      [
        -94.5458347,
        18.0072537
      ],
      [
        -94.5458119,
        18.0073991
      ],
      [
        -94.5458119,
        18.0074998
      ],
      [
        -94.5458521,
        18.0076949
      ],
      [
        -94.5459326,
        18.0082026
      ],
      [
        -94.5459352,
        18.0083033
      ],
      [
        -94.5459111,
        18.0083441
      ],
      [
        -94.5458964,
        18.008362
      ],
      [
        -94.5458494,
        18.0083722
      ],
      [
        -94.5455597,
        18.0083696
      ],
      [
        -94.5454605,
        18.0083888
      ],
      [
        -94.5453505,
        18.0084462
      ],
      [
        -94.5452821,
        18.0085431
      ],
      [
        -94.545195,
        18.008737
      ],
      [
        -94.5451134,
        18.0088353
      ]
    ]
  }
},
{
  "type": "Feature",
  "id": "way/113715702",
  "properties": {
    "timestamp": "2018-09-17T14:34:16Z",
    "version": "4",
    "changeset": "62667441",
    "user": "TheSolarGuy",
    "uid": "8652266",
    "landuse": "industrial",
    "name": "Complejo Petroquímico Cosoleacaque",
    "id": "way/113715702"
  },
  "geometry": {
    "type": "Polygon",
    "coordinates": [
      [
        [
          -94.5718785,
          18.0046744
        ],
        [
          -94.5719248,
          18.000192
        ],
        [
          -94.5698123,
          17.9994374
        ],
        [
          -94.5687958,
          17.9992676
        ],
        [
          -94.5670155,
          17.9992723
        ],
        [
          -94.5670006,
          17.9991167
        ],
        [
          -94.566594,
          17.9989469
        ],
        [
          -94.5663362,
          17.9990978
        ],
        [
          -94.566351,
          17.9973292
        ],
        [
          -94.5657163,
          17.9971264
        ],
        [
          -94.5652898,
          17.9967538
        ],
        [
          -94.5649873,
          17.9967019
        ],
        [
          -94.5648286,
          17.9965557
        ],
        [
          -94.5647592,
          17.9961926
        ],
        [
          -94.5641394,
          17.9960087
        ],
        [
          -94.5587566,
          18.001467
        ],
        [
          -94.5598578,
          18.0021672
        ],
        [
          -94.5597911,
          18.002589
        ],
        [
          -94.5594115,
          18.0030164
        ],
        [
          -94.5597911,
          18.0038269
        ],
        [
          -94.5625235,
          18.0081549
        ],
        [
          -94.5630299,
          18.0089483
        ],
        [
          -94.5634208,
          18.0095059
        ],
        [
          -94.5635258,
          18.0096556
        ],
        [
          -94.564843,
          18.0124336
        ],
        [
          -94.5731182,
          18.0100241
        ],
        [
          -94.5685854,
          18.0063102
        ],
        [
          -94.5674387,
          18.0052418
        ],
        [
          -94.5674464,
          18.0046522
        ],
        [
          -94.5678958,
          18.0047996
        ],
        [
          -94.5682213,
          18.0046744
        ],
        [
          -94.5689712,
          18.0046778
        ],
        [
          -94.5718785,
          18.0046744
        ]
      ]
    ]
  }
},
{
  "type": "Feature",
  "id": "way/558712711",
  "properties": {
    "timestamp": "2025-09-30T03:24:35Z",
    "version": "8",
    "changeset": "172639812",
    "user": "TecNM campus Minatitlán",
    "uid": "23257776",
    "amenity": "university",
    "name": "Instituto Tecnológico de Minatitlán",
    "id": "way/558712711"
  },
  "geometry": {
    "type": "Polygon",
    "coordinates": [
      [
        [
          -94.5612185,
          18.0077281
        ],
        [
          -94.5595421,
          18.0068022
        ],
        [
          -94.5576163,
          18.0057321
        ],
        [
          -94.5563744,
          18.005
        ],
        [
          -94.5563198,
          18.0049682
        ],
        [
          -94.5557293,
          18.0046237
        ],
        [
          -94.5550057,
          18.0053665
        ],
        [
          -94.5547223,
          18.0056647
        ],
        [
          -94.5544486,
          18.0059476
        ],
        [
          -94.5550333,
          18.0062537
        ],
        [
          -94.5555697,
          18.0065356
        ],
        [
          -94.5561451,
          18.0068723
        ],
        [
          -94.5584652,
          18.0081541
        ],
        [
          -94.5595609,
          18.0087523
        ],
        [
          -94.5602556,
          18.0081885
        ],
        [
          -94.5606002,
          18.0083684
        ],
        [
          -94.5612185,
          18.0077281
        ]
      ]
    ]
  }
},
{
  "type": "Feature",
  "id": "way/673017930",
  "properties": {
    "timestamp": "2019-02-26T04:09:18Z",
    "version": "1",
    "changeset": "67569285",
    "user": "DonMorofok",
    "uid": "7540423",
    "leisure": "sports_centre",
    "sport": "swimming",
    "id": "way/673017930"
  },
  "geometry": {
    "type": "Polygon",
    "coordinates": [
      [
        [
          -94.5549622,
          18.0045851
        ],
        [
          -94.5551205,
          18.0044244
        ],
        [
          -94.5550132,
          18.0043249
        ],
        [
          -94.5548523,
          18.0044933
        ],
        [
          -94.5549622,
          18.0045851
        ]
      ]
    ]
  }
},
{
  "type": "Feature",
  "id": "way/676143282",
  "properties": {
    "timestamp": "2019-03-12T00:07:00Z",
    "version": "1",
    "changeset": "68042597",
    "user": "Andrew Matheny",
    "uid": "3265371",
    "leisure": "pitch",
    "sport": "baseball",
    "id": "way/676143282"
  },
  "geometry": {
    "type": "Polygon",
    "coordinates": [
      [
        [
          -94.5589507,
          18.0079526
        ],
        [
          -94.5590177,
          18.0079296
        ],
        [
          -94.5587763,
          18.0069756
        ],
        [
          -94.5587012,
          18.0069374
        ],
        [
          -94.5577732,
          18.0071338
        ],
        [
          -94.557749,
          18.0075164
        ],
        [
          -94.5578909,
          18.0077586
        ],
        [
          -94.5581113,
          18.0079401
        ],
        [
          -94.5583837,
          18.0080389
        ],
        [
          -94.5586752,
          18.0080433
        ],
        [
          -94.5589507,
          18.0079526
        ]
      ]
    ]
  }
},
{
  "type": "Feature",
  "id": "way/882714954",
  "properties": {
    "timestamp": "2025-10-02T20:01:16Z",
    "version": "2",
    "changeset": "172764439",
    "user": "Angel H Cervantes",
    "uid": "23254573",
    "amenity": "parking",
    "id": "way/882714954"
  },
  "geometry": {
    "type": "Polygon",
    "coordinates": [
      [
        [
          -94.5579676,
          18.0068098
        ],
        [
          -94.5579717,
          18.0063787
        ],
        [
          -94.5583901,
          18.0063927
        ],
        [
          -94.5583633,
          18.0062346
        ],
        [
          -94.5579623,
          18.0062065
        ],
        [
          -94.5578469,
          18.0062371
        ],
        [
          -94.5577437,
          18.0063124
        ],
        [
          -94.557727,
          18.0067878
        ],
        [
          -94.5577262,
          18.0068098
        ],
        [
          -94.5579676,
          18.0068098
        ]
      ]
    ]
  }
},
{
  "type": "Feature",
  "id": "way/882714955",
  "properties": {
    "timestamp": "2020-12-09T10:40:48Z",
    "version": "1",
    "changeset": "95546504",
    "user": "Caravanserai",
    "uid": "10019202",
    "amenity": "parking",
    "id": "way/882714955"
  },
  "geometry": {
    "type": "Polygon",
    "coordinates": [
      [
        [
          -94.5552945,
          18.0053724
        ],
        [
          -94.5550057,
          18.0053665
        ],
        [
          -94.5547223,
          18.0056647
        ],
        [
          -94.5551647,
          18.0056709
        ],
        [
          -94.5551701,
          18.0055573
        ],
        [
          -94.5552948,
          18.0055573
        ],
        [
          -94.5552945,
          18.0053724
        ]
      ]
    ]
  }
},
{
  "type": "Feature",
  "id": "way/997525032",
  "properties": {
    "timestamp": "2025-09-30T02:40:57Z",
    "version": "2",
    "changeset": "172639095",
    "user": "TecNM campus Minatitlán",
    "uid": "23257776",
    "access": "private",
    "amenity": "parking",
    "image": "https://www.google.com.mx/url?sa=i&url=https%3A%2F%2Fwww.veracruzenred.mx%2Ftag%2Finstituto-tecnologico-de-minatitlan%2F&psig=AOvVaw3RTkcgTqtuYLMxpQhNOn6p&ust=1635616711748000&source=images&cd=vfe&ved=0CAsQjRxqFwoTCMiJ3aCZ8PMCFQAAAAAdAAAAABAE",
    "operator": "Inatituto Tecnológico de Minatitlán",
    "operator:type": "school",
    "parking": "surface",
    "surface": "concrete",
    "id": "way/997525032"
  },
  "geometry": {
    "type": "Polygon",
    "coordinates": [
      [
        [
          -94.5553704,
          18.0052734
        ],
        [
          -94.5554204,
          18.0052652
        ],
        [
          -94.5554139,
          18.0052423
        ],
        [
          -94.5554186,
          18.005211
        ],
        [
          -94.5554171,
          18.005116
        ],
        [
          -94.5554212,
          18.0050317
        ],
        [
          -94.5553935,
          18.0049921
        ],
        [
          -94.555253,
          18.0051426
        ],
        [
          -94.5551116,
          18.005294
        ],
        [
          -94.5553627,
          18.0052954
        ],
        [
          -94.5553704,
          18.0052734
        ]
      ]
    ]
  }
},
{
  "type": "Feature",
  "id": "way/1126079118",
  "properties": {
    "timestamp": "2022-12-31T17:43:57Z",
    "version": "1",
    "changeset": "130729814",
    "user": "Moisés Torres",
    "uid": "18134887",
    "natural": "scrub",
    "id": "way/1126079118"
  },
  "geometry": {
    "type": "Polygon",
    "coordinates": [
      [
        [
          -94.5487951,
          18.0066795
        ],
        [
          -94.5488022,
          18.0065236
        ],
        [
          -94.5478827,
          18.0063405
        ],
        [
          -94.5473838,
          18.0062728
        ],
        [
          -94.5465428,
          18.0062185
        ],
        [
          -94.5463444,
          18.0061552
        ],
        [
          -94.5461969,
          18.0061386
        ],
        [
          -94.5459391,
          18.0060656
        ],
        [
          -94.5457392,
          18.0062734
        ],
        [
          -94.5457412,
          18.0065028
        ],
        [
          -94.5458,
          18.0070031
        ],
        [
          -94.5458799,
          18.0074387
        ],
        [
          -94.5458688,
          18.0076116
        ],
        [
          -94.5459379,
          18.0081004
        ],
        [
          -94.5459915,
          18.0083922
        ],
        [
          -94.545654,
          18.0084287
        ],
        [
          -94.5459915,
          18.0085819
        ],
        [
          -94.5460759,
          18.0087424
        ],
        [
          -94.5464672,
          18.0094865
        ],
        [
          -94.5465492,
          18.0097434
        ],
        [
          -94.5472262,
          18.0090603
        ],
        [
          -94.5470693,
          18.0089425
        ],
        [
          -94.5471849,
          18.0087855
        ],
        [
          -94.5472592,
          18.0085892
        ],
        [
          -94.5471106,
          18.0084086
        ],
        [
          -94.5472344,
          18.0081495
        ],
        [
          -94.5478784,
          18.0076863
        ],
        [
          -94.5480435,
          18.0074586
        ],
        [
          -94.548316,
          18.0072074
        ],
        [
          -94.5485967,
          18.0068776
        ],
        [
          -94.5487951,
          18.0066795
        ]
      ]
    ]
  }
},
{
  "type": "Feature",
  "id": "way/1134942194",
  "properties": {
    "timestamp": "2023-01-24T19:01:48Z",
    "version": "1",
    "changeset": "131665573",
    "user": "Moisés Torres",
    "uid": "18134887",
    "landuse": "grass",
    "id": "way/1134942194"
  },
  "geometry": {
    "type": "Polygon",
    "coordinates": [
      [
        [
          -94.5577782,
          18.0020216
        ],
        [
          -94.5579125,
          18.001862
        ],
        [
          -94.5576589,
          18.0017081
        ],
        [
          -94.5575456,
          18.0018616
        ],
        [
          -94.5577782,
          18.0020216
        ]
      ]
    ]
  }
},
{
  "type": "Feature",
  "id": "way/1134942195",
  "properties": {
    "timestamp": "2023-01-24T19:01:48Z",
    "version": "1",
    "changeset": "131665573",
    "user": "Moisés Torres",
    "uid": "18134887",
    "landuse": "grass",
    "id": "way/1134942195"
  },
  "geometry": {
    "type": "Polygon",
    "coordinates": [
      [
        [
          -94.5575456,
          18.0018616
        ],
        [
          -94.5576589,
          18.0017081
        ],
        [
          -94.5569621,
          18.0012623
        ],
        [
          -94.5568605,
          18.0014087
        ],
        [
          -94.5575456,
          18.0018616
        ]
      ]
    ]
  }
},
{
  "type": "Feature",
  "id": "way/1299618812",
  "properties": {
    "timestamp": "2024-07-07T01:48:40Z",
    "version": "1",
    "changeset": "153644619",
    "user": "Ferrocarriles de México",
    "uid": "19456985",
    "power": "substation",
    "substation": "industrial",
    "voltage": "115000",
    "id": "way/1299618812"
  },
  "geometry": {
    "type": "Polygon",
    "coordinates": [
      [
        [
          -94.5604081,
          18.004317
        ],
        [
          -94.5607259,
          18.0043182
        ],
        [
          -94.5607266,
          18.0041492
        ],
        [
          -94.5604088,
          18.004148
        ],
        [
          -94.5604081,
          18.004317
        ]
      ]
    ]
  }
},
{
  "type": "Feature",
  "id": "way/1428860568",
  "properties": {
    "timestamp": "2025-09-10T20:25:50Z",
    "version": "1",
    "changeset": "171755106",
    "user": "AndresSM30",
    "uid": "23279192",
    "access": "private",
    "leisure": "pitch",
    "lit": "no",
    "name": "Campo de Futbol",
    "sport": "soccer",
    "surface": "dirt",
    "id": "way/1428860568"
  },
  "geometry": {
    "type": "Polygon",
    "coordinates": [
      [
        [
          -94.5596667,
          18.0084562
        ],
        [
          -94.5599573,
          18.0083694
        ],
        [
          -94.5600652,
          18.0081246
        ],
        [
          -94.5598888,
          18.0072344
        ],
        [
          -94.5595401,
          18.0070666
        ],
        [
          -94.5592702,
          18.0071495
        ],
        [
          -94.5591436,
          18.0073804
        ],
        [
          -94.5593802,
          18.0083161
        ],
        [
          -94.5596667,
          18.0084562
        ]
      ]
    ]
  }
},
{
  "type": "Feature",
  "id": "way/1428860569",
  "properties": {
    "timestamp": "2025-09-10T20:25:50Z",
    "version": "1",
    "changeset": "171755106",
    "user": "AndresSM30",
    "uid": "23279192",
    "access": "private",
    "leisure": "pitch",
    "name": "Campo de voleibol",
    "sport": "volleyball",
    "surface": "sand",
    "id": "way/1428860569"
  },
  "geometry": {
    "type": "Polygon",
    "coordinates": [
      [
        [
          -94.5590118,
          18.0067849
        ],
        [
          -94.559109,
          18.0066338
        ],
        [
          -94.5588242,
          18.0064912
        ],
        [
          -94.5587393,
          18.0066508
        ],
        [
          -94.5590118,
          18.0067849
        ]
      ]
    ]
  }
},
{
  "type": "Feature",
  "id": "way/1428860570",
  "properties": {
    "timestamp": "2025-09-10T20:25:50Z",
    "version": "1",
    "changeset": "171755106",
    "user": "AndresSM30",
    "uid": "23279192",
    "access": "private",
    "leisure": "pitch",
    "lit": "no",
    "name": "Cancha de futbol",
    "sport": "soccer",
    "surface": "asphalt",
    "id": "way/1428860570"
  },
  "geometry": {
    "type": "Polygon",
    "coordinates": [
      [
        [
          -94.5583335,
          18.0069948
        ],
        [
          -94.5583116,
          18.0068268
        ],
        [
          -94.5578063,
          18.0068985
        ],
        [
          -94.5578625,
          18.0070984
        ],
        [
          -94.5583335,
          18.0069948
        ]
      ]
    ]
  }
},
{
  "type": "Feature",
  "id": "way/1429350116",
  "properties": {
    "timestamp": "2025-09-12T18:31:44Z",
    "version": "1",
    "changeset": "171845725",
    "user": "AndresSM30",
    "uid": "23279192",
    "leisure": "park",
    "name": "Plaza",
    "id": "way/1429350116"
  },
  "geometry": {
    "type": "Polygon",
    "coordinates": [
      [
        [
          -94.5567783,
          18.0061041
        ],
        [
          -94.5567823,
          18.0059194
        ],
        [
          -94.5565702,
          18.0059212
        ],
        [
          -94.5565778,
          18.0061049
        ],
        [
          -94.5567783,
          18.0061041
        ]
      ]
    ]
  }
},
{
  "type": "Feature",
  "id": "way/1429350117",
  "properties": {
    "timestamp": "2025-09-30T02:40:57Z",
    "version": "2",
    "changeset": "172639095",
    "user": "TecNM campus Minatitlán",
    "uid": "23257776",
    "leisure": "park",
    "name": "Explanada",
    "id": "way/1429350117"
  },
  "geometry": {
    "type": "Polygon",
    "coordinates": [
      [
        [
          -94.5560885,
          18.0056381
        ],
        [
          -94.5560861,
          18.0053736
        ],
        [
          -94.555871,
          18.0053774
        ],
        [
          -94.5558695,
          18.0055095
        ],
        [
          -94.5558704,
          18.0056372
        ],
        [
          -94.5560885,
          18.0056381
        ]
      ]
    ]
  }
},
{
  "type": "Feature",
  "id": "way/1434248966",
  "properties": {
    "timestamp": "2025-09-30T02:40:57Z",
    "version": "1",
    "changeset": "172639095",
    "user": "TecNM campus Minatitlán",
    "uid": "23257776",
    "addr:city": "Minatitlán",
    "addr:postcode": "96848",
    "addr:state": "Ver",
    "addr:street": "Boulevard Instituto Tecnológico (Carretera Transístmica)",
    "architect": "Moderna Funcional",
    "building": "school",
    "building:levels": "2",
    "height": "8",
    "name": "Edificio ACB",
    "id": "way/1434248966"
  },
  "geometry": {
    "type": "Polygon",
    "coordinates": [
      [
        [
          -94.5557474,
          18.0052702
        ],
        [
          -94.5560408,
          18.0052662
        ],
        [
          -94.5560346,
          18.0050907
        ],
        [
          -94.5557475,
          18.0050915
        ],
        [
          -94.5557474,
          18.0052702
        ]
      ]
    ]
  }
},
{
  "type": "Feature",
  "id": "way/1434248967",
  "properties": {
    "timestamp": "2025-09-30T03:24:35Z",
    "version": "2",
    "changeset": "172639812",
    "user": "TecNM campus Minatitlán",
    "uid": "23257776",
    "addr:city": "Minatitlán",
    "addr:postcode": "96848",
    "addr:state": "Ver",
    "addr:street": "Boulevard Instituto Tecnológico (Carretera Transístmica)",
    "building": "school",
    "building:levels": "1",
    "height": "3.5",
    "name": "Edificio ACA",
    "id": "way/1434248967"
  },
  "geometry": {
    "type": "Polygon",
    "coordinates": [
      [
        [
          -94.556034,
          18.0050135
        ],
        [
          -94.5560323,
          18.0048992
        ],
        [
          -94.5557528,
          18.0048987
        ],
        [
          -94.5557564,
          18.0050116
        ],
        [
          -94.5558712,
          18.0050124
        ],
        [
          -94.556034,
          18.0050135
        ]
      ]
    ]
  }
},
{
  "type": "Feature",
  "id": "way/1434248970",
  "properties": {
    "timestamp": "2025-09-30T02:40:57Z",
    "version": "1",
    "changeset": "172639095",
    "user": "TecNM campus Minatitlán",
    "uid": "23257776",
    "addr:city": "Minatitlán",
    "addr:postcode": "96848",
    "addr:state": "Ver",
    "addr:street": "Boulevard Instituto Tecnológico (Carretera Transístmica)",
    "building": "school",
    "building:levels": "1",
    "height": "3",
    "name": "Edificio B",
    "id": "way/1434248970"
  },
  "geometry": {
    "type": "Polygon",
    "coordinates": [
      [
        [
          -94.5558462,
          18.0054933
        ],
        [
          -94.5558476,
          18.0053907
        ],
        [
          -94.5558453,
          18.0053718
        ],
        [
          -94.5554402,
          18.0053718
        ],
        [
          -94.555439,
          18.0054917
        ],
        [
          -94.5558462,
          18.0054933
        ]
      ]
    ]
  }
},
{
  "type": "Feature",
  "id": "way/1434248973",
  "properties": {
    "timestamp": "2025-09-30T03:24:35Z",
    "version": "2",
    "changeset": "172639812",
    "user": "TecNM campus Minatitlán",
    "uid": "23257776",
    "addr:city": "Minatitlán",
    "addr:postcode": "96848",
    "addr:state": "Ver",
    "addr:street": "Avenida Tecnológico",
    "building": "school",
    "height": "3",
    "layer": "1",
    "name": "Edificio LQG",
    "id": "way/1434248973"
  },
  "geometry": {
    "type": "Polygon",
    "coordinates": [
      [
        [
          -94.5563064,
          18.0057811
        ],
        [
          -94.5563064,
          18.0056536
        ],
        [
          -94.5562385,
          18.0056535
        ],
        [
          -94.5558391,
          18.0056532
        ],
        [
          -94.5558398,
          18.0057803
        ],
        [
          -94.5563064,
          18.0057811
        ]
      ]
    ]
  }
},
{
  "type": "Feature",
  "id": "way/1434260880",
  "properties": {
    "timestamp": "2025-09-30T15:11:48Z",
    "version": "2",
    "changeset": "172665393",
    "user": "TecNM campus Minatitlán",
    "uid": "23257776",
    "addr:city": "Minatitlán",
    "addr:postcode": "96848",
    "addr:state": "Ver",
    "addr:street": "Boulevard Instituto Tecnológico (Carretera Transístmica)",
    "building": "college",
    "building:levels": "2",
    "height": "6",
    "name": "Edificio SUM",
    "id": "way/1434260880"
  },
  "geometry": {
    "type": "Polygon",
    "coordinates": [
      [
        [
          -94.555478,
          18.0062692
        ],
        [
          -94.5554759,
          18.005811
        ],
        [
          -94.5552056,
          18.0058071
        ],
        [
          -94.5552068,
          18.0058779
        ],
        [
          -94.5552137,
          18.0062672
        ],
        [
          -94.555478,
          18.0062692
        ]
      ]
    ]
  }
},
{
  "type": "Feature",
  "id": "way/1434260881",
  "properties": {
    "timestamp": "2025-09-30T03:24:35Z",
    "version": "1",
    "changeset": "172639812",
    "user": "TecNM campus Minatitlán",
    "uid": "23257776",
    "addr:city": "Minatitlán",
    "addr:postcode": "96848",
    "addr:state": "Ver",
    "addr:street": "Boulevard Instituto Tecnológico (Carretera Transístmica)",
    "building": "college",
    "building:levels": "1",
    "height": "3",
    "name": "Edificio C",
    "id": "way/1434260881"
  },
  "geometry": {
    "type": "Polygon",
    "coordinates": [
      [
        [
          -94.5566966,
          18.0053413
        ],
        [
          -94.5566954,
          18.0052269
        ],
        [
          -94.5561922,
          18.0052302
        ],
        [
          -94.5561946,
          18.0053402
        ],
        [
          -94.5566966,
          18.0053413
        ]
      ]
    ]
  }
},
{
  "type": "Feature",
  "id": "way/1434394328",
  "properties": {
    "timestamp": "2025-09-30T15:11:48Z",
    "version": "1",
    "changeset": "172665393",
    "user": "TecNM campus Minatitlán",
    "uid": "23257776",
    "addr:city": "Minatitlán",
    "addr:postcode": "96848",
    "addr:state": "Ver",
    "addr:street": "Boulevard Instituto Tecnológico (Carretera Transístmica)",
    "building": "college",
    "building:levels": "1",
    "height": "3",
    "layer": "1",
    "name": "Edificio A",
    "id": "way/1434394328"
  },
  "geometry": {
    "type": "Polygon",
    "coordinates": [
      [
        [
          -94.5555573,
          18.0056988
        ],
        [
          -94.5555583,
          18.0056304
        ],
        [
          -94.5555573,
          18.0055845
        ],
        [
          -94.5552133,
          18.0055815
        ],
        [
          -94.5552163,
          18.0056988
        ],
        [
          -94.5555573,
          18.0056988
        ]
      ]
    ]
  }
},
{
  "type": "Feature",
  "id": "way/1434394332",
  "properties": {
    "timestamp": "2025-09-30T15:11:48Z",
    "version": "1",
    "changeset": "172665393",
    "user": "TecNM campus Minatitlán",
    "uid": "23257776",
    "addr:city": "Minatitlán",
    "addr:neighbourhood": "Buena Vista Norte",
    "addr:postcode": "96848",
    "addr:state": "Ver",
    "addr:street": "Boulevard Instituto Tecnológico (Carretera Transístmica)",
    "amenity": "research_institute",
    "internet_access": "yes",
    "internet_access:fee": "customers",
    "name": "Edificio LIQP",
    "operator": "Practicas de Ingenieria Quimica y Ambiental",
    "operator:type": "university",
    "id": "way/1434394332"
  },
  "geometry": {
    "type": "Polygon",
    "coordinates": [
      [
        [
          -94.5550525,
          18.0059049
        ],
        [
          -94.5550539,
          18.0057399
        ],
        [
          -94.5547896,
          18.0057388
        ],
        [
          -94.5547898,
          18.0059033
        ],
        [
          -94.5550525,
          18.0059049
        ]
      ]
    ]
  }
},
{
  "type": "Feature",
  "id": "way/1434394333",
  "properties": {
    "timestamp": "2025-09-30T15:11:48Z",
    "version": "1",
    "changeset": "172665393",
    "user": "TecNM campus Minatitlán",
    "uid": "23257776",
    "addr:city": "Minatitlán",
    "addr:postcode": "96848",
    "addr:state": "Ver",
    "addr:street": "Boulevard Instituto Tecnológico (Carretera Transístmica)",
    "building": "college",
    "building:levels": "2",
    "height": "6",
    "name": "Edificio H",
    "id": "way/1434394333"
  },
  "geometry": {
    "type": "Polygon",
    "coordinates": [
      [
        [
          -94.5573975,
          18.0061736
        ],
        [
          -94.5570018,
          18.0061736
        ],
        [
          -94.5570072,
          18.0063076
        ],
        [
          -94.5573338,
          18.0063066
        ],
        [
          -94.5573989,
          18.0063063
        ],
        [
          -94.5573975,
          18.0061736
        ]
      ]
    ]
  }
},
{
  "type": "Feature",
  "id": "way/1434402989",
  "properties": {
    "timestamp": "2025-09-30T15:53:11Z",
    "version": "1",
    "changeset": "172667502",
    "user": "TecNM campus Minatitlán",
    "uid": "23257776",
    "addr:city": "Minatitlán",
    "addr:postcode": "96848",
    "addr:state": "Ver",
    "addr:street": "Boulevard Instituto Tecnológico (Carretera Transístmica)",
    "building": "college",
    "building:levels": "2",
    "height": "8",
    "name": "Edificio LISC",
    "id": "way/1434402989"
  },
  "geometry": {
    "type": "Polygon",
    "coordinates": [
      [
        [
          -94.557373,
          18.0066005
        ],
        [
          -94.5576182,
          18.0066023
        ],
        [
          -94.5576191,
          18.0063664
        ],
        [
          -94.557373,
          18.0063636
        ],
        [
          -94.557373,
          18.0066005
        ]
      ]
    ]
  }
},
{
  "type": "Feature",
  "id": "way/1434402994",
  "properties": {
    "timestamp": "2025-09-30T15:53:11Z",
    "version": "1",
    "changeset": "172667502",
    "user": "TecNM campus Minatitlán",
    "uid": "23257776",
    "addr:city": "Minatitlán",
    "addr:postcode": "96848",
    "addr:state": "Ver",
    "addr:street": "Boulevard Instituto Tecnológico (Carretera Transístmica)",
    "building": "college",
    "building:levels": "2",
    "height": "6",
    "layer": "1",
    "name": "Edificio F",
    "id": "way/1434402994"
  },
  "geometry": {
    "type": "Polygon",
    "coordinates": [
      [
        [
          -94.5568296,
          18.0058388
        ],
        [
          -94.5568282,
          18.0057315
        ],
        [
          -94.5564196,
          18.0057289
        ],
        [
          -94.5564196,
          18.0058375
        ],
        [
          -94.5568296,
          18.0058388
        ]
      ]
    ]
  }
},
{
  "type": "Feature",
  "id": "way/1434402995",
  "properties": {
    "timestamp": "2025-09-30T15:53:11Z",
    "version": "1",
    "changeset": "172667502",
    "user": "TecNM campus Minatitlán",
    "uid": "23257776",
    "addr:city": "Minatitlán",
    "addr:postcode": "96848",
    "addr:state": "Ver",
    "addr:street": "Boulevard Instituto Tecnológico (Carretera Transístmica)",
    "building": "college",
    "building:levels": "1",
    "height": "3",
    "name": "Edificio G - Departamento De Ingenieria Electronica",
    "id": "way/1434402995"
  },
  "geometry": {
    "type": "Polygon",
    "coordinates": [
      [
        [
          -94.5569493,
          18.0061332
        ],
        [
          -94.5572895,
          18.0061309
        ],
        [
          -94.5572823,
          18.0058336
        ],
        [
          -94.5569446,
          18.0058324
        ],
        [
          -94.5569458,
          18.0059532
        ],
        [
          -94.5570691,
          18.0059543
        ],
        [
          -94.5570691,
          18.0060193
        ],
        [
          -94.5569493,
          18.0060204
        ],
        [
          -94.5569493,
          18.0061332
        ]
      ]
    ]
  }
},
{
  "type": "Feature",
  "id": "way/1434933633",
  "properties": {
    "timestamp": "2025-10-02T20:01:16Z",
    "version": "1",
    "changeset": "172764439",
    "user": "Angel H Cervantes",
    "uid": "23254573",
    "leisure": "park",
    "id": "way/1434933633"
  },
  "geometry": {
    "type": "Polygon",
    "coordinates": [
      [
        [
          -94.5556692,
          18.0053083
        ],
        [
          -94.5556746,
          18.0050957
        ],
        [
          -94.5554582,
          18.0050974
        ],
        [
          -94.5554672,
          18.0053066
        ],
        [
          -94.5556692,
          18.0053083
        ]
      ]
    ]
  }
},
{
  "type": "Feature",
  "id": "way/1434933634",
  "properties": {
    "timestamp": "2025-10-02T20:01:16Z",
    "version": "1",
    "changeset": "172764439",
    "user": "Angel H Cervantes",
    "uid": "23254573",
    "leisure": "pitch",
    "sport": "volleyball",
    "id": "way/1434933634"
  },
  "geometry": {
    "type": "Polygon",
    "coordinates": [
      [
        [
          -94.5561237,
          18.0064253
        ],
        [
          -94.556129,
          18.0061753
        ],
        [
          -94.5559645,
          18.0061787
        ],
        [
          -94.5559691,
          18.0064241
        ],
        [
          -94.5561237,
          18.0064253
        ]
      ]
    ]
  }
},
{
  "type": "Feature",
  "id": "way/1434933635",
  "properties": {
    "timestamp": "2025-10-02T20:01:16Z",
    "version": "1",
    "changeset": "172764439",
    "user": "Angel H Cervantes",
    "uid": "23254573",
    "leisure": "pitch",
    "sport": "basketball",
    "id": "way/1434933635"
  },
  "geometry": {
    "type": "Polygon",
    "coordinates": [
      [
        [
          -94.5562328,
          18.0064185
        ],
        [
          -94.5563794,
          18.0064219
        ],
        [
          -94.5563811,
          18.0061879
        ],
        [
          -94.5562293,
          18.0061856
        ],
        [
          -94.5562328,
          18.0064185
        ]
      ]
    ]
  }
},
{
  "type": "Feature",
  "id": "way/1436001010",
  "properties": {
    "timestamp": "2025-10-06T20:55:22Z",
    "version": "1",
    "changeset": "172933602",
    "user": "Angel H Cervantes",
    "uid": "23254573",
    "building": "school",
    "id": "way/1436001010"
  },
  "geometry": {
    "type": "Polygon",
    "coordinates": [
      [
        [
          -94.5576988,
          18.0073088
        ],
        [
          -94.5577006,
          18.0070691
        ],
        [
          -94.5572535,
          18.0070623
        ],
        [
          -94.5572678,
          18.0073003
        ],
        [
          -94.5576988,
          18.0073088
        ]
      ]
    ]
  }
},
{
  "type": "Feature",
  "id": "way/1436001011",
  "properties": {
    "timestamp": "2025-10-06T20:55:22Z",
    "version": "1",
    "changeset": "172933602",
    "user": "Angel H Cervantes",
    "uid": "23254573",
    "building": "school",
    "id": "way/1436001011"
  },
  "geometry": {
    "type": "Polygon",
    "coordinates": [
      [
        [
          -94.5576326,
          18.0069959
        ],
        [
          -94.5576362,
          18.0068752
        ],
        [
          -94.5573018,
          18.0068735
        ],
        [
          -94.5573054,
          18.0069959
        ],
        [
          -94.5576326,
          18.0069959
        ]
      ]
    ]
  }
},
{
  "type": "Feature",
  "id": "way/1436001012",
  "properties": {
    "timestamp": "2025-10-06T20:55:22Z",
    "version": "1",
    "changeset": "172933602",
    "user": "Angel H Cervantes",
    "uid": "23254573",
    "building": "school",
    "id": "way/1436001012"
  },
  "geometry": {
    "type": "Polygon",
    "coordinates": [
      [
        [
          -94.5565311,
          18.0068786
        ],
        [
          -94.5565383,
          18.006984
        ],
        [
          -94.5569853,
          18.0069857
        ],
        [
          -94.5569853,
          18.0068735
        ],
        [
          -94.5565311,
          18.0068786
        ]
      ]
    ]
  }
},
{
  "type": "Feature",
  "id": "way/1436001013",
  "properties": {
    "timestamp": "2025-10-06T20:55:22Z",
    "version": "1",
    "changeset": "172933602",
    "user": "Angel H Cervantes",
    "uid": "23254573",
    "building": "school",
    "id": "way/1436001013"
  },
  "geometry": {
    "type": "Polygon",
    "coordinates": [
      [
        [
          -94.5568315,
          18.0067579
        ],
        [
          -94.5568315,
          18.006649
        ],
        [
          -94.5564721,
          18.0066439
        ],
        [
          -94.5564739,
          18.0067579
        ],
        [
          -94.5568315,
          18.0067579
        ]
      ]
    ]
  }
},
{
  "type": "Feature",
  "id": "way/1436001014",
  "properties": {
    "timestamp": "2025-10-06T20:55:22Z",
    "version": "1",
    "changeset": "172933602",
    "user": "Angel H Cervantes",
    "uid": "23254573",
    "building": "school",
    "id": "way/1436001014"
  },
  "geometry": {
    "type": "Polygon",
    "coordinates": [
      [
        [
          -94.5568409,
          18.0064851
        ],
        [
          -94.5568302,
          18.006196
        ],
        [
          -94.5565334,
          18.006208
        ],
        [
          -94.5565423,
          18.0064766
        ],
        [
          -94.5568409,
          18.0064851
        ]
      ]
    ]
  }
},
{
  "type": "Feature",
  "id": "way/1436001015",
  "properties": {
    "timestamp": "2025-10-06T20:55:22Z",
    "version": "1",
    "changeset": "172933602",
    "user": "Angel H Cervantes",
    "uid": "23254573",
    "building": "school",
    "id": "way/1436001015"
  },
  "geometry": {
    "type": "Polygon",
    "coordinates": [
      [
        [
          -94.5563438,
          18.0067164
        ],
        [
          -94.5563367,
          18.0066025
        ],
        [
          -94.5561579,
          18.0065906
        ],
        [
          -94.5561596,
          18.0067096
        ],
        [
          -94.5563438,
          18.0067164
        ]
      ]
    ]
  }
},
{
  "type": "Feature",
  "id": "way/1436001016",
  "properties": {
    "timestamp": "2025-10-06T20:55:22Z",
    "version": "1",
    "changeset": "172933602",
    "user": "Angel H Cervantes",
    "uid": "23254573",
    "amenity": "fast_food",
    "building": "yes",
    "fast_food": "cafeteria",
    "id": "way/1436001016"
  },
  "geometry": {
    "type": "Polygon",
    "coordinates": [
      [
        [
          -94.5560917,
          18.0067062
        ],
        [
          -94.5560828,
          18.0065719
        ],
        [
          -94.5559737,
          18.0065702
        ],
        [
          -94.5559826,
          18.0067062
        ],
        [
          -94.5560917,
          18.0067062
        ]
      ]
    ]
  }
},
{
  "type": "Feature",
  "id": "way/1436001017",
  "properties": {
    "timestamp": "2025-10-06T20:55:22Z",
    "version": "1",
    "changeset": "172933602",
    "user": "Angel H Cervantes",
    "uid": "23254573",
    "building": "school",
    "id": "way/1436001017"
  },
  "geometry": {
    "type": "Polygon",
    "coordinates": [
      [
        [
          -94.5560792,
          18.0065566
        ],
        [
          -94.5560792,
          18.0064443
        ],
        [
          -94.5558342,
          18.0064426
        ],
        [
          -94.5558396,
          18.0065583
        ],
        [
          -94.5560792,
          18.0065566
        ]
      ]
    ]
  }
},
{
  "type": "Feature",
  "id": "way/1436001018",
  "properties": {
    "timestamp": "2025-10-06T20:55:22Z",
    "version": "1",
    "changeset": "172933602",
    "user": "Angel H Cervantes",
    "uid": "23254573",
    "building": "school",
    "id": "way/1436001018"
  },
  "geometry": {
    "type": "Polygon",
    "coordinates": [
      [
        [
          -94.5558521,
          18.0064103
        ],
        [
          -94.5558485,
          18.006162
        ],
        [
          -94.5555928,
          18.006162
        ],
        [
          -94.5555928,
          18.0064154
        ],
        [
          -94.5558521,
          18.0064103
        ]
      ]
    ]
  }
},
{
  "type": "Feature",
  "id": "way/1436001019",
  "properties": {
    "timestamp": "2025-10-06T20:55:22Z",
    "version": "1",
    "changeset": "172933602",
    "user": "Angel H Cervantes",
    "uid": "23254573",
    "building": "school",
    "id": "way/1436001019"
  },
  "geometry": {
    "type": "Polygon",
    "coordinates": [
      [
        [
          -94.5564279,
          18.0060787
        ],
        [
          -94.5564207,
          18.0059614
        ],
        [
          -94.5560381,
          18.0059563
        ],
        [
          -94.556047,
          18.0060753
        ],
        [
          -94.5564279,
          18.0060787
        ]
      ]
    ]
  }
},
{
  "type": "Feature",
  "id": "way/1436001020",
  "properties": {
    "timestamp": "2025-10-06T20:55:22Z",
    "version": "1",
    "changeset": "172933602",
    "user": "Angel H Cervantes",
    "uid": "23254573",
    "building": "school",
    "layer": "1",
    "id": "way/1436001020"
  },
  "geometry": {
    "type": "Polygon",
    "coordinates": [
      [
        [
          -94.5560184,
          18.0059971
        ],
        [
          -94.5560166,
          18.0058933
        ],
        [
          -94.5556017,
          18.0058933
        ],
        [
          -94.5556125,
          18.0060022
        ],
        [
          -94.5560184,
          18.0059971
        ]
      ]
    ]
  }
},
{
  "type": "Feature",
  "id": "way/1436001021",
  "properties": {
    "timestamp": "2025-10-06T20:55:22Z",
    "version": "1",
    "changeset": "172933602",
    "user": "Angel H Cervantes",
    "uid": "23254573",
    "building": "school",
    "id": "way/1436001021"
  },
  "geometry": {
    "type": "Polygon",
    "coordinates": [
      [
        [
          -94.5565244,
          18.0055634
        ],
        [
          -94.556528,
          18.0054784
        ],
        [
          -94.5561436,
          18.0054699
        ],
        [
          -94.5561453,
          18.0055566
        ],
        [
          -94.5565244,
          18.0055634
        ]
      ]
    ]
  }
},
{
  "type": "Feature",
  "id": "way/1436001022",
  "properties": {
    "timestamp": "2025-10-06T20:55:22Z",
    "version": "1",
    "changeset": "172933602",
    "user": "Angel H Cervantes",
    "uid": "23254573",
    "building": "school",
    "id": "way/1436001022"
  },
  "geometry": {
    "type": "Polygon",
    "coordinates": [
      [
        [
          -94.5566568,
          18.0056247
        ],
        [
          -94.5569786,
          18.0056281
        ],
        [
          -94.5569822,
          18.0055056
        ],
        [
          -94.556655,
          18.0055039
        ],
        [
          -94.5566568,
          18.0056247
        ]
      ]
    ]
  }
},
{
  "type": "Feature",
  "id": "way/1436001023",
  "properties": {
    "timestamp": "2025-10-06T20:55:22Z",
    "version": "1",
    "changeset": "172933602",
    "user": "Angel H Cervantes",
    "uid": "23254573",
    "building": "school",
    "id": "way/1436001023"
  },
  "geometry": {
    "type": "Polygon",
    "coordinates": [
      [
        [
          -94.5572772,
          18.0056995
        ],
        [
          -94.5572665,
          18.0055481
        ],
        [
          -94.5570037,
          18.0054988
        ],
        [
          -94.5570001,
          18.0057046
        ],
        [
          -94.5572772,
          18.0056995
        ]
      ]
    ]
  }
},
{
  "type": "Feature",
  "id": "way/1436001024",
  "properties": {
    "timestamp": "2025-10-06T20:55:22Z",
    "version": "1",
    "changeset": "172933602",
    "user": "Angel H Cervantes",
    "uid": "23254573",
    "building": "school",
    "id": "way/1436001024"
  },
  "geometry": {
    "type": "Polygon",
    "coordinates": [
      [
        [
          -94.5569321,
          18.0054614
        ],
        [
          -94.5569214,
          18.0053594
        ],
        [
          -94.5566925,
          18.0053628
        ],
        [
          -94.5567032,
          18.0054648
        ],
        [
          -94.5569321,
          18.0054614
        ]
      ]
    ]
  }
},
{
  "type": "Feature",
  "id": "way/1436001025",
  "properties": {
    "timestamp": "2025-10-06T20:55:22Z",
    "version": "1",
    "changeset": "172933602",
    "user": "Angel H Cervantes",
    "uid": "23254573",
    "amenity": "cafe",
    "building": "yes",
    "id": "way/1436001025"
  },
  "geometry": {
    "type": "Polygon",
    "coordinates": [
      [
        [
          -94.5572343,
          18.0065498
        ],
        [
          -94.5572272,
          18.0063576
        ],
        [
          -94.5570144,
          18.0063525
        ],
        [
          -94.5570144,
          18.0065481
        ],
        [
          -94.5572343,
          18.0065498
        ]
      ]
    ]
  }
},
{
  "type": "Feature",
  "id": "way/1436001026",
  "properties": {
    "timestamp": "2025-10-06T20:55:22Z",
    "version": "1",
    "changeset": "172933602",
    "user": "Angel H Cervantes",
    "uid": "23254573",
    "building": "school",
    "id": "way/1436001026"
  },
  "geometry": {
    "type": "Polygon",
    "coordinates": [
      [
        [
          -94.5573488,
          18.0066518
        ],
        [
          -94.557347,
          18.0067572
        ],
        [
          -94.557676,
          18.0067657
        ],
        [
          -94.5576742,
          18.0066552
        ],
        [
          -94.5573488,
          18.0066518
        ]
      ]
    ]
  }
},
{
  "type": "Feature",
  "id": "way/1436001027",
  "properties": {
    "timestamp": "2025-10-06T20:55:22Z",
    "version": "1",
    "changeset": "172933602",
    "user": "Angel H Cervantes",
    "uid": "23254573",
    "power": "generator",
    "id": "way/1436001027"
  },
  "geometry": {
    "type": "Polygon",
    "coordinates": [
      [
        [
          -94.557136,
          18.0067028
        ],
        [
          -94.557136,
          18.0066178
        ],
        [
          -94.5570126,
          18.0066178
        ],
        [
          -94.5570036,
          18.0067045
        ],
        [
          -94.557136,
          18.0067028
        ]
      ]
    ]
  }
},
{
  "type": "Feature",
  "id": "way/1442232408",
  "properties": {
    "timestamp": "2025-10-14T21:24:17Z",
    "version": "1",
    "changeset": "173294474",
    "user": "AndresSM30",
    "uid": "23279192",
    "leisure": "sports_centre",
    "name": "Domo",
    "id": "way/1442232408"
  },
  "geometry": {
    "type": "Polygon",
    "coordinates": [
      [
        [
          -94.5579386,
          18.0061735
        ],
        [
          -94.5579752,
          18.0059629
        ],
        [
          -94.5574922,
          18.0058655
        ],
        [
          -94.5575251,
          18.0061735
        ],
        [
          -94.5579386,
          18.0061735
        ]
      ]
    ]
  }
},
{
  "type": "Feature",
  "id": "way/113715643",
  "properties": {
    "timestamp": "2021-01-21T16:01:13Z",
    "version": "4",
    "changeset": "97916287",
    "user": "AlwaysSunnyInMapadelphia",
    "uid": "10140135",
    "alt_name": "Calle Diecisiete",
    "highway": "residential",
    "name": "Calle 17",
    "id": "way/113715643"
  },
  "geometry": {
    "type": "LineString",
    "coordinates": [
      [
        -94.5480748,
        18.0033881
      ],
      [
        -94.54698,
        18.0032233
      ],
      [
        -94.5469246,
        18.0032385
      ]
    ]
  }
},
{
  "type": "Feature",
  "id": "way/113715647",
  "properties": {
    "timestamp": "2021-01-21T15:55:39Z",
    "version": "5",
    "changeset": "97916051",
    "user": "AlwaysSunnyInMapadelphia",
    "uid": "10140135",
    "alt_name": "Calle Trece",
    "highway": "residential",
    "name": "Calle 13",
    "id": "way/113715647"
  },
  "geometry": {
    "type": "LineString",
    "coordinates": [
      [
        -94.5487287,
        18.0022556
      ],
      [
        -94.5470618,
        18.002069
      ],
      [
        -94.5470297,
        18.0020774
      ]
    ]
  }
},
{
  "type": "Feature",
  "id": "way/113715652",
  "properties": {
    "timestamp": "2023-09-07T02:28:30Z",
    "version": "7",
    "changeset": "140918766",
    "user": "Ferrocarriles de México",
    "uid": "19456985",
    "electrified": "no",
    "gauge": "1435",
    "name": "Línea ZA",
    "operator": "Ferroistmo",
    "operator:wikidata": "Q5445414",
    "railway": "rail",
    "usage": "branch",
    "id": "way/113715652"
  },
  "geometry": {
    "type": "LineString",
    "coordinates": [
      [
        -94.5582251,
        18.0018874
      ],
      [
        -94.5582476,
        18.0019036
      ],
      [
        -94.558554,
        18.002123
      ],
      [
        -94.5588187,
        18.0023593
      ],
      [
        -94.5591212,
        18.002713
      ],
      [
        -94.5611097,
        18.0061463
      ],
      [
        -94.5633958,
        18.0096645
      ],
      [
        -94.5652107,
        18.0132344
      ],
      [
        -94.5658802,
        18.014569
      ],
      [
        -94.5660561,
        18.0147947
      ],
      [
        -94.5662706,
        18.015014
      ],
      [
        -94.5665333,
        18.0152159
      ],
      [
        -94.5668335,
        18.0154074
      ],
      [
        -94.5673976,
        18.0156206
      ],
      [
        -94.5679034,
        18.0157432
      ],
      [
        -94.5687663,
        18.0157809
      ],
      [
        -94.5695002,
        18.0156395
      ],
      [
        -94.5751484,
        18.0129126
      ],
      [
        -94.575287,
        18.0128632
      ],
      [
        -94.5754285,
        18.0128221
      ],
      [
        -94.5755724,
        18.0127893
      ],
      [
        -94.5757182,
        18.0127651
      ],
      [
        -94.5758653,
        18.0127494
      ],
      [
        -94.5760131,
        18.0127425
      ],
      [
        -94.5761611,
        18.0127442
      ],
      [
        -94.5762972,
        18.0127535
      ],
      [
        -94.5764326,
        18.0127702
      ],
      [
        -94.5765668,
        18.0127942
      ],
      [
        -94.5766993,
        18.0128255
      ],
      [
        -94.5768298,
        18.0128638
      ],
      [
        -94.5769577,
        18.0129092
      ],
      [
        -94.5772729,
        18.0130468
      ],
      [
        -94.5775454,
        18.013276
      ]
    ]
  }
},
{
  "type": "Feature",
  "id": "way/113715653",
  "properties": {
    "timestamp": "2021-01-06T21:46:53Z",
    "version": "3",
    "changeset": "97072675",
    "user": "127logs",
    "uid": "9633823",
    "highway": "residential",
    "name": "Calle Agustín de Iturbide",
    "id": "way/113715653"
  },
  "geometry": {
    "type": "LineString",
    "coordinates": [
      [
        -94.5555851,
        18.0044292
      ],
      [
        -94.5550291,
        18.004078
      ],
      [
        -94.5540129,
        18.0034363
      ],
      [
        -94.5535244,
        18.0031278
      ],
      [
        -94.5524753,
        18.0024757
      ],
      [
        -94.5519304,
        18.0021198
      ]
    ]
  }
},
{
  "type": "Feature",
  "id": "way/113715657",
  "properties": {
    "timestamp": "2021-01-06T21:46:53Z",
    "version": "4",
    "changeset": "97072675",
    "user": "127logs",
    "uid": "9633823",
    "highway": "residential",
    "name": "Privada Bernal Díaz del Castillo",
    "id": "way/113715657"
  },
  "geometry": {
    "type": "LineString",
    "coordinates": [
      [
        -94.551571,
        18.0026959
      ],
      [
        -94.550972,
        18.0035193
      ],
      [
        -94.5504492,
        18.0044153
      ]
    ]
  }
},
{
  "type": "Feature",
  "id": "way/113715664",
  "properties": {
    "timestamp": "2021-01-06T21:46:53Z",
    "version": "3",
    "changeset": "97072675",
    "user": "127logs",
    "uid": "9633823",
    "highway": "residential",
    "name": "Calle Alameda",
    "id": "way/113715664"
  },
  "geometry": {
    "type": "LineString",
    "coordinates": [
      [
        -94.5521138,
        18.0042018
      ],
      [
        -94.5526974,
        18.003382
      ]
    ]
  }
},
{
  "type": "Feature",
  "id": "way/113715671",
  "properties": {
    "timestamp": "2021-01-06T21:41:27Z",
    "version": "4",
    "changeset": "97072538",
    "user": "127logs",
    "uid": "9633823",
    "highway": "residential",
    "name": "Calle Adalberto Tejeda",
    "id": "way/113715671"
  },
  "geometry": {
    "type": "LineString",
    "coordinates": [
      [
        -94.5532209,
        18.0014225
      ],
      [
        -94.5542763,
        18.0020479
      ],
      [
        -94.5547583,
        18.0023567
      ],
      [
        -94.5553546,
        18.0027388
      ],
      [
        -94.5556063,
        18.0029001
      ],
      [
        -94.5557856,
        18.003015
      ],
      [
        -94.5564698,
        18.0034756
      ]
    ]
  }
},
{
  "type": "Feature",
  "id": "way/113715682",
  "properties": {
    "timestamp": "2021-01-21T16:01:13Z",
    "version": "4",
    "changeset": "97916287",
    "user": "AlwaysSunnyInMapadelphia",
    "uid": "10140135",
    "alt_name": "Calle Veintiuno",
    "highway": "residential",
    "name": "Calle 21",
    "id": "way/113715682"
  },
  "geometry": {
    "type": "LineString",
    "coordinates": [
      [
        -94.5470716,
        18.0044784
      ],
      [
        -94.5465608,
        18.0044244
      ],
      [
        -94.5449506,
        18.0042437
      ],
      [
        -94.5448555,
        18.0042371
      ]
    ]
  }
},
{
  "type": "Feature",
  "id": "way/113715685",
  "properties": {
    "timestamp": "2021-01-21T15:55:39Z",
    "version": "5",
    "changeset": "97916051",
    "user": "AlwaysSunnyInMapadelphia",
    "uid": "10140135",
    "highway": "residential",
    "name": "Calle 19",
    "id": "way/113715685"
  },
  "geometry": {
    "type": "LineString",
    "coordinates": [
      [
        -94.5465608,
        18.0044244
      ],
      [
        -94.5466043,
        18.0038314
      ],
      [
        -94.546583,
        18.0038064
      ]
    ]
  }
},
{
  "type": "Feature",
  "id": "way/113715686",
  "properties": {
    "timestamp": "2021-01-06T21:41:27Z",
    "version": "5",
    "changeset": "97072538",
    "user": "127logs",
    "uid": "9633823",
    "highway": "residential",
    "name": "Úrsulo Galván",
    "id": "way/113715686"
  },
  "geometry": {
    "type": "LineString",
    "coordinates": [
      [
        -94.5536498,
        18.0039621
      ],
      [
        -94.5531539,
        18.00366
      ],
      [
        -94.5526974,
        18.003382
      ],
      [
        -94.5521077,
        18.0029973
      ],
      [
        -94.551571,
        18.0026959
      ]
    ]
  }
},
{
  "type": "Feature",
  "id": "way/113715692",
  "properties": {
    "timestamp": "2021-01-06T22:30:08Z",
    "version": "7",
    "changeset": "97073751",
    "user": "127logs",
    "uid": "9633823",
    "alt_name": "Calle Constitución",
    "highway": "secondary",
    "name": "Hilario C. Salas",
    "oneway": "yes",
    "id": "way/113715692"
  },
  "geometry": {
    "type": "LineString",
    "coordinates": [
      [
        -94.5559894,
        18.0008561
      ],
      [
        -94.5560932,
        18.0009566
      ],
      [
        -94.5568605,
        18.0014087
      ],
      [
        -94.5575456,
        18.0018616
      ],
      [
        -94.5577782,
        18.0020216
      ]
    ]
  }
},
{
  "type": "Feature",
  "id": "way/113715695",
  "properties": {
    "timestamp": "2021-01-21T15:44:18Z",
    "version": "4",
    "changeset": "97915580",
    "user": "AlwaysSunnyInMapadelphia",
    "uid": "10140135",
    "alt_name": "Calle Veintitres",
    "highway": "residential",
    "name": "Calle 23",
    "id": "way/113715695"
  },
  "geometry": {
    "type": "LineString",
    "coordinates": [
      [
        -94.5465355,
        18.0050522
      ],
      [
        -94.5448747,
        18.0049011
      ]
    ]
  }
},
{
  "type": "Feature",
  "id": "way/113715703",
  "properties": {
    "timestamp": "2021-01-06T21:00:02Z",
    "version": "5",
    "changeset": "97071344",
    "user": "127logs",
    "uid": "9633823",
    "highway": "residential",
    "name": "Privada Nicaragua",
    "id": "way/113715703"
  },
  "geometry": {
    "type": "LineString",
    "coordinates": [
      [
        -94.5503561,
        18.0058045
      ],
      [
        -94.549921,
        18.0056219
      ],
      [
        -94.5490319,
        18.0052472
      ],
      [
        -94.5482953,
        18.0049368
      ]
    ]
  }
},
{
  "type": "Feature",
  "id": "way/113715713",
  "properties": {
    "timestamp": "2021-01-06T22:22:49Z",
    "version": "4",
    "changeset": "97073583",
    "user": "127logs",
    "uid": "9633823",
    "alt_name": "Calle Cándido Aguilar",
    "highway": "residential",
    "name": "Adalberto Tejeda",
    "id": "way/113715713"
  },
  "geometry": {
    "type": "LineString",
    "coordinates": [
      [
        -94.5524967,
        18.0001376
      ],
      [
        -94.5535924,
        18.0008825
      ],
      [
        -94.5546396,
        18.0015296
      ],
      [
        -94.5551235,
        18.0018278
      ]
    ]
  }
},
{
  "type": "Feature",
  "id": "way/113715720",
  "properties": {
    "timestamp": "2021-01-06T21:13:49Z",
    "version": "4",
    "changeset": "97071771",
    "user": "127logs",
    "uid": "9633823",
    "highway": "residential",
    "name": "Calle Ignacio Zaragoza",
    "id": "way/113715720"
  },
  "geometry": {
    "type": "LineString",
    "coordinates": [
      [
        -94.5545331,
        18.0055281
      ],
      [
        -94.5538636,
        18.005161
      ],
      [
        -94.5533111,
        18.0048581
      ],
      [
        -94.553108,
        18.0047468
      ],
      [
        -94.5525936,
        18.0044648
      ],
      [
        -94.5521138,
        18.0042018
      ],
      [
        -94.5515367,
        18.003886
      ]
    ]
  }
},
{
  "type": "Feature",
  "id": "way/113715726",
  "properties": {
    "timestamp": "2024-02-14T02:28:59Z",
    "version": "12",
    "changeset": "147432533",
    "user": "Ferrocarriles de México",
    "uid": "19456985",
    "highway": "residential",
    "name": "Calle Miguel Alemán",
    "id": "way/113715726"
  },
  "geometry": {
    "type": "LineString",
    "coordinates": [
      [
        -94.5555563,
        17.9980934
      ],
      [
        -94.5553457,
        17.9983316
      ],
      [
        -94.5549186,
        17.9989738
      ],
      [
        -94.554578,
        17.9994464
      ],
      [
        -94.5545385,
        17.9995038
      ],
      [
        -94.5544947,
        17.9995676
      ],
      [
        -94.5540747,
        18.0001787
      ],
      [
        -94.5539465,
        18.0003543
      ],
      [
        -94.553828,
        18.0005335
      ],
      [
        -94.5535924,
        18.0008825
      ],
      [
        -94.5533965,
        18.0011523
      ],
      [
        -94.5532209,
        18.0014225
      ],
      [
        -94.5528497,
        18.0019307
      ],
      [
        -94.5524753,
        18.0024757
      ],
      [
        -94.5521077,
        18.0029973
      ],
      [
        -94.5515367,
        18.003886
      ],
      [
        -94.551058,
        18.0046978
      ],
      [
        -94.550721,
        18.0052467
      ],
      [
        -94.5503561,
        18.0058045
      ],
      [
        -94.550088,
        18.0062105
      ],
      [
        -94.5497767,
        18.0065651
      ],
      [
        -94.5497568,
        18.0065877
      ]
    ]
  }
},
{
  "type": "Feature",
  "id": "way/113715728",
  "properties": {
    "timestamp": "2021-01-21T16:01:13Z",
    "version": "5",
    "changeset": "97916287",
    "user": "AlwaysSunnyInMapadelphia",
    "uid": "10140135",
    "alt_name": "Calle Trece",
    "highway": "residential",
    "name": "Calle 13",
    "id": "way/113715728"
  },
  "geometry": {
    "type": "LineString",
    "coordinates": [
      [
        -94.5452011,
        18.0019077
      ],
      [
        -94.5467265,
        18.0020537
      ],
      [
        -94.5467596,
        18.0020418
      ]
    ]
  }
},
{
  "type": "Feature",
  "id": "way/113715731",
  "properties": {
    "timestamp": "2024-08-31T05:20:23Z",
    "version": "6",
    "changeset": "155998974",
    "user": "PiedmontPark",
    "uid": "10529559",
    "alt_name": "Calle Quince",
    "highway": "residential",
    "name": "Calle 15",
    "id": "way/113715731"
  },
  "geometry": {
    "type": "LineString",
    "coordinates": [
      [
        -94.5485333,
        18.0028453
      ],
      [
        -94.5469533,
        18.0026568
      ],
      [
        -94.546737,
        18.002637
      ],
      [
        -94.5453358,
        18.0025167
      ],
      [
        -94.5451373,
        18.0025067
      ]
    ]
  }
},
{
  "type": "Feature",
  "id": "way/113715734",
  "properties": {
    "timestamp": "2025-04-07T01:21:39Z",
    "version": "8",
    "changeset": "164612880",
    "user": "KawarthaLake",
    "uid": "22435626",
    "alt_name": "Calle Diecisiete",
    "highway": "residential",
    "name": "Calle 17",
    "id": "way/113715734"
  },
  "geometry": {
    "type": "LineString",
    "coordinates": [
      [
        -94.5466735,
        18.0032061
      ],
      [
        -94.5466459,
        18.0032177
      ],
      [
        -94.545072,
        18.0031001
      ],
      [
        -94.5449776,
        18.0030925
      ],
      [
        -94.5449197,
        18.0030884
      ]
    ]
  }
},
{
  "type": "Feature",
  "id": "way/117838937",
  "properties": {
    "timestamp": "2021-01-06T20:29:13Z",
    "version": "9",
    "changeset": "97070320",
    "user": "127logs",
    "uid": "9633823",
    "highway": "residential",
    "name": "Calle Vicente Guerrero",
    "oneway": "yes",
    "id": "way/117838937"
  },
  "geometry": {
    "type": "LineString",
    "coordinates": [
      [
        -94.5525957,
        18.01267
      ],
      [
        -94.5529442,
        18.0123428
      ],
      [
        -94.5529946,
        18.0122955
      ],
      [
        -94.5534396,
        18.0118273
      ],
      [
        -94.5538913,
        18.011349
      ],
      [
        -94.5539571,
        18.0112826
      ],
      [
        -94.5544043,
        18.0108125
      ],
      [
        -94.5548486,
        18.0103451
      ],
      [
        -94.5553099,
        18.00986
      ],
      [
        -94.5553709,
        18.0097959
      ],
      [
        -94.5558064,
        18.0093035
      ],
      [
        -94.556065,
        18.0090397
      ],
      [
        -94.5561974,
        18.0088747
      ],
      [
        -94.5562508,
        18.0088504
      ]
    ]
  }
},
{
  "type": "Feature",
  "id": "way/117838976",
  "properties": {
    "timestamp": "2021-01-06T20:29:13Z",
    "version": "10",
    "changeset": "97070320",
    "user": "127logs",
    "uid": "9633823",
    "highway": "residential",
    "name": "Calle Ignacio Zaragoza",
    "id": "way/117838976"
  },
  "geometry": {
    "type": "LineString",
    "coordinates": [
      [
        -94.5551142,
        18.0081488
      ],
      [
        -94.5550776,
        18.0081668
      ],
      [
        -94.5548268,
        18.0084355
      ],
      [
        -94.5543646,
        18.0089198
      ],
      [
        -94.5543115,
        18.0089756
      ],
      [
        -94.5538399,
        18.00947
      ],
      [
        -94.5533968,
        18.0099345
      ],
      [
        -94.5529342,
        18.0104122
      ],
      [
        -94.5528761,
        18.0104702
      ],
      [
        -94.5524304,
        18.0109475
      ],
      [
        -94.551953,
        18.0114521
      ]
    ]
  }
},
{
  "type": "Feature",
  "id": "way/117839028",
  "properties": {
    "timestamp": "2021-01-06T21:34:28Z",
    "version": "3",
    "changeset": "97072337",
    "user": "127logs",
    "uid": "9633823",
    "highway": "residential",
    "name": "Calle 5 de mayo",
    "id": "way/117839028"
  },
  "geometry": {
    "type": "LineString",
    "coordinates": [
      [
        -94.5568991,
        18.0044849
      ],
      [
        -94.5563899,
        18.0041795
      ],
      [
        -94.5561625,
        18.0040431
      ]
    ]
  }
},
{
  "type": "Feature",
  "id": "way/117839048",
  "properties": {
    "timestamp": "2021-01-07T18:23:00Z",
    "version": "4",
    "changeset": "97125389",
    "user": "127logs",
    "uid": "9633823",
    "highway": "residential",
    "name": "Calle Independencia",
    "id": "way/117839048"
  },
  "geometry": {
    "type": "LineString",
    "coordinates": [
      [
        -94.5603585,
        18.0071919
      ],
      [
        -94.5609989,
        18.0064744
      ],
      [
        -94.5610679,
        18.0063972
      ]
    ]
  }
},
{
  "type": "Feature",
  "id": "way/117839049",
  "properties": {
    "timestamp": "2021-01-06T21:24:46Z",
    "version": "4",
    "changeset": "97072066",
    "user": "127logs",
    "uid": "9633823",
    "highway": "residential",
    "name": "Callejón Los Pinos",
    "id": "way/117839049"
  },
  "geometry": {
    "type": "LineString",
    "coordinates": [
      [
        -94.5583444,
        18.0049504
      ],
      [
        -94.558093,
        18.0052314
      ],
      [
        -94.5576961,
        18.0056751
      ]
    ]
  }
},
{
  "type": "Feature",
  "id": "way/117839069",
  "properties": {
    "timestamp": "2021-01-07T18:23:00Z",
    "version": "3",
    "changeset": "97125389",
    "user": "127logs",
    "uid": "9633823",
    "highway": "residential",
    "name": "Calle Ignacio Allende",
    "id": "way/117839069"
  },
  "geometry": {
    "type": "LineString",
    "coordinates": [
      [
        -94.5601553,
        18.0059441
      ],
      [
        -94.5594246,
        18.0066811
      ]
    ]
  }
},
{
  "type": "Feature",
  "id": "way/117839080",
  "properties": {
    "timestamp": "2021-01-06T21:24:46Z",
    "version": "4",
    "changeset": "97072066",
    "user": "127logs",
    "uid": "9633823",
    "highway": "residential",
    "name": "Calle Miguel Hidalgo",
    "id": "way/117839080"
  },
  "geometry": {
    "type": "LineString",
    "coordinates": [
      [
        -94.5585687,
        18.0061723
      ],
      [
        -94.558897,
        18.0058172
      ],
      [
        -94.5592428,
        18.0054433
      ]
    ]
  }
},
{
  "type": "Feature",
  "id": "way/117839127",
  "properties": {
    "timestamp": "2021-01-06T20:18:10Z",
    "version": "3",
    "changeset": "97069955",
    "user": "127logs",
    "uid": "9633823",
    "highway": "residential",
    "name": "Calle J. M. Azueta",
    "id": "way/117839127"
  },
  "geometry": {
    "type": "LineString",
    "coordinates": [
      [
        -94.5515715,
        18.007587
      ],
      [
        -94.5503057,
        18.0088754
      ],
      [
        -94.5499009,
        18.0092899
      ]
    ]
  }
},
{
  "type": "Feature",
  "id": "way/117839173",
  "properties": {
    "timestamp": "2021-01-06T20:18:10Z",
    "version": "3",
    "changeset": "97069955",
    "user": "127logs",
    "uid": "9633823",
    "highway": "residential",
    "name": "Cerrada La Ceiba",
    "id": "way/117839173"
  },
  "geometry": {
    "type": "LineString",
    "coordinates": [
      [
        -94.5491856,
        18.0090699
      ],
      [
        -94.5486975,
        18.0086509
      ],
      [
        -94.5481585,
        18.0081885
      ]
    ]
  }
},
{
  "type": "Feature",
  "id": "way/117839176",
  "properties": {
    "timestamp": "2021-01-06T20:18:10Z",
    "version": "3",
    "changeset": "97069955",
    "user": "127logs",
    "uid": "9633823",
    "highway": "residential",
    "name": "Calle Roberto Pérez H",
    "id": "way/117839176"
  },
  "geometry": {
    "type": "LineString",
    "coordinates": [
      [
        -94.5502658,
        18.0069783
      ],
      [
        -94.5493263,
        18.0079803
      ],
      [
        -94.5486975,
        18.0086509
      ]
    ]
  }
},
{
  "type": "Feature",
  "id": "way/117839181",
  "properties": {
    "timestamp": "2021-01-07T18:23:00Z",
    "version": "3",
    "changeset": "97125389",
    "user": "127logs",
    "uid": "9633823",
    "highway": "residential",
    "name": "Calle Guadalupe Victoria",
    "id": "way/117839181"
  },
  "geometry": {
    "type": "LineString",
    "coordinates": [
      [
        -94.5616189,
        18.0073358
      ],
      [
        -94.5612627,
        18.0077223
      ],
      [
        -94.5599907,
        18.0090808
      ]
    ]
  }
},
{
  "type": "Feature",
  "id": "way/117839260",
  "properties": {
    "timestamp": "2021-01-06T21:20:09Z",
    "version": "3",
    "changeset": "97071936",
    "user": "127logs",
    "uid": "9633823",
    "highway": "residential",
    "name": "Calle Emiliano Zapata",
    "id": "way/117839260"
  },
  "geometry": {
    "type": "LineString",
    "coordinates": [
      [
        -94.5579828,
        18.0034908
      ],
      [
        -94.557825,
        18.0036355
      ],
      [
        -94.5577225,
        18.0037294
      ],
      [
        -94.5571221,
        18.0042796
      ],
      [
        -94.5568991,
        18.0044849
      ],
      [
        -94.5564052,
        18.0049397
      ]
    ]
  }
},
{
  "type": "Feature",
  "id": "way/117839292",
  "properties": {
    "timestamp": "2021-01-05T19:46:17Z",
    "version": "4",
    "changeset": "97002334",
    "user": "127logs",
    "uid": "9633823",
    "highway": "residential",
    "name": "Calle Adolfo Ruiz Cortinez",
    "id": "way/117839292"
  },
  "geometry": {
    "type": "LineString",
    "coordinates": [
      [
        -94.5638077,
        18.0126669
      ],
      [
        -94.5628349,
        18.0118096
      ],
      [
        -94.5619181,
        18.0110017
      ],
      [
        -94.5604692,
        18.009732
      ],
      [
        -94.5599105,
        18.0092387
      ]
    ]
  }
},
{
  "type": "Feature",
  "id": "way/117839315",
  "properties": {
    "timestamp": "2023-07-27T20:17:13Z",
    "version": "4",
    "changeset": "139105870",
    "user": "म्यापर",
    "uid": "17365610",
    "highway": "residential",
    "name": "Calle Raúl Pérez H",
    "id": "way/117839315"
  },
  "geometry": {
    "type": "LineString",
    "coordinates": [
      [
        -94.5509473,
        18.0072719
      ],
      [
        -94.5498097,
        18.0084215
      ],
      [
        -94.5491856,
        18.0090699
      ],
      [
        -94.5487926,
        18.0094782
      ],
      [
        -94.5485741,
        18.0097052
      ],
      [
        -94.5483746,
        18.0099126
      ]
    ]
  }
},
{
  "type": "Feature",
  "id": "way/117839337",
  "properties": {
    "timestamp": "2021-01-06T21:00:02Z",
    "version": "4",
    "changeset": "97071344",
    "user": "127logs",
    "uid": "9633823",
    "highway": "residential",
    "name": "Calle Abel R. Pérez",
    "id": "way/117839337"
  },
  "geometry": {
    "type": "LineString",
    "coordinates": [
      [
        -94.5508294,
        18.0093542
      ],
      [
        -94.5503057,
        18.0088754
      ],
      [
        -94.5498097,
        18.0084215
      ],
      [
        -94.5493263,
        18.0079803
      ],
      [
        -94.548796,
        18.0074949
      ]
    ]
  }
},
{
  "type": "Feature",
  "id": "way/117839370",
  "properties": {
    "timestamp": "2021-01-06T21:24:46Z",
    "version": "6",
    "changeset": "97072066",
    "user": "127logs",
    "uid": "9633823",
    "highway": "residential",
    "name": "Calle 21 de Marzo",
    "id": "way/117839370"
  },
  "geometry": {
    "type": "LineString",
    "coordinates": [
      [
        -94.5556919,
        18.0045333
      ],
      [
        -94.5560307,
        18.0047263
      ],
      [
        -94.5564052,
        18.0049397
      ],
      [
        -94.5576961,
        18.0056751
      ],
      [
        -94.5585286,
        18.0061494
      ],
      [
        -94.5585687,
        18.0061723
      ],
      [
        -94.5594246,
        18.0066811
      ],
      [
        -94.5603585,
        18.0071919
      ],
      [
        -94.5612627,
        18.0077223
      ]
    ]
  }
},
{
  "type": "Feature",
  "id": "way/117839371",
  "properties": {
    "timestamp": "2021-01-06T21:17:31Z",
    "version": "7",
    "changeset": "97071858",
    "user": "127logs",
    "uid": "9633823",
    "highway": "residential",
    "name": "Avenida Tecnológico",
    "id": "way/117839371"
  },
  "geometry": {
    "type": "LineString",
    "coordinates": [
      [
        -94.5543401,
        18.0059411
      ],
      [
        -94.5550212,
        18.0063173
      ],
      [
        -94.5555474,
        18.0066079
      ],
      [
        -94.5561315,
        18.0069305
      ],
      [
        -94.5565033,
        18.0071364
      ],
      [
        -94.55665,
        18.0072176
      ],
      [
        -94.5574177,
        18.0076408
      ],
      [
        -94.5585416,
        18.0082615
      ],
      [
        -94.5595939,
        18.0088427
      ]
    ]
  }
},
{
  "type": "Feature",
  "id": "way/117839376",
  "properties": {
    "timestamp": "2021-01-07T18:23:00Z",
    "version": "10",
    "changeset": "97125389",
    "user": "127logs",
    "uid": "9633823",
    "alt_name": "Carretera Antigua a Mapachapa",
    "highway": "tertiary",
    "name": "Héroe de nacozari",
    "id": "way/117839376"
  },
  "geometry": {
    "type": "LineString",
    "coordinates": [
      [
        -94.5592661,
        18.0031038
      ],
      [
        -94.5597263,
        18.0040331
      ],
      [
        -94.5602703,
        18.0051314
      ],
      [
        -94.5610679,
        18.0063972
      ],
      [
        -94.5616189,
        18.0073358
      ],
      [
        -94.5617212,
        18.0074791
      ],
      [
        -94.5619729,
        18.0078317
      ],
      [
        -94.562219,
        18.0081764
      ],
      [
        -94.5624771,
        18.008538
      ],
      [
        -94.5625892,
        18.0086951
      ],
      [
        -94.5628079,
        18.0090453
      ],
      [
        -94.5633701,
        18.0099455
      ]
    ]
  }
},
{
  "type": "Feature",
  "id": "way/117839383",
  "properties": {
    "timestamp": "2021-01-05T20:35:44Z",
    "version": "11",
    "changeset": "97004153",
    "user": "127logs",
    "uid": "9633823",
    "highway": "residential",
    "name": "Calle Adolfo López Mateos",
    "oneway": "yes",
    "id": "way/117839383"
  },
  "geometry": {
    "type": "LineString",
    "coordinates": [
      [
        -94.5584712,
        18.0152125
      ],
      [
        -94.5567553,
        18.013711
      ],
      [
        -94.5558259,
        18.0129177
      ],
      [
        -94.5557733,
        18.0128742
      ],
      [
        -94.5551739,
        18.01234
      ],
      [
        -94.5548583,
        18.0120587
      ],
      [
        -94.5539571,
        18.0112826
      ],
      [
        -94.5538608,
        18.0112037
      ],
      [
        -94.5529342,
        18.0104122
      ],
      [
        -94.5522014,
        18.0097746
      ],
      [
        -94.5513623,
        18.0090445
      ]
    ]
  }
},
{
  "type": "Feature",
  "id": "way/117839388",
  "properties": {
    "timestamp": "2021-01-06T20:39:09Z",
    "version": "8",
    "changeset": "97070625",
    "user": "127logs",
    "uid": "9633823",
    "highway": "residential",
    "name": "Calle Abel R. Pérez",
    "oneway": "yes",
    "id": "way/117839388"
  },
  "geometry": {
    "type": "LineString",
    "coordinates": [
      [
        -94.5562508,
        18.0088504
      ],
      [
        -94.5563107,
        18.0088745
      ],
      [
        -94.5566974,
        18.0092048
      ],
      [
        -94.5571604,
        18.0095885
      ],
      [
        -94.5580939,
        18.010404
      ],
      [
        -94.5581537,
        18.0104559
      ],
      [
        -94.5588923,
        18.0110888
      ],
      [
        -94.55907,
        18.0112584
      ],
      [
        -94.5601731,
        18.012256
      ]
    ]
  }
},
{
  "type": "Feature",
  "id": "way/117839408",
  "properties": {
    "timestamp": "2021-01-06T20:39:09Z",
    "version": "8",
    "changeset": "97070625",
    "user": "127logs",
    "uid": "9633823",
    "highway": "residential",
    "name": "Calle Ignacio Allende",
    "id": "way/117839408"
  },
  "geometry": {
    "type": "LineString",
    "coordinates": [
      [
        -94.5538255,
        18.0077474
      ],
      [
        -94.5541064,
        18.0078783
      ],
      [
        -94.5548268,
        18.0084355
      ],
      [
        -94.5557342,
        18.0092327
      ],
      [
        -94.5558064,
        18.0093035
      ],
      [
        -94.5567008,
        18.0100818
      ],
      [
        -94.5576287,
        18.010897
      ],
      [
        -94.5576887,
        18.0109498
      ],
      [
        -94.5585971,
        18.0117506
      ],
      [
        -94.5596247,
        18.0126502
      ],
      [
        -94.5607168,
        18.0136095
      ]
    ]
  }
},
{
  "type": "Feature",
  "id": "way/117839420",
  "properties": {
    "timestamp": "2021-01-05T20:35:44Z",
    "version": "10",
    "changeset": "97004153",
    "user": "127logs",
    "uid": "9633823",
    "highway": "residential",
    "name": "Calle José María Morelos",
    "id": "way/117839420"
  },
  "geometry": {
    "type": "LineString",
    "coordinates": [
      [
        -94.5598139,
        18.0156063
      ],
      [
        -94.5592216,
        18.0150272
      ],
      [
        -94.5579193,
        18.0138761
      ],
      [
        -94.5571985,
        18.0132506
      ],
      [
        -94.5562852,
        18.0124515
      ],
      [
        -94.5562297,
        18.0124031
      ],
      [
        -94.5556103,
        18.0118636
      ],
      [
        -94.5552959,
        18.0115897
      ],
      [
        -94.5544043,
        18.0108125
      ],
      [
        -94.5543103,
        18.0107306
      ],
      [
        -94.5533968,
        18.0099345
      ],
      [
        -94.5518234,
        18.008563
      ]
    ]
  }
},
{
  "type": "Feature",
  "id": "way/374746062",
  "properties": {
    "timestamp": "2021-01-06T20:18:10Z",
    "version": "2",
    "changeset": "97069955",
    "user": "127logs",
    "uid": "9633823",
    "highway": "residential",
    "name": "Calle El Roble El Pino",
    "surface": "unpaved",
    "id": "way/374746062"
  },
  "geometry": {
    "type": "LineString",
    "coordinates": [
      [
        -94.5487926,
        18.0094782
      ],
      [
        -94.5477703,
        18.0085908
      ]
    ]
  }
},
{
  "type": "Feature",
  "id": "way/374746071",
  "properties": {
    "timestamp": "2021-01-06T20:57:33Z",
    "version": "4",
    "changeset": "97071233",
    "user": "127logs",
    "uid": "9633823",
    "highway": "residential",
    "name": "Calle Río Blanco",
    "oneway": "no",
    "surface": "unpaved",
    "id": "way/374746071"
  },
  "geometry": {
    "type": "LineString",
    "coordinates": [
      [
        -94.5496704,
        18.0066538
      ],
      [
        -94.5496373,
        18.0066792
      ],
      [
        -94.5495208,
        18.0067472
      ],
      [
        -94.5494025,
        18.0068198
      ],
      [
        -94.5493167,
        18.0069284
      ],
      [
        -94.548796,
        18.0074949
      ],
      [
        -94.5481585,
        18.0081885
      ],
      [
        -94.5477703,
        18.0085908
      ],
      [
        -94.5463574,
        18.010054
      ],
      [
        -94.5463004,
        18.0101128
      ]
    ]
  }
},
{
  "type": "Feature",
  "id": "way/374746072",
  "properties": {
    "timestamp": "2021-01-21T15:44:18Z",
    "version": "2",
    "changeset": "97915580",
    "user": "AlwaysSunnyInMapadelphia",
    "uid": "10140135",
    "highway": "residential",
    "name": "Privada El Pino",
    "surface": "unpaved",
    "id": "way/374746072"
  },
  "geometry": {
    "type": "LineString",
    "coordinates": [
      [
        -94.5477703,
        18.0085908
      ],
      [
        -94.5473127,
        18.0082128
      ]
    ]
  }
},
{
  "type": "Feature",
  "id": "way/374835740",
  "properties": {
    "timestamp": "2020-12-10T08:18:02Z",
    "version": "2",
    "changeset": "95599396",
    "user": "AggtelekKarstCaves",
    "uid": "10529605",
    "highway": "residential",
    "id": "way/374835740"
  },
  "geometry": {
    "type": "LineString",
    "coordinates": [
      [
        -94.5490319,
        18.0052472
      ],
      [
        -94.5488069,
        18.0055167
      ]
    ]
  }
},
{
  "type": "Feature",
  "id": "way/374835741",
  "properties": {
    "timestamp": "2021-01-21T15:44:18Z",
    "version": "5",
    "changeset": "97915580",
    "user": "AlwaysSunnyInMapadelphia",
    "uid": "10140135",
    "highway": "residential",
    "name": "Calle Francisco Villa",
    "id": "way/374835741"
  },
  "geometry": {
    "type": "LineString",
    "coordinates": [
      [
        -94.5475955,
        18.0053367
      ],
      [
        -94.5478887,
        18.0054984
      ],
      [
        -94.5481615,
        18.0055931
      ],
      [
        -94.5482181,
        18.0056129
      ],
      [
        -94.5485383,
        18.0057554
      ],
      [
        -94.5488306,
        18.0058892
      ]
    ]
  }
},
{
  "type": "Feature",
  "id": "way/374835742",
  "properties": {
    "timestamp": "2020-12-10T08:18:02Z",
    "version": "2",
    "changeset": "95599396",
    "user": "AggtelekKarstCaves",
    "uid": "10529605",
    "highway": "residential",
    "id": "way/374835742"
  },
  "geometry": {
    "type": "LineString",
    "coordinates": [
      [
        -94.5478887,
        18.0054984
      ],
      [
        -94.5475049,
        18.0061723
      ]
    ]
  }
},
{
  "type": "Feature",
  "id": "way/374835743",
  "properties": {
    "timestamp": "2020-12-10T08:18:02Z",
    "version": "3",
    "changeset": "95599396",
    "user": "AggtelekKarstCaves",
    "uid": "10529605",
    "highway": "residential",
    "id": "way/374835743"
  },
  "geometry": {
    "type": "LineString",
    "coordinates": [
      [
        -94.5481615,
        18.0055931
      ],
      [
        -94.5478018,
        18.0061861
      ]
    ]
  }
},
{
  "type": "Feature",
  "id": "way/374835744",
  "properties": {
    "timestamp": "2021-01-21T15:44:18Z",
    "version": "3",
    "changeset": "97915580",
    "user": "AlwaysSunnyInMapadelphia",
    "uid": "10140135",
    "highway": "residential",
    "name": "Calle Flores Magón",
    "id": "way/374835744"
  },
  "geometry": {
    "type": "LineString",
    "coordinates": [
      [
        -94.5487294,
        18.0054805
      ],
      [
        -94.5485383,
        18.0057554
      ],
      [
        -94.5482294,
        18.0061961
      ]
    ]
  }
},
{
  "type": "Feature",
  "id": "way/374835745",
  "properties": {
    "timestamp": "2020-12-10T08:18:02Z",
    "version": "2",
    "changeset": "95599396",
    "user": "AggtelekKarstCaves",
    "uid": "10529605",
    "highway": "residential",
    "id": "way/374835745"
  },
  "geometry": {
    "type": "LineString",
    "coordinates": [
      [
        -94.5483975,
        18.0053234
      ],
      [
        -94.5482181,
        18.0056129
      ]
    ]
  }
},
{
  "type": "Feature",
  "id": "way/374835746",
  "properties": {
    "timestamp": "2021-01-06T21:00:02Z",
    "version": "4",
    "changeset": "97071344",
    "user": "127logs",
    "uid": "9633823",
    "highway": "residential",
    "name": "Callejón Primer Callejón",
    "id": "way/374835746"
  },
  "geometry": {
    "type": "LineString",
    "coordinates": [
      [
        -94.5483975,
        18.0053234
      ],
      [
        -94.5487294,
        18.0054805
      ],
      [
        -94.5488069,
        18.0055167
      ],
      [
        -94.5490435,
        18.0056457
      ],
      [
        -94.5492714,
        18.0057858
      ],
      [
        -94.5494463,
        18.0058851
      ],
      [
        -94.5494579,
        18.0059163
      ],
      [
        -94.5494597,
        18.0059432
      ]
    ]
  }
},
{
  "type": "Feature",
  "id": "way/374835747",
  "properties": {
    "timestamp": "2020-12-10T08:18:02Z",
    "version": "2",
    "changeset": "95599396",
    "user": "AggtelekKarstCaves",
    "uid": "10529605",
    "highway": "residential",
    "id": "way/374835747"
  },
  "geometry": {
    "type": "LineString",
    "coordinates": [
      [
        -94.5492714,
        18.0057858
      ],
      [
        -94.5487536,
        18.0062943
      ]
    ]
  }
},
{
  "type": "Feature",
  "id": "way/374835748",
  "properties": {
    "timestamp": "2020-12-10T08:18:02Z",
    "version": "2",
    "changeset": "95599396",
    "user": "AggtelekKarstCaves",
    "uid": "10529605",
    "highway": "residential",
    "id": "way/374835748"
  },
  "geometry": {
    "type": "LineString",
    "coordinates": [
      [
        -94.5490435,
        18.0056457
      ],
      [
        -94.5488306,
        18.0058892
      ],
      [
        -94.5485448,
        18.006244
      ]
    ]
  }
},
{
  "type": "Feature",
  "id": "way/374835750",
  "properties": {
    "timestamp": "2021-01-21T16:01:13Z",
    "version": "6",
    "changeset": "97916287",
    "user": "AlwaysSunnyInMapadelphia",
    "uid": "10140135",
    "alt_name": "Calle Cinco",
    "highway": "residential",
    "name": "Calle 5",
    "id": "way/374835750"
  },
  "geometry": {
    "type": "LineString",
    "coordinates": [
      [
        -94.5447198,
        18.0070973
      ],
      [
        -94.5455526,
        18.0061492
      ],
      [
        -94.5460469,
        18.0056006
      ],
      [
        -94.5465355,
        18.0050522
      ],
      [
        -94.5468947,
        18.0046875
      ],
      [
        -94.5470716,
        18.0044784
      ],
      [
        -94.5475813,
        18.0039315
      ],
      [
        -94.5480748,
        18.0033881
      ],
      [
        -94.5484412,
        18.0029847
      ],
      [
        -94.5485333,
        18.0028453
      ],
      [
        -94.5486546,
        18.0026616
      ],
      [
        -94.5487287,
        18.0022556
      ],
      [
        -94.5487117,
        18.0021925
      ],
      [
        -94.548598,
        18.0017708
      ],
      [
        -94.5484881,
        18.0016265
      ],
      [
        -94.5479925,
        18.0009754
      ],
      [
        -94.5474479,
        18.0004326
      ],
      [
        -94.5471713,
        18.00024
      ],
      [
        -94.5465535,
        17.9998612
      ],
      [
        -94.5458624,
        17.9995733
      ],
      [
        -94.545116,
        17.9994148
      ]
    ]
  }
},
{
  "type": "Feature",
  "id": "way/616721303",
  "properties": {
    "timestamp": "2021-01-21T15:55:39Z",
    "version": "3",
    "changeset": "97916051",
    "user": "AlwaysSunnyInMapadelphia",
    "uid": "10140135",
    "highway": "residential",
    "name": "Calle 19",
    "id": "way/616721303"
  },
  "geometry": {
    "type": "LineString",
    "coordinates": [
      [
        -94.5469246,
        18.0032385
      ],
      [
        -94.5468818,
        18.0032989
      ],
      [
        -94.5468179,
        18.003778
      ],
      [
        -94.5468407,
        18.0038138
      ]
    ]
  }
},
{
  "type": "Feature",
  "id": "way/616782774",
  "properties": {
    "timestamp": "2021-01-06T20:39:09Z",
    "version": "3",
    "changeset": "97070625",
    "user": "127logs",
    "uid": "9633823",
    "highway": "residential",
    "name": "Calle Isaac Newton",
    "id": "way/616782774"
  },
  "geometry": {
    "type": "LineString",
    "coordinates": [
      [
        -94.5555221,
        18.0079075
      ],
      [
        -94.5551949,
        18.0077377
      ],
      [
        -94.5548135,
        18.0074502
      ],
      [
        -94.5542767,
        18.0071038
      ],
      [
        -94.5536266,
        18.0066843
      ]
    ]
  }
},
{
  "type": "Feature",
  "id": "way/616782775",
  "properties": {
    "timestamp": "2021-01-06T20:39:09Z",
    "version": "3",
    "changeset": "97070625",
    "user": "127logs",
    "uid": "9633823",
    "highway": "residential",
    "name": "Calle Linus Pawling",
    "id": "way/616782775"
  },
  "geometry": {
    "type": "LineString",
    "coordinates": [
      [
        -94.5561315,
        18.0069305
      ],
      [
        -94.5555221,
        18.0079075
      ],
      [
        -94.5553498,
        18.0081949
      ],
      [
        -94.5553234,
        18.0082217
      ],
      [
        -94.555276,
        18.0082255
      ],
      [
        -94.5551513,
        18.0081579
      ],
      [
        -94.5551142,
        18.0081488
      ]
    ]
  }
},
{
  "type": "Feature",
  "id": "way/616782776",
  "properties": {
    "timestamp": "2021-01-07T18:23:00Z",
    "version": "4",
    "changeset": "97125389",
    "user": "127logs",
    "uid": "9633823",
    "alt_name": "Avenida Tecnológico",
    "highway": "residential",
    "name": "Porfirio Díaz",
    "id": "way/616782776"
  },
  "geometry": {
    "type": "LineString",
    "coordinates": [
      [
        -94.5595939,
        18.0088427
      ],
      [
        -94.55968,
        18.0088902
      ],
      [
        -94.5599907,
        18.0090808
      ],
      [
        -94.5601755,
        18.0091941
      ],
      [
        -94.560813,
        18.0093181
      ]
    ]
  }
},
{
  "type": "Feature",
  "id": "way/616782777",
  "properties": {
    "timestamp": "2021-01-06T21:17:31Z",
    "version": "3",
    "changeset": "97071858",
    "user": "127logs",
    "uid": "9633823",
    "alt_name": "Calle Alfred Nobel",
    "highway": "residential",
    "name": "Alfred novel",
    "id": "way/616782777"
  },
  "geometry": {
    "type": "LineString",
    "coordinates": [
      [
        -94.5548135,
        18.0074502
      ],
      [
        -94.5553377,
        18.0068506
      ],
      [
        -94.5555474,
        18.0066079
      ]
    ]
  }
},
{
  "type": "Feature",
  "id": "way/616782778",
  "properties": {
    "timestamp": "2021-01-06T20:23:43Z",
    "version": "2",
    "changeset": "97070127",
    "user": "127logs",
    "uid": "9633823",
    "highway": "residential",
    "name": "Calle Albert Einstein",
    "id": "way/616782778"
  },
  "geometry": {
    "type": "LineString",
    "coordinates": [
      [
        -94.5550212,
        18.0063173
      ],
      [
        -94.5542767,
        18.0071038
      ],
      [
        -94.5538429,
        18.0075115
      ]
    ]
  }
},
{
  "type": "Feature",
  "id": "way/616784108",
  "properties": {
    "timestamp": "2021-01-06T20:46:24Z",
    "version": "4",
    "changeset": "97070845",
    "user": "127logs",
    "uid": "9633823",
    "highway": "residential",
    "name": "Calle Lasser",
    "id": "way/616784108"
  },
  "geometry": {
    "type": "LineString",
    "coordinates": [
      [
        -94.5574177,
        18.0076408
      ],
      [
        -94.5572173,
        18.0083966
      ],
      [
        -94.5571585,
        18.0086186
      ]
    ]
  }
},
{
  "type": "Feature",
  "id": "way/616784109",
  "properties": {
    "timestamp": "2021-01-06T21:34:28Z",
    "version": "2",
    "changeset": "97072337",
    "user": "127logs",
    "uid": "9633823",
    "highway": "residential",
    "name": "Prolongación Candido aguilar",
    "id": "way/616784109"
  },
  "geometry": {
    "type": "LineString",
    "coordinates": [
      [
        -94.5577225,
        18.0037294
      ],
      [
        -94.5570497,
        18.0031193
      ]
    ]
  }
},
{
  "type": "Feature",
  "id": "way/616784110",
  "properties": {
    "timestamp": "2021-01-06T21:34:28Z",
    "version": "3",
    "changeset": "97072337",
    "user": "127logs",
    "uid": "9633823",
    "alt_name": "Calle Cándido Aguilar",
    "highway": "path",
    "name": "Candido perez",
    "id": "way/616784110"
  },
  "geometry": {
    "type": "LineString",
    "coordinates": [
      [
        -94.5591276,
        18.0045494
      ],
      [
        -94.5587924,
        18.0043143
      ],
      [
        -94.5583703,
        18.004018
      ]
    ]
  }
},
{
  "type": "Feature",
  "id": "way/616784111",
  "properties": {
    "timestamp": "2018-08-13T21:44:26Z",
    "version": "1",
    "changeset": "61639902",
    "user": "Guillermo Larios Barrios",
    "uid": "7620588",
    "highway": "residential",
    "name": "El roble",
    "id": "way/616784111"
  },
  "geometry": {
    "type": "LineString",
    "coordinates": [
      [
        -94.5587924,
        18.0043143
      ],
      [
        -94.5583444,
        18.0049504
      ]
    ]
  }
},
{
  "type": "Feature",
  "id": "way/616784112",
  "properties": {
    "timestamp": "2021-01-06T21:34:28Z",
    "version": "2",
    "changeset": "97072337",
    "user": "127logs",
    "uid": "9633823",
    "alt_name": "Calle Los Almendros",
    "highway": "residential",
    "name": "Los robles",
    "id": "way/616784112"
  },
  "geometry": {
    "type": "LineString",
    "coordinates": [
      [
        -94.5583703,
        18.004018
      ],
      [
        -94.5583005,
        18.0041521
      ],
      [
        -94.5581948,
        18.0043574
      ],
      [
        -94.5579806,
        18.0047507
      ]
    ]
  }
},
{
  "type": "Feature",
  "id": "way/674485362",
  "properties": {
    "timestamp": "2021-01-06T21:53:51Z",
    "version": "2",
    "changeset": "97072883",
    "user": "127logs",
    "uid": "9633823",
    "highway": "residential",
    "name": "Calle José María Pino Suárez",
    "id": "way/674485362"
  },
  "geometry": {
    "type": "LineString",
    "coordinates": [
      [
        -94.5538816,
        18.0062086
      ],
      [
        -94.5532152,
        18.0058605
      ],
      [
        -94.5525748,
        18.0055258
      ],
      [
        -94.5520469,
        18.00525
      ],
      [
        -94.551058,
        18.0046978
      ],
      [
        -94.5504492,
        18.0044153
      ],
      [
        -94.549262,
        18.0037563
      ]
    ]
  }
},
{
  "type": "Feature",
  "id": "way/682514701",
  "properties": {
    "timestamp": "2021-01-06T21:49:23Z",
    "version": "2",
    "changeset": "97072750",
    "user": "127logs",
    "uid": "9633823",
    "highway": "residential",
    "id": "way/682514701"
  },
  "geometry": {
    "type": "LineString",
    "coordinates": [
      [
        -94.549262,
        18.0037563
      ],
      [
        -94.5492515,
        18.0036838
      ],
      [
        -94.5494178,
        18.0033215
      ],
      [
        -94.5495975,
        18.0029619
      ],
      [
        -94.5497746,
        18.0025461
      ],
      [
        -94.5500025,
        18.0021685
      ],
      [
        -94.550193,
        18.0018267
      ],
      [
        -94.5502654,
        18.0015436
      ],
      [
        -94.550319,
        18.0014874
      ]
    ]
  }
},
{
  "type": "Feature",
  "id": "way/682515372",
  "properties": {
    "timestamp": "2021-01-06T21:46:53Z",
    "version": "2",
    "changeset": "97072675",
    "user": "127logs",
    "uid": "9633823",
    "highway": "residential",
    "name": "Calle Bernal",
    "id": "way/682515372"
  },
  "geometry": {
    "type": "LineString",
    "coordinates": [
      [
        -94.552256,
        18.0016003
      ],
      [
        -94.5519304,
        18.0021198
      ],
      [
        -94.551571,
        18.0026959
      ]
    ]
  }
},
{
  "type": "Feature",
  "id": "way/682515376",
  "properties": {
    "timestamp": "2021-01-06T22:36:54Z",
    "version": "3",
    "changeset": "97073922",
    "user": "127logs",
    "uid": "9633823",
    "highway": "secondary_link",
    "oneway": "no",
    "id": "way/682515376"
  },
  "geometry": {
    "type": "LineString",
    "coordinates": [
      [
        -94.5576589,
        18.0017081
      ],
      [
        -94.5575456,
        18.0018616
      ]
    ]
  }
},
{
  "type": "Feature",
  "id": "way/682516965",
  "properties": {
    "timestamp": "2019-06-20T16:43:20Z",
    "version": "2",
    "changeset": "71452468",
    "user": "Andrew Matheny",
    "uid": "3265371",
    "highway": "tertiary",
    "oneway": "yes",
    "id": "way/682516965"
  },
  "geometry": {
    "type": "LineString",
    "coordinates": [
      [
        -94.560649,
        17.9990858
      ],
      [
        -94.5605022,
        17.9991782
      ],
      [
        -94.5602973,
        17.9993626
      ],
      [
        -94.5594651,
        18.0002262
      ],
      [
        -94.5590033,
        18.0007054
      ],
      [
        -94.5584718,
        18.0012569
      ],
      [
        -94.5580755,
        18.0016683
      ],
      [
        -94.5580088,
        18.0017476
      ],
      [
        -94.5579125,
        18.001862
      ],
      [
        -94.5577782,
        18.0020216
      ],
      [
        -94.5573352,
        18.0024891
      ],
      [
        -94.5573235,
        18.0025015
      ],
      [
        -94.5573159,
        18.002608
      ]
    ]
  }
},
{
  "type": "Feature",
  "id": "way/682516966",
  "properties": {
    "timestamp": "2021-01-06T22:36:54Z",
    "version": "3",
    "changeset": "97073922",
    "user": "127logs",
    "uid": "9633823",
    "highway": "tertiary",
    "lanes": "1",
    "oneway": "yes",
    "id": "way/682516966"
  },
  "geometry": {
    "type": "LineString",
    "coordinates": [
      [
        -94.5573757,
        18.0026943
      ],
      [
        -94.5575309,
        18.0026287
      ],
      [
        -94.557596,
        18.0025626
      ],
      [
        -94.5579497,
        18.0022029
      ],
      [
        -94.5582476,
        18.0019036
      ],
      [
        -94.5583115,
        18.0018394
      ],
      [
        -94.5587361,
        18.0014083
      ],
      [
        -94.5604687,
        17.9995608
      ],
      [
        -94.5606923,
        17.9993211
      ],
      [
        -94.560752,
        17.9991784
      ]
    ]
  }
},
{
  "type": "Feature",
  "id": "way/698728309",
  "properties": {
    "timestamp": "2021-01-06T22:30:08Z",
    "version": "2",
    "changeset": "97073751",
    "user": "127logs",
    "uid": "9633823",
    "highway": "secondary",
    "name": "Calle Constitución",
    "oneway": "yes",
    "id": "way/698728309"
  },
  "geometry": {
    "type": "LineString",
    "coordinates": [
      [
        -94.5579125,
        18.001862
      ],
      [
        -94.5576589,
        18.0017081
      ],
      [
        -94.5569621,
        18.0012623
      ],
      [
        -94.5564915,
        18.0010084
      ],
      [
        -94.5561278,
        18.000881
      ],
      [
        -94.5559894,
        18.0008561
      ]
    ]
  }
},
{
  "type": "Feature",
  "id": "way/698728310",
  "properties": {
    "timestamp": "2024-05-03T22:45:05Z",
    "version": "7",
    "changeset": "150858450",
    "user": "Ferrocarriles de México",
    "uid": "19456985",
    "disused:railway": "rail",
    "electrified": "no",
    "gauge": "1435",
    "railway": "disused",
    "id": "way/698728310"
  },
  "geometry": {
    "type": "LineString",
    "coordinates": [
      [
        -94.558554,
        18.002123
      ],
      [
        -94.559584,
        18.0026944
      ],
      [
        -94.5608285,
        18.0029393
      ],
      [
        -94.5615172,
        18.0030194
      ],
      [
        -94.5626267,
        18.0031483
      ],
      [
        -94.5645732,
        18.0033746
      ],
      [
        -94.5646909,
        18.0033883
      ],
      [
        -94.5658496,
        18.0037148
      ],
      [
        -94.5665363,
        18.0042454
      ],
      [
        -94.5740684,
        18.0103731
      ],
      [
        -94.5758085,
        18.0118249
      ],
      [
        -94.5772729,
        18.0130468
      ]
    ]
  }
},
{
  "type": "Feature",
  "id": "way/698728311",
  "properties": {
    "timestamp": "2023-09-07T02:28:30Z",
    "version": "4",
    "changeset": "140918766",
    "user": "Ferrocarriles de México",
    "uid": "19456985",
    "bridge": "yes",
    "electrified": "no",
    "gauge": "1435",
    "layer": "1",
    "name": "Línea ZA",
    "operator": "Ferroistmo",
    "operator:wikidata": "Q5445414",
    "railway": "rail",
    "usage": "branch",
    "id": "way/698728311"
  },
  "geometry": {
    "type": "LineString",
    "coordinates": [
      [
        -94.5580359,
        18.0017651
      ],
      [
        -94.5582251,
        18.0018874
      ]
    ]
  }
},
{
  "type": "Feature",
  "id": "way/765763029",
  "properties": {
    "timestamp": "2024-07-07T01:48:40Z",
    "version": "2",
    "changeset": "153644619",
    "user": "Ferrocarriles de México",
    "uid": "19456985",
    "cables": "6",
    "circuits": "1",
    "frequency": "60",
    "power": "line",
    "voltage": "115000",
    "id": "way/765763029"
  },
  "geometry": {
    "type": "LineString",
    "coordinates": [
      [
        -94.5475198,
        18.0190585
      ],
      [
        -94.5502871,
        18.0195138
      ],
      [
        -94.5534039,
        18.0201259
      ],
      [
        -94.5557521,
        18.0205353
      ],
      [
        -94.5584598,
        18.0210148
      ],
      [
        -94.5610616,
        18.0197931
      ],
      [
        -94.5638913,
        18.0184617
      ],
      [
        -94.5667049,
        18.0171378
      ],
      [
        -94.5669369,
        18.0169924
      ],
      [
        -94.5666607,
        18.0164058
      ],
      [
        -94.5662449,
        18.0155653
      ],
      [
        -94.5658627,
        18.0147912
      ],
      [
        -94.5656401,
        18.0143053
      ],
      [
        -94.5653182,
        18.0136638
      ],
      [
        -94.5650406,
        18.0130975
      ],
      [
        -94.5646644,
        18.0123055
      ],
      [
        -94.5640422,
        18.0110461
      ],
      [
        -94.5634367,
        18.0098287
      ],
      [
        -94.562459,
        18.0083594
      ],
      [
        -94.5614223,
        18.0067958
      ],
      [
        -94.5605452,
        18.0054017
      ],
      [
        -94.5599149,
        18.0042373
      ],
      [
        -94.5604581,
        18.0042271
      ]
    ]
  }
},
{
  "type": "Feature",
  "id": "way/880468850",
  "properties": {
    "timestamp": "2021-01-05T20:35:44Z",
    "version": "9",
    "changeset": "97004153",
    "user": "127logs",
    "uid": "9633823",
    "highway": "residential",
    "name": "Calle Adolfo López Mateos",
    "oneway": "yes",
    "id": "way/880468850"
  },
  "geometry": {
    "type": "LineString",
    "coordinates": [
      [
        -94.5512964,
        18.0091133
      ],
      [
        -94.5521434,
        18.0098408
      ],
      [
        -94.5528761,
        18.0104702
      ],
      [
        -94.5537981,
        18.0112692
      ],
      [
        -94.5538913,
        18.011349
      ],
      [
        -94.5547953,
        18.0121266
      ],
      [
        -94.5551138,
        18.012401
      ],
      [
        -94.5557246,
        18.0129272
      ],
      [
        -94.5557769,
        18.01297
      ],
      [
        -94.5566976,
        18.0137703
      ],
      [
        -94.5583656,
        18.0152362
      ]
    ]
  }
},
{
  "type": "Feature",
  "id": "way/881872568",
  "properties": {
    "timestamp": "2021-01-06T21:34:28Z",
    "version": "2",
    "changeset": "97072337",
    "user": "127logs",
    "uid": "9633823",
    "alt_name": "Calle Cándido Aguilar",
    "highway": "residential",
    "name": "Candido perez",
    "id": "way/881872568"
  },
  "geometry": {
    "type": "LineString",
    "coordinates": [
      [
        -94.5583703,
        18.004018
      ],
      [
        -94.557825,
        18.0036355
      ]
    ]
  }
},
{
  "type": "Feature",
  "id": "way/881872569",
  "properties": {
    "timestamp": "2021-01-06T21:34:28Z",
    "version": "2",
    "changeset": "97072337",
    "user": "127logs",
    "uid": "9633823",
    "alt_name": "Privada Roble",
    "highway": "residential",
    "name": "Candido perez",
    "id": "way/881872569"
  },
  "geometry": {
    "type": "LineString",
    "coordinates": [
      [
        -94.5594567,
        18.0047803
      ],
      [
        -94.5591276,
        18.0045494
      ]
    ]
  }
},
{
  "type": "Feature",
  "id": "way/881872570",
  "properties": {
    "timestamp": "2021-01-06T21:24:46Z",
    "version": "2",
    "changeset": "97072066",
    "user": "127logs",
    "uid": "9633823",
    "highway": "residential",
    "name": "Privada Los Pinos",
    "id": "way/881872570"
  },
  "geometry": {
    "type": "LineString",
    "coordinates": [
      [
        -94.558093,
        18.0052314
      ],
      [
        -94.5577866,
        18.0050395
      ]
    ]
  }
},
{
  "type": "Feature",
  "id": "way/881872571",
  "properties": {
    "timestamp": "2021-01-06T21:41:27Z",
    "version": "2",
    "changeset": "97072538",
    "user": "127logs",
    "uid": "9633823",
    "highway": "residential",
    "name": "Calle Independencia",
    "id": "way/881872571"
  },
  "geometry": {
    "type": "LineString",
    "coordinates": [
      [
        -94.5560307,
        18.0047263
      ],
      [
        -94.5563899,
        18.0041795
      ]
    ]
  }
},
{
  "type": "Feature",
  "id": "way/881872572",
  "properties": {
    "timestamp": "2021-01-06T21:24:46Z",
    "version": "2",
    "changeset": "97072066",
    "user": "127logs",
    "uid": "9633823",
    "highway": "residential",
    "name": "Privada Colima",
    "id": "way/881872572"
  },
  "geometry": {
    "type": "LineString",
    "coordinates": [
      [
        -94.5595367,
        18.0051926
      ],
      [
        -94.558905,
        18.0048038
      ]
    ]
  }
},
{
  "type": "Feature",
  "id": "way/881872573",
  "properties": {
    "timestamp": "2021-01-06T21:24:46Z",
    "version": "2",
    "changeset": "97072066",
    "user": "127logs",
    "uid": "9633823",
    "highway": "residential",
    "name": "Calle El Roble",
    "id": "way/881872573"
  },
  "geometry": {
    "type": "LineString",
    "coordinates": [
      [
        -94.5586365,
        18.0051106
      ],
      [
        -94.558905,
        18.0048038
      ],
      [
        -94.5591276,
        18.0045494
      ]
    ]
  }
},
{
  "type": "Feature",
  "id": "way/881872574",
  "properties": {
    "timestamp": "2023-04-05T18:02:40Z",
    "version": "2",
    "changeset": "134549116",
    "user": "Abr_mx",
    "uid": "6766137",
    "highway": "primary_link",
    "id": "way/881872574"
  },
  "geometry": {
    "type": "LineString",
    "coordinates": [
      [
        -94.5562476,
        18.0039545
      ],
      [
        -94.5561375,
        18.003852
      ]
    ]
  }
},
{
  "type": "Feature",
  "id": "way/881926356",
  "properties": {
    "timestamp": "2020-12-07T11:29:31Z",
    "version": "1",
    "changeset": "95417856",
    "user": "BanjaraHills",
    "uid": "10811160",
    "highway": "residential",
    "id": "way/881926356"
  },
  "geometry": {
    "type": "LineString",
    "coordinates": [
      [
        -94.5562508,
        18.0088504
      ],
      [
        -94.5562305,
        18.0087444
      ]
    ]
  }
},
{
  "type": "Feature",
  "id": "way/881926357",
  "properties": {
    "timestamp": "2021-01-05T20:35:44Z",
    "version": "4",
    "changeset": "97004153",
    "user": "127logs",
    "uid": "9633823",
    "highway": "residential",
    "name": "Calle Vicente Guerrero",
    "oneway": "yes",
    "id": "way/881926357"
  },
  "geometry": {
    "type": "LineString",
    "coordinates": [
      [
        -94.5562305,
        18.0087444
      ],
      [
        -94.556175,
        18.0087691
      ],
      [
        -94.5559911,
        18.0089625
      ],
      [
        -94.5557342,
        18.0092327
      ],
      [
        -94.5552768,
        18.009714
      ],
      [
        -94.5552166,
        18.0097773
      ],
      [
        -94.5547544,
        18.0102634
      ],
      [
        -94.5543103,
        18.0107306
      ],
      [
        -94.5538608,
        18.0112037
      ],
      [
        -94.5537981,
        18.0112692
      ],
      [
        -94.5533456,
        18.0117454
      ],
      [
        -94.5529013,
        18.0122129
      ],
      [
        -94.5528513,
        18.0122606
      ],
      [
        -94.5525071,
        18.0125893
      ]
    ]
  }
},
{
  "type": "Feature",
  "id": "way/881936245",
  "properties": {
    "timestamp": "2020-12-07T12:05:12Z",
    "version": "1",
    "changeset": "95420188",
    "user": "BanjaraHills",
    "uid": "10811160",
    "highway": "residential",
    "id": "way/881936245"
  },
  "geometry": {
    "type": "LineString",
    "coordinates": [
      [
        -94.556065,
        18.0090397
      ],
      [
        -94.5559911,
        18.0089625
      ]
    ]
  }
},
{
  "type": "Feature",
  "id": "way/881936246",
  "properties": {
    "timestamp": "2020-12-07T12:05:12Z",
    "version": "1",
    "changeset": "95420188",
    "user": "BanjaraHills",
    "uid": "10811160",
    "highway": "residential",
    "id": "way/881936246"
  },
  "geometry": {
    "type": "LineString",
    "coordinates": [
      [
        -94.5566974,
        18.0092048
      ],
      [
        -94.5567513,
        18.0091515
      ]
    ]
  }
},
{
  "type": "Feature",
  "id": "way/881936252",
  "properties": {
    "timestamp": "2021-01-06T20:46:24Z",
    "version": "2",
    "changeset": "97070845",
    "user": "127logs",
    "uid": "9633823",
    "highway": "residential",
    "name": "Calle Lázaro Cárdenas",
    "id": "way/881936252"
  },
  "geometry": {
    "type": "LineString",
    "coordinates": [
      [
        -94.5586312,
        18.0098834
      ],
      [
        -94.5576776,
        18.0090335
      ]
    ]
  }
},
{
  "type": "Feature",
  "id": "way/881936253",
  "properties": {
    "timestamp": "2021-01-06T20:46:24Z",
    "version": "2",
    "changeset": "97070845",
    "user": "127logs",
    "uid": "9633823",
    "highway": "residential",
    "name": "Calle Salvador Díaz Mirón",
    "id": "way/881936253"
  },
  "geometry": {
    "type": "LineString",
    "coordinates": [
      [
        -94.5595939,
        18.0088427
      ],
      [
        -94.5590623,
        18.0094174
      ],
      [
        -94.5586312,
        18.0098834
      ],
      [
        -94.558508,
        18.0100166
      ]
    ]
  }
},
{
  "type": "Feature",
  "id": "way/881936254",
  "properties": {
    "timestamp": "2021-01-06T20:46:24Z",
    "version": "3",
    "changeset": "97070845",
    "user": "127logs",
    "uid": "9633823",
    "highway": "residential",
    "name": "Calle Miguel Alemán",
    "id": "way/881936254"
  },
  "geometry": {
    "type": "LineString",
    "coordinates": [
      [
        -94.5579324,
        18.00876
      ],
      [
        -94.558197,
        18.0087848
      ]
    ]
  }
},
{
  "type": "Feature",
  "id": "way/881936255",
  "properties": {
    "timestamp": "2020-12-07T12:05:12Z",
    "version": "1",
    "changeset": "95420188",
    "user": "BanjaraHills",
    "uid": "10811160",
    "highway": "service",
    "id": "way/881936255"
  },
  "geometry": {
    "type": "LineString",
    "coordinates": [
      [
        -94.5585286,
        18.0061494
      ],
      [
        -94.5584062,
        18.0062843
      ],
      [
        -94.5583391,
        18.0063073
      ],
      [
        -94.5579274,
        18.0062901
      ]
    ]
  }
},
{
  "type": "Feature",
  "id": "way/881936256",
  "properties": {
    "timestamp": "2021-07-05T07:17:58Z",
    "version": "2",
    "changeset": "107422327",
    "user": "AlQuoz",
    "uid": "10652799",
    "highway": "service",
    "id": "way/881936256"
  },
  "geometry": {
    "type": "LineString",
    "coordinates": [
      [
        -94.5579274,
        18.0062901
      ],
      [
        -94.5579066,
        18.0067744
      ],
      [
        -94.5577446,
        18.006777
      ]
    ]
  }
},
{
  "type": "Feature",
  "id": "way/882195860",
  "properties": {
    "timestamp": "2021-01-06T20:46:24Z",
    "version": "2",
    "changeset": "97070845",
    "user": "127logs",
    "uid": "9633823",
    "highway": "residential",
    "name": "Privada Tomás Alba Edison",
    "id": "way/882195860"
  },
  "geometry": {
    "type": "LineString",
    "coordinates": [
      [
        -94.5572173,
        18.0083966
      ],
      [
        -94.5565179,
        18.0080635
      ]
    ]
  }
},
{
  "type": "Feature",
  "id": "way/882238209",
  "properties": {
    "timestamp": "2020-12-08T06:59:57Z",
    "version": "1",
    "changeset": "95464816",
    "user": "BanjaraHills",
    "uid": "10811160",
    "highway": "residential",
    "id": "way/882238209"
  },
  "geometry": {
    "type": "LineString",
    "coordinates": [
      [
        -94.5553546,
        18.0027388
      ],
      [
        -94.5557187,
        18.0022389
      ]
    ]
  }
},
{
  "type": "Feature",
  "id": "way/882238210",
  "properties": {
    "timestamp": "2020-12-08T06:59:57Z",
    "version": "1",
    "changeset": "95464816",
    "user": "BanjaraHills",
    "uid": "10811160",
    "highway": "residential",
    "id": "way/882238210"
  },
  "geometry": {
    "type": "LineString",
    "coordinates": [
      [
        -94.5556063,
        18.0029001
      ],
      [
        -94.5559455,
        18.0023955
      ]
    ]
  }
},
{
  "type": "Feature",
  "id": "way/882238211",
  "properties": {
    "timestamp": "2021-01-06T21:41:27Z",
    "version": "2",
    "changeset": "97072538",
    "user": "127logs",
    "uid": "9633823",
    "alt_name": "Calle Cándido Aguilar",
    "highway": "path",
    "name": "Adalberto Tejeda",
    "id": "way/882238211"
  },
  "geometry": {
    "type": "LineString",
    "coordinates": [
      [
        -94.5551235,
        18.0018278
      ],
      [
        -94.5557187,
        18.0022389
      ],
      [
        -94.5559455,
        18.0023955
      ],
      [
        -94.5561338,
        18.0025256
      ]
    ]
  }
},
{
  "type": "Feature",
  "id": "way/882238212",
  "properties": {
    "timestamp": "2021-01-06T21:34:28Z",
    "version": "2",
    "changeset": "97072337",
    "user": "127logs",
    "uid": "9633823",
    "alt_name": "Calle Cándido Aguilar",
    "highway": "residential",
    "name": "Adalberto Tejeda",
    "id": "way/882238212"
  },
  "geometry": {
    "type": "LineString",
    "coordinates": [
      [
        -94.5561338,
        18.0025256
      ],
      [
        -94.5569226,
        18.0030013
      ]
    ]
  }
},
{
  "type": "Feature",
  "id": "way/882238213",
  "properties": {
    "timestamp": "2023-04-05T18:02:40Z",
    "version": "3",
    "changeset": "134549116",
    "user": "Abr_mx",
    "uid": "6766137",
    "highway": "primary_link",
    "oneway": "no",
    "id": "way/882238213"
  },
  "geometry": {
    "type": "LineString",
    "coordinates": [
      [
        -94.5541137,
        18.0061769
      ],
      [
        -94.5540019,
        18.0060829
      ]
    ]
  }
},
{
  "type": "Feature",
  "id": "way/882245208",
  "properties": {
    "timestamp": "2020-12-08T07:28:59Z",
    "version": "1",
    "changeset": "95467152",
    "user": "BanjaraHills",
    "uid": "10811160",
    "highway": "service",
    "id": "way/882245208"
  },
  "geometry": {
    "type": "LineString",
    "coordinates": [
      [
        -94.5544613,
        18.0035383
      ],
      [
        -94.5545445,
        18.0034038
      ],
      [
        -94.554967,
        18.0036604
      ]
    ]
  }
},
{
  "type": "Feature",
  "id": "way/882245209",
  "properties": {
    "timestamp": "2020-12-08T07:28:59Z",
    "version": "1",
    "changeset": "95467152",
    "user": "BanjaraHills",
    "uid": "10811160",
    "highway": "service",
    "id": "way/882245209"
  },
  "geometry": {
    "type": "LineString",
    "coordinates": [
      [
        -94.5551702,
        18.0033634
      ],
      [
        -94.554967,
        18.0036604
      ]
    ]
  }
},
{
  "type": "Feature",
  "id": "way/882245210",
  "properties": {
    "timestamp": "2020-12-08T07:28:59Z",
    "version": "1",
    "changeset": "95467152",
    "user": "BanjaraHills",
    "uid": "10811160",
    "highway": "service",
    "id": "way/882245210"
  },
  "geometry": {
    "type": "LineString",
    "coordinates": [
      [
        -94.554967,
        18.0036604
      ],
      [
        -94.5548734,
        18.0037972
      ],
      [
        -94.5544613,
        18.0035383
      ]
    ]
  }
},
{
  "type": "Feature",
  "id": "way/882245211",
  "properties": {
    "timestamp": "2021-01-06T21:41:27Z",
    "version": "2",
    "changeset": "97072538",
    "user": "127logs",
    "uid": "9633823",
    "highway": "residential",
    "name": "Calle Chapultepec",
    "id": "way/882245211"
  },
  "geometry": {
    "type": "LineString",
    "coordinates": [
      [
        -94.553919,
        18.0041261
      ],
      [
        -94.5533111,
        18.0048581
      ]
    ]
  }
},
{
  "type": "Feature",
  "id": "way/882245214",
  "properties": {
    "timestamp": "2021-01-06T20:57:33Z",
    "version": "2",
    "changeset": "97071233",
    "user": "127logs",
    "uid": "9633823",
    "highway": "residential",
    "id": "way/882245214"
  },
  "geometry": {
    "type": "LineString",
    "coordinates": [
      [
        -94.5487636,
        18.00475
      ],
      [
        -94.54917,
        18.0049082
      ],
      [
        -94.5491821,
        18.0049247
      ]
    ]
  }
},
{
  "type": "Feature",
  "id": "way/882245215",
  "properties": {
    "timestamp": "2021-01-21T15:44:18Z",
    "version": "2",
    "changeset": "97915580",
    "user": "AlwaysSunnyInMapadelphia",
    "uid": "10140135",
    "highway": "residential",
    "name": "Callejón Primer Callejón",
    "id": "way/882245215"
  },
  "geometry": {
    "type": "LineString",
    "coordinates": [
      [
        -94.5483975,
        18.0053234
      ],
      [
        -94.5479549,
        18.0051377
      ]
    ]
  }
},
{
  "type": "Feature",
  "id": "way/882248992",
  "properties": {
    "timestamp": "2025-09-30T02:40:57Z",
    "version": "2",
    "changeset": "172639095",
    "user": "TecNM campus Minatitlán",
    "uid": "23257776",
    "highway": "service",
    "id": "way/882248992"
  },
  "geometry": {
    "type": "LineString",
    "coordinates": [
      [
        -94.5552166,
        18.0054286
      ],
      [
        -94.555057,
        18.0054262
      ],
      [
        -94.5549753,
        18.0055015
      ],
      [
        -94.5548957,
        18.0055902
      ]
    ]
  }
},
{
  "type": "Feature",
  "id": "way/882248993",
  "properties": {
    "timestamp": "2020-12-08T07:39:21Z",
    "version": "1",
    "changeset": "95467780",
    "user": "BanjaraHills",
    "uid": "10811160",
    "highway": "service",
    "id": "way/882248993"
  },
  "geometry": {
    "type": "LineString",
    "coordinates": [
      [
        -94.5546663,
        18.0056014
      ],
      [
        -94.5548957,
        18.0055902
      ]
    ]
  }
},
{
  "type": "Feature",
  "id": "way/882248994",
  "properties": {
    "timestamp": "2025-09-30T02:40:57Z",
    "version": "2",
    "changeset": "172639095",
    "user": "TecNM campus Minatitlán",
    "uid": "23257776",
    "highway": "service",
    "id": "way/882248994"
  },
  "geometry": {
    "type": "LineString",
    "coordinates": [
      [
        -94.5548957,
        18.0055902
      ],
      [
        -94.5551077,
        18.0055905
      ],
      [
        -94.5551291,
        18.0055202
      ],
      [
        -94.5551917,
        18.0054812
      ],
      [
        -94.5552166,
        18.0054286
      ]
    ]
  }
},
{
  "type": "Feature",
  "id": "way/882287512",
  "properties": {
    "timestamp": "2020-12-08T09:54:40Z",
    "version": "1",
    "changeset": "95476359",
    "user": "BanjaraHills",
    "uid": "10811160",
    "highway": "residential",
    "id": "way/882287512"
  },
  "geometry": {
    "type": "LineString",
    "coordinates": [
      [
        -94.5535971,
        18.0083615
      ],
      [
        -94.553653,
        18.0083066
      ]
    ]
  }
},
{
  "type": "Feature",
  "id": "way/882297098",
  "properties": {
    "timestamp": "2023-04-05T18:02:40Z",
    "version": "3",
    "changeset": "134549116",
    "user": "Abr_mx",
    "uid": "6766137",
    "highway": "primary_link",
    "oneway": "no",
    "id": "way/882297098"
  },
  "geometry": {
    "type": "LineString",
    "coordinates": [
      [
        -94.5531688,
        18.007161
      ],
      [
        -94.5530319,
        18.0070403
      ]
    ]
  }
},
{
  "type": "Feature",
  "id": "way/892438721",
  "properties": {
    "timestamp": "2021-01-06T20:46:24Z",
    "version": "3",
    "changeset": "97070845",
    "user": "127logs",
    "uid": "9633823",
    "alt_name": "Calle Miguel Alemán",
    "highway": "residential",
    "name": "Calle Adolfo Ruiz Cortines",
    "id": "way/892438721"
  },
  "geometry": {
    "type": "LineString",
    "coordinates": [
      [
        -94.5590623,
        18.0094174
      ],
      [
        -94.558614,
        18.0090035
      ],
      [
        -94.5584196,
        18.008853
      ],
      [
        -94.558197,
        18.0087848
      ]
    ]
  }
},
{
  "type": "Feature",
  "id": "way/892438728",
  "properties": {
    "timestamp": "2021-01-06T20:39:09Z",
    "version": "4",
    "changeset": "97070625",
    "user": "127logs",
    "uid": "9633823",
    "alt_name": "Calle Miguel Hidalgo",
    "highway": "residential",
    "name": "Avenida Miguel Hidalgo",
    "oneway": "yes",
    "id": "way/892438728"
  },
  "geometry": {
    "type": "LineString",
    "coordinates": [
      [
        -94.5598618,
        18.0137262
      ],
      [
        -94.5598371,
        18.0136625
      ],
      [
        -94.5591025,
        18.0130256
      ],
      [
        -94.5581731,
        18.012208
      ],
      [
        -94.5572545,
        18.0114226
      ],
      [
        -94.5571984,
        18.0113732
      ],
      [
        -94.5562639,
        18.0105507
      ],
      [
        -94.5553709,
        18.0097959
      ],
      [
        -94.5552768,
        18.009714
      ],
      [
        -94.5543646,
        18.0089198
      ],
      [
        -94.5537351,
        18.0083684
      ],
      [
        -94.553653,
        18.0083066
      ],
      [
        -94.5527861,
        18.0075595
      ]
    ]
  }
},
{
  "type": "Feature",
  "id": "way/892438730",
  "properties": {
    "timestamp": "2021-01-05T20:35:44Z",
    "version": "4",
    "changeset": "97004153",
    "user": "127logs",
    "uid": "9633823",
    "alt_name": "Calle Nicolás Bravo",
    "highway": "residential",
    "name": "Avenida Nicolás Bravo",
    "id": "way/892438730"
  },
  "geometry": {
    "type": "LineString",
    "coordinates": [
      [
        -94.5522643,
        18.0081031
      ],
      [
        -94.5538399,
        18.00947
      ],
      [
        -94.5547544,
        18.0102634
      ],
      [
        -94.5548486,
        18.0103451
      ],
      [
        -94.5557372,
        18.011116
      ],
      [
        -94.5566702,
        18.0119256
      ],
      [
        -94.5567288,
        18.0119764
      ],
      [
        -94.5576461,
        18.0127745
      ],
      [
        -94.5584659,
        18.0134832
      ],
      [
        -94.5594191,
        18.0143102
      ],
      [
        -94.5595207,
        18.0144047
      ],
      [
        -94.5599532,
        18.0148068
      ],
      [
        -94.5602793,
        18.01511
      ]
    ]
  }
},
{
  "type": "Feature",
  "id": "way/892443832",
  "properties": {
    "timestamp": "2021-12-21T20:57:21Z",
    "version": "3",
    "changeset": "115225748",
    "user": "MaptainPhasma",
    "uid": "11399679",
    "highway": "residential",
    "name": "Calle Cuauhtémoc",
    "id": "way/892443832"
  },
  "geometry": {
    "type": "LineString",
    "coordinates": [
      [
        -94.5579324,
        18.00876
      ],
      [
        -94.5576776,
        18.0090335
      ],
      [
        -94.5572101,
        18.0095351
      ],
      [
        -94.5571604,
        18.0095885
      ],
      [
        -94.5567008,
        18.0100818
      ],
      [
        -94.5562639,
        18.0105507
      ],
      [
        -94.5562122,
        18.0106063
      ],
      [
        -94.5557372,
        18.011116
      ],
      [
        -94.5552959,
        18.0115897
      ],
      [
        -94.5550566,
        18.0118462
      ],
      [
        -94.5548583,
        18.0120587
      ],
      [
        -94.5547953,
        18.0121266
      ],
      [
        -94.5543417,
        18.0126138
      ],
      [
        -94.553896,
        18.0130937
      ],
      [
        -94.553849,
        18.013144
      ],
      [
        -94.5533977,
        18.0136271
      ],
      [
        -94.5531292,
        18.0138297
      ]
    ]
  }
},
{
  "type": "Feature",
  "id": "way/892443833",
  "properties": {
    "timestamp": "2021-01-06T20:39:09Z",
    "version": "3",
    "changeset": "97070625",
    "user": "127logs",
    "uid": "9633823",
    "highway": "residential",
    "name": "Calle Abel R. Pérez",
    "oneway": "yes",
    "id": "way/892443833"
  },
  "geometry": {
    "type": "LineString",
    "coordinates": [
      [
        -94.5602524,
        18.012199
      ],
      [
        -94.5591305,
        18.011194
      ],
      [
        -94.5589473,
        18.01103
      ],
      [
        -94.5582101,
        18.0103952
      ],
      [
        -94.5581531,
        18.0103461
      ],
      [
        -94.5572101,
        18.0095351
      ],
      [
        -94.5567513,
        18.0091515
      ],
      [
        -94.5562913,
        18.0087586
      ],
      [
        -94.5562305,
        18.0087444
      ]
    ]
  }
},
{
  "type": "Feature",
  "id": "way/892443836",
  "properties": {
    "timestamp": "2021-01-06T20:39:09Z",
    "version": "2",
    "changeset": "97070625",
    "user": "127logs",
    "uid": "9633823",
    "alt_name": "Calle Miguel Hidalgo",
    "highway": "residential",
    "name": "Avenida Miguel Hidalgo",
    "oneway": "yes",
    "id": "way/892443836"
  },
  "geometry": {
    "type": "LineString",
    "coordinates": [
      [
        -94.5527309,
        18.0076169
      ],
      [
        -94.5535971,
        18.0083615
      ],
      [
        -94.5543115,
        18.0089756
      ],
      [
        -94.5552166,
        18.0097773
      ],
      [
        -94.5553099,
        18.00986
      ],
      [
        -94.5562122,
        18.0106063
      ],
      [
        -94.5571413,
        18.01143
      ],
      [
        -94.557199,
        18.0114811
      ],
      [
        -94.5581184,
        18.0122667
      ],
      [
        -94.559031,
        18.013077
      ],
      [
        -94.5597367,
        18.0137097
      ],
      [
        -94.5598618,
        18.0137262
      ]
    ]
  }
},
{
  "type": "Feature",
  "id": "way/892805231",
  "properties": {
    "timestamp": "2021-01-06T20:22:38Z",
    "version": "1",
    "changeset": "97070097",
    "user": "127logs",
    "uid": "9633823",
    "bridge": "yes",
    "highway": "pedestrian",
    "layer": "1",
    "id": "way/892805231"
  },
  "geometry": {
    "type": "LineString",
    "coordinates": [
      [
        -94.5538236,
        18.0076133
      ],
      [
        -94.5538251,
        18.007716
      ]
    ]
  }
},
{
  "type": "Feature",
  "id": "way/892805232",
  "properties": {
    "timestamp": "2021-01-06T20:22:38Z",
    "version": "1",
    "changeset": "97070097",
    "user": "127logs",
    "uid": "9633823",
    "highway": "pedestrian",
    "id": "way/892805232"
  },
  "geometry": {
    "type": "LineString",
    "coordinates": [
      [
        -94.5538251,
        18.007716
      ],
      [
        -94.5538255,
        18.0077474
      ]
    ]
  }
},
{
  "type": "Feature",
  "id": "way/892805233",
  "properties": {
    "timestamp": "2021-01-06T20:22:38Z",
    "version": "1",
    "changeset": "97070097",
    "user": "127logs",
    "uid": "9633823",
    "highway": "pedestrian",
    "id": "way/892805233"
  },
  "geometry": {
    "type": "LineString",
    "coordinates": [
      [
        -94.5538429,
        18.0075115
      ],
      [
        -94.5538236,
        18.0076133
      ]
    ]
  }
},
{
  "type": "Feature",
  "id": "way/892807160",
  "properties": {
    "timestamp": "2021-01-06T20:29:13Z",
    "version": "1",
    "changeset": "97070320",
    "user": "127logs",
    "uid": "9633823",
    "highway": "residential",
    "id": "way/892807160"
  },
  "geometry": {
    "type": "LineString",
    "coordinates": [
      [
        -94.5540825,
        18.0081069
      ],
      [
        -94.5539095,
        18.008135
      ],
      [
        -94.5537351,
        18.0083684
      ]
    ]
  }
},
{
  "type": "Feature",
  "id": "way/892807161",
  "properties": {
    "timestamp": "2021-01-06T20:39:09Z",
    "version": "2",
    "changeset": "97070625",
    "user": "127logs",
    "uid": "9633823",
    "highway": "residential",
    "name": "Calle Gay Lussac",
    "id": "way/892807161"
  },
  "geometry": {
    "type": "LineString",
    "coordinates": [
      [
        -94.55665,
        18.0072176
      ],
      [
        -94.5563543,
        18.0076873
      ],
      [
        -94.5563449,
        18.0077523
      ],
      [
        -94.5563851,
        18.0078212
      ],
      [
        -94.5563838,
        18.007871
      ],
      [
        -94.5563516,
        18.0079628
      ]
    ]
  }
},
{
  "type": "Feature",
  "id": "way/892812538",
  "properties": {
    "timestamp": "2021-01-06T20:46:24Z",
    "version": "2",
    "changeset": "97070845",
    "user": "127logs",
    "uid": "9633823",
    "highway": "residential",
    "name": "Calle Copernico",
    "id": "way/892812538"
  },
  "geometry": {
    "type": "LineString",
    "coordinates": [
      [
        -94.558197,
        18.0087848
      ],
      [
        -94.5585416,
        18.0082615
      ]
    ]
  }
},
{
  "type": "Feature",
  "id": "way/892812539",
  "properties": {
    "timestamp": "2021-01-06T20:46:24Z",
    "version": "2",
    "changeset": "97070845",
    "user": "127logs",
    "uid": "9633823",
    "alt_name": "Calle Miguel Alemán",
    "highway": "residential",
    "name": "Lasser",
    "id": "way/892812539"
  },
  "geometry": {
    "type": "LineString",
    "coordinates": [
      [
        -94.5571585,
        18.0086186
      ],
      [
        -94.5579324,
        18.00876
      ]
    ]
  }
},
{
  "type": "Feature",
  "id": "way/892812540",
  "properties": {
    "timestamp": "2021-01-06T20:47:19Z",
    "version": "2",
    "changeset": "97070874",
    "user": "127logs",
    "uid": "9633823",
    "highway": "residential",
    "name": "Privada Lázaro Cárdenas",
    "id": "way/892812540"
  },
  "geometry": {
    "type": "LineString",
    "coordinates": [
      [
        -94.5576776,
        18.0090335
      ],
      [
        -94.5574459,
        18.0088148
      ]
    ]
  }
},
{
  "type": "Feature",
  "id": "way/892816502",
  "properties": {
    "timestamp": "2021-01-06T21:00:02Z",
    "version": "2",
    "changeset": "97071344",
    "user": "127logs",
    "uid": "9633823",
    "highway": "residential",
    "name": "Calle Bernal Díaz del Castillo",
    "id": "way/892816502"
  },
  "geometry": {
    "type": "LineString",
    "coordinates": [
      [
        -94.5504492,
        18.0044153
      ],
      [
        -94.5500985,
        18.0049634
      ]
    ]
  }
},
{
  "type": "Feature",
  "id": "way/892816503",
  "properties": {
    "timestamp": "2021-01-06T21:13:49Z",
    "version": "2",
    "changeset": "97071771",
    "user": "127logs",
    "uid": "9633823",
    "highway": "residential",
    "name": "Privada Managua",
    "id": "way/892816503"
  },
  "geometry": {
    "type": "LineString",
    "coordinates": [
      [
        -94.5494745,
        18.0046794
      ],
      [
        -94.5500985,
        18.0049634
      ],
      [
        -94.550721,
        18.0052467
      ],
      [
        -94.5517548,
        18.0057173
      ],
      [
        -94.5522853,
        18.0059588
      ],
      [
        -94.5529138,
        18.0061917
      ],
      [
        -94.5535638,
        18.0065407
      ]
    ]
  }
},
{
  "type": "Feature",
  "id": "way/892816504",
  "properties": {
    "timestamp": "2021-01-06T21:00:02Z",
    "version": "2",
    "changeset": "97071344",
    "user": "127logs",
    "uid": "9633823",
    "highway": "residential",
    "name": "Calle Nicaragua",
    "id": "way/892816504"
  },
  "geometry": {
    "type": "LineString",
    "coordinates": [
      [
        -94.5519356,
        18.0064772
      ],
      [
        -94.5514366,
        18.006258
      ],
      [
        -94.5503561,
        18.0058045
      ]
    ]
  }
},
{
  "type": "Feature",
  "id": "way/892816505",
  "properties": {
    "timestamp": "2021-01-06T21:00:02Z",
    "version": "2",
    "changeset": "97071344",
    "user": "127logs",
    "uid": "9633823",
    "highway": "residential",
    "name": "Calle Arroyo de Amoniaco",
    "id": "way/892816505"
  },
  "geometry": {
    "type": "LineString",
    "coordinates": [
      [
        -94.5516341,
        18.0070167
      ],
      [
        -94.5510824,
        18.0068569
      ],
      [
        -94.5497767,
        18.0065651
      ]
    ]
  }
},
{
  "type": "Feature",
  "id": "way/892816506",
  "properties": {
    "timestamp": "2021-01-06T21:00:02Z",
    "version": "2",
    "changeset": "97071344",
    "user": "127logs",
    "uid": "9633823",
    "highway": "residential",
    "name": "Calle Dante Delgado Rannauro",
    "id": "way/892816506"
  },
  "geometry": {
    "type": "LineString",
    "coordinates": [
      [
        -94.550088,
        18.0062105
      ],
      [
        -94.5503502,
        18.0063634
      ],
      [
        -94.5503743,
        18.0064183
      ],
      [
        -94.5504481,
        18.0064808
      ],
      [
        -94.5505889,
        18.0065458
      ],
      [
        -94.5507605,
        18.0065994
      ],
      [
        -94.5508826,
        18.0066006
      ],
      [
        -94.5510703,
        18.0066147
      ],
      [
        -94.5512047,
        18.0066522
      ]
    ]
  }
},
{
  "type": "Feature",
  "id": "way/892816507",
  "properties": {
    "timestamp": "2021-01-06T20:57:33Z",
    "version": "1",
    "changeset": "97071233",
    "user": "127logs",
    "uid": "9633823",
    "highway": "residential",
    "id": "way/892816507"
  },
  "geometry": {
    "type": "LineString",
    "coordinates": [
      [
        -94.5491821,
        18.0049247
      ],
      [
        -94.5491847,
        18.0049432
      ],
      [
        -94.5490319,
        18.0052472
      ]
    ]
  }
},
{
  "type": "Feature",
  "id": "way/892816508",
  "properties": {
    "timestamp": "2021-01-06T21:00:02Z",
    "version": "2",
    "changeset": "97071344",
    "user": "127logs",
    "uid": "9633823",
    "highway": "residential",
    "name": "Callejón Primer Callejón",
    "id": "way/892816508"
  },
  "geometry": {
    "type": "LineString",
    "coordinates": [
      [
        -94.5494597,
        18.0059432
      ],
      [
        -94.5494516,
        18.0059668
      ],
      [
        -94.5494261,
        18.0059948
      ],
      [
        -94.5490422,
        18.0064319
      ]
    ]
  }
},
{
  "type": "Feature",
  "id": "way/892816509",
  "properties": {
    "timestamp": "2021-01-06T20:57:33Z",
    "version": "1",
    "changeset": "97071233",
    "user": "127logs",
    "uid": "9633823",
    "bridge": "yes",
    "highway": "residential",
    "layer": "1",
    "name": "Calle Río Blanco",
    "oneway": "no",
    "surface": "unpaved",
    "id": "way/892816509"
  },
  "geometry": {
    "type": "LineString",
    "coordinates": [
      [
        -94.5497329,
        18.006606
      ],
      [
        -94.5496704,
        18.0066538
      ]
    ]
  }
},
{
  "type": "Feature",
  "id": "way/892816510",
  "properties": {
    "timestamp": "2021-01-06T20:57:33Z",
    "version": "1",
    "changeset": "97071233",
    "user": "127logs",
    "uid": "9633823",
    "highway": "residential",
    "name": "Calle Río Blanco",
    "oneway": "no",
    "surface": "unpaved",
    "id": "way/892816510"
  },
  "geometry": {
    "type": "LineString",
    "coordinates": [
      [
        -94.5497568,
        18.0065877
      ],
      [
        -94.5497329,
        18.006606
      ]
    ]
  }
},
{
  "type": "Feature",
  "id": "way/892817237",
  "properties": {
    "timestamp": "2021-01-06T21:00:02Z",
    "version": "1",
    "changeset": "97071344",
    "user": "127logs",
    "uid": "9633823",
    "highway": "residential",
    "name": "Privada Abel R. Pérez",
    "id": "way/892817237"
  },
  "geometry": {
    "type": "LineString",
    "coordinates": [
      [
        -94.548796,
        18.0074949
      ],
      [
        -94.5484611,
        18.0072012
      ]
    ]
  }
},
{
  "type": "Feature",
  "id": "way/892822870",
  "properties": {
    "timestamp": "2021-01-06T21:13:49Z",
    "version": "2",
    "changeset": "97071771",
    "user": "127logs",
    "uid": "9633823",
    "highway": "residential",
    "name": "Calle Ignacio Allende",
    "id": "way/892822870"
  },
  "geometry": {
    "type": "LineString",
    "coordinates": [
      [
        -94.5530615,
        18.0072728
      ],
      [
        -94.5535769,
        18.0074973
      ]
    ]
  }
},
{
  "type": "Feature",
  "id": "way/892823941",
  "properties": {
    "timestamp": "2021-01-06T21:41:27Z",
    "version": "2",
    "changeset": "97072538",
    "user": "127logs",
    "uid": "9633823",
    "highway": "residential",
    "name": "Calle Miguel Hidalgo",
    "id": "way/892823941"
  },
  "geometry": {
    "type": "LineString",
    "coordinates": [
      [
        -94.5569621,
        18.0012623
      ],
      [
        -94.5568605,
        18.0014087
      ],
      [
        -94.5565351,
        18.0019616
      ],
      [
        -94.5561338,
        18.0025256
      ],
      [
        -94.5557856,
        18.003015
      ],
      [
        -94.5554238,
        18.0035234
      ],
      [
        -94.5550291,
        18.004078
      ],
      [
        -94.5545074,
        18.0044844
      ],
      [
        -94.5538636,
        18.005161
      ],
      [
        -94.5532152,
        18.0058605
      ],
      [
        -94.5529138,
        18.0061917
      ],
      [
        -94.552527,
        18.0066178
      ],
      [
        -94.5521524,
        18.0071191
      ]
    ]
  }
},
{
  "type": "Feature",
  "id": "way/892824398",
  "properties": {
    "timestamp": "2021-01-06T21:17:31Z",
    "version": "1",
    "changeset": "97071858",
    "user": "127logs",
    "uid": "9633823",
    "highway": "residential",
    "id": "way/892824398"
  },
  "geometry": {
    "type": "LineString",
    "coordinates": [
      [
        -94.5553377,
        18.0068506
      ],
      [
        -94.5555952,
        18.0069858
      ]
    ]
  }
},
{
  "type": "Feature",
  "id": "way/892824399",
  "properties": {
    "timestamp": "2021-01-06T21:20:09Z",
    "version": "2",
    "changeset": "97071936",
    "user": "127logs",
    "uid": "9633823",
    "highway": "residential",
    "name": "Privada John Dalton",
    "id": "way/892824399"
  },
  "geometry": {
    "type": "LineString",
    "coordinates": [
      [
        -94.5565033,
        18.0071364
      ],
      [
        -94.5563892,
        18.0072945
      ]
    ]
  }
},
{
  "type": "Feature",
  "id": "way/892824636",
  "properties": {
    "timestamp": "2021-01-06T21:41:27Z",
    "version": "2",
    "changeset": "97072538",
    "user": "127logs",
    "uid": "9633823",
    "highway": "residential",
    "name": "Calle Úrsulo Galván",
    "id": "way/892824636"
  },
  "geometry": {
    "type": "LineString",
    "coordinates": [
      [
        -94.5551548,
        18.0048786
      ],
      [
        -94.5545074,
        18.0044844
      ],
      [
        -94.553919,
        18.0041261
      ],
      [
        -94.5536498,
        18.0039621
      ]
    ]
  }
},
{
  "type": "Feature",
  "id": "way/892825351",
  "properties": {
    "timestamp": "2021-01-06T21:24:46Z",
    "version": "2",
    "changeset": "97072066",
    "user": "127logs",
    "uid": "9633823",
    "highway": "residential",
    "name": "Privada Hidalgo",
    "id": "way/892825351"
  },
  "geometry": {
    "type": "LineString",
    "coordinates": [
      [
        -94.558897,
        18.0058172
      ],
      [
        -94.5592564,
        18.0060216
      ]
    ]
  }
},
{
  "type": "Feature",
  "id": "way/892825542",
  "properties": {
    "timestamp": "2021-01-07T18:23:00Z",
    "version": "2",
    "changeset": "97125389",
    "user": "127logs",
    "uid": "9633823",
    "highway": "residential",
    "name": "Calle 5 de mayo",
    "id": "way/892825542"
  },
  "geometry": {
    "type": "LineString",
    "coordinates": [
      [
        -94.5609989,
        18.0064744
      ],
      [
        -94.5608014,
        18.0062767
      ],
      [
        -94.5601553,
        18.0059441
      ],
      [
        -94.5592428,
        18.0054433
      ],
      [
        -94.5586365,
        18.0051106
      ],
      [
        -94.5583444,
        18.0049504
      ],
      [
        -94.5579806,
        18.0047507
      ],
      [
        -94.5571221,
        18.0042796
      ]
    ]
  }
},
{
  "type": "Feature",
  "id": "way/892826366",
  "properties": {
    "timestamp": "2021-01-06T21:29:18Z",
    "version": "1",
    "changeset": "97072185",
    "user": "127logs",
    "uid": "9633823",
    "highway": "residential",
    "id": "way/892826366"
  },
  "geometry": {
    "type": "LineString",
    "coordinates": [
      [
        -94.5585459,
        18.0028704
      ],
      [
        -94.5585188,
        18.0032603
      ],
      [
        -94.5585765,
        18.0034146
      ]
    ]
  }
},
{
  "type": "Feature",
  "id": "way/892827667",
  "properties": {
    "timestamp": "2021-01-06T21:34:28Z",
    "version": "1",
    "changeset": "97072337",
    "user": "127logs",
    "uid": "9633823",
    "alt_name": "Calle Hilario C. Salas",
    "highway": "tertiary",
    "name": "Heroe de nacozari",
    "id": "way/892827667"
  },
  "geometry": {
    "type": "LineString",
    "coordinates": [
      [
        -94.557596,
        18.0025626
      ],
      [
        -94.5585459,
        18.0028704
      ],
      [
        -94.5592661,
        18.0031038
      ]
    ]
  }
},
{
  "type": "Feature",
  "id": "way/892827668",
  "properties": {
    "timestamp": "2021-05-13T22:36:47Z",
    "version": "2",
    "changeset": "104661483",
    "user": "Amonite1025",
    "uid": "8792833",
    "alt_name": "Calle Hilario C. Salas",
    "highway": "residential",
    "name": "Cándido Aguilar",
    "oneway": "yes",
    "id": "way/892827668"
  },
  "geometry": {
    "type": "LineString",
    "coordinates": [
      [
        -94.5565351,
        18.0019616
      ],
      [
        -94.5573352,
        18.0024891
      ]
    ]
  }
},
{
  "type": "Feature",
  "id": "way/892828826",
  "properties": {
    "timestamp": "2021-01-06T22:18:23Z",
    "version": "3",
    "changeset": "97073464",
    "user": "127logs",
    "uid": "9633823",
    "highway": "residential",
    "name": "Calle José María Morelos",
    "id": "way/892828826"
  },
  "geometry": {
    "type": "LineString",
    "coordinates": [
      [
        -94.5560649,
        18.0039279
      ],
      [
        -94.5554238,
        18.0035234
      ],
      [
        -94.5551702,
        18.0033634
      ],
      [
        -94.5543991,
        18.0028769
      ],
      [
        -94.5539127,
        18.0025701
      ],
      [
        -94.5528497,
        18.0019307
      ],
      [
        -94.552256,
        18.0016003
      ],
      [
        -94.5522163,
        18.001572
      ],
      [
        -94.5513504,
        18.0009537
      ],
      [
        -94.5508093,
        18.0006101
      ]
    ]
  }
},
{
  "type": "Feature",
  "id": "way/892828827",
  "properties": {
    "timestamp": "2021-01-06T22:30:08Z",
    "version": "2",
    "changeset": "97073751",
    "user": "127logs",
    "uid": "9633823",
    "highway": "residential",
    "name": "Calle Emiliano Zapata",
    "id": "way/892828827"
  },
  "geometry": {
    "type": "LineString",
    "coordinates": [
      [
        -94.5555512,
        18.0002133
      ],
      [
        -94.5552702,
        18.0005709
      ],
      [
        -94.554985,
        18.0010096
      ],
      [
        -94.5546396,
        18.0015296
      ],
      [
        -94.5545823,
        18.0016083
      ],
      [
        -94.5542763,
        18.0020479
      ],
      [
        -94.5539127,
        18.0025701
      ],
      [
        -94.5535244,
        18.0031278
      ],
      [
        -94.5531539,
        18.00366
      ],
      [
        -94.5525936,
        18.0044648
      ],
      [
        -94.5520469,
        18.00525
      ],
      [
        -94.5517548,
        18.0057173
      ],
      [
        -94.5514366,
        18.006258
      ],
      [
        -94.5512047,
        18.0066522
      ],
      [
        -94.5510824,
        18.0068569
      ]
    ]
  }
},
{
  "type": "Feature",
  "id": "way/892830062",
  "properties": {
    "timestamp": "2021-01-21T15:55:39Z",
    "version": "2",
    "changeset": "97916051",
    "user": "AlwaysSunnyInMapadelphia",
    "uid": "10140135",
    "highway": "residential",
    "name": "Calle 13",
    "id": "way/892830062"
  },
  "geometry": {
    "type": "LineString",
    "coordinates": [
      [
        -94.5470297,
        18.0020774
      ],
      [
        -94.5470162,
        18.0021047
      ],
      [
        -94.5469533,
        18.0026568
      ]
    ]
  }
},
{
  "type": "Feature",
  "id": "way/892830066",
  "properties": {
    "timestamp": "2021-01-06T21:49:23Z",
    "version": "1",
    "changeset": "97072750",
    "user": "127logs",
    "uid": "9633823",
    "highway": "residential",
    "id": "way/892830066"
  },
  "geometry": {
    "type": "LineString",
    "coordinates": [
      [
        -94.550193,
        18.0018267
      ],
      [
        -94.5509038,
        18.0021073
      ]
    ]
  }
},
{
  "type": "Feature",
  "id": "way/892830067",
  "properties": {
    "timestamp": "2021-01-06T21:49:23Z",
    "version": "1",
    "changeset": "97072750",
    "user": "127logs",
    "uid": "9633823",
    "highway": "residential",
    "id": "way/892830067"
  },
  "geometry": {
    "type": "LineString",
    "coordinates": [
      [
        -94.550319,
        18.0014874
      ],
      [
        -94.5506087,
        18.0014798
      ],
      [
        -94.5508716,
        18.0016328
      ]
    ]
  }
},
{
  "type": "Feature",
  "id": "way/892830068",
  "properties": {
    "timestamp": "2021-01-06T21:49:23Z",
    "version": "1",
    "changeset": "97072750",
    "user": "127logs",
    "uid": "9633823",
    "highway": "residential",
    "id": "way/892830068"
  },
  "geometry": {
    "type": "LineString",
    "coordinates": [
      [
        -94.5500025,
        18.0021685
      ],
      [
        -94.5506195,
        18.0024848
      ]
    ]
  }
},
{
  "type": "Feature",
  "id": "way/892830069",
  "properties": {
    "timestamp": "2021-01-06T21:49:23Z",
    "version": "1",
    "changeset": "97072750",
    "user": "127logs",
    "uid": "9633823",
    "highway": "residential",
    "id": "way/892830069"
  },
  "geometry": {
    "type": "LineString",
    "coordinates": [
      [
        -94.5497746,
        18.0025461
      ],
      [
        -94.5504961,
        18.0029032
      ]
    ]
  }
},
{
  "type": "Feature",
  "id": "way/892830070",
  "properties": {
    "timestamp": "2021-01-06T21:49:23Z",
    "version": "1",
    "changeset": "97072750",
    "user": "127logs",
    "uid": "9633823",
    "highway": "residential",
    "id": "way/892830070"
  },
  "geometry": {
    "type": "LineString",
    "coordinates": [
      [
        -94.5495975,
        18.0029619
      ],
      [
        -94.5503512,
        18.0033241
      ]
    ]
  }
},
{
  "type": "Feature",
  "id": "way/892830071",
  "properties": {
    "timestamp": "2021-01-06T21:49:23Z",
    "version": "1",
    "changeset": "97072750",
    "user": "127logs",
    "uid": "9633823",
    "highway": "residential",
    "id": "way/892830071"
  },
  "geometry": {
    "type": "LineString",
    "coordinates": [
      [
        -94.5494178,
        18.0033215
      ],
      [
        -94.5501206,
        18.0036761
      ]
    ]
  }
},
{
  "type": "Feature",
  "id": "way/892833316",
  "properties": {
    "timestamp": "2021-01-21T15:55:39Z",
    "version": "2",
    "changeset": "97916051",
    "user": "AlwaysSunnyInMapadelphia",
    "uid": "10140135",
    "alt_name": "Calle Once",
    "highway": "residential",
    "name": "Calle 11",
    "id": "way/892833316"
  },
  "geometry": {
    "type": "LineString",
    "coordinates": [
      [
        -94.5470864,
        18.0014601
      ],
      [
        -94.5471154,
        18.0014721
      ],
      [
        -94.5484881,
        18.0016265
      ]
    ]
  }
},
{
  "type": "Feature",
  "id": "way/892834482",
  "properties": {
    "timestamp": "2021-01-06T22:22:49Z",
    "version": "2",
    "changeset": "97073583",
    "user": "127logs",
    "uid": "9633823",
    "highway": "residential",
    "name": "Privada Agustín de Iturbide",
    "id": "way/892834482"
  },
  "geometry": {
    "type": "LineString",
    "coordinates": [
      [
        -94.5519304,
        18.0021198
      ],
      [
        -94.551822,
        18.0019772
      ],
      [
        -94.5517235,
        18.0017973
      ],
      [
        -94.5516323,
        18.001703
      ]
    ]
  }
},
{
  "type": "Feature",
  "id": "way/892835228",
  "properties": {
    "timestamp": "2021-05-13T22:36:47Z",
    "version": "3",
    "changeset": "104661483",
    "user": "Amonite1025",
    "uid": "8792833",
    "alt_name": "Calle Hilario C. Salas",
    "highway": "residential",
    "name": "Cándido Aguilar",
    "oneway": "yes",
    "id": "way/892835228"
  },
  "geometry": {
    "type": "LineString",
    "coordinates": [
      [
        -94.553331,
        17.9999418
      ],
      [
        -94.5539465,
        18.0003543
      ],
      [
        -94.554985,
        18.0010096
      ],
      [
        -94.5554691,
        18.0013364
      ],
      [
        -94.5565351,
        18.0019616
      ]
    ]
  }
},
{
  "type": "Feature",
  "id": "way/892836010",
  "properties": {
    "timestamp": "2021-01-07T22:47:37Z",
    "version": "2",
    "changeset": "97133285",
    "user": "127logs",
    "uid": "9633823",
    "highway": "residential",
    "name": "Calle Benito Juárez",
    "id": "way/892836010"
  },
  "geometry": {
    "type": "LineString",
    "coordinates": [
      [
        -94.558744,
        17.996513
      ],
      [
        -94.5582821,
        17.9972159
      ],
      [
        -94.5578778,
        17.997798
      ],
      [
        -94.55716,
        17.9987902
      ],
      [
        -94.5568302,
        17.9992893
      ],
      [
        -94.5564057,
        17.9999317
      ],
      [
        -94.5560757,
        18.0004267
      ],
      [
        -94.5560436,
        18.000477
      ],
      [
        -94.5560083,
        18.0005324
      ],
      [
        -94.5558518,
        18.0007779
      ],
      [
        -94.5558099,
        18.0008336
      ],
      [
        -94.5554691,
        18.0013364
      ],
      [
        -94.5551235,
        18.0018278
      ],
      [
        -94.5547583,
        18.0023567
      ],
      [
        -94.5543991,
        18.0028769
      ],
      [
        -94.5540129,
        18.0034363
      ],
      [
        -94.5536498,
        18.0039621
      ],
      [
        -94.553108,
        18.0047468
      ],
      [
        -94.5525748,
        18.0055258
      ],
      [
        -94.5522853,
        18.0059588
      ],
      [
        -94.5519356,
        18.0064772
      ],
      [
        -94.5516341,
        18.0070167
      ]
    ]
  }
},
{
  "type": "Feature",
  "id": "way/892836012",
  "properties": {
    "timestamp": "2021-01-07T22:54:24Z",
    "version": "2",
    "changeset": "97133441",
    "user": "127logs",
    "uid": "9633823",
    "alt_name": "Calle Ferrocarril",
    "highway": "residential",
    "name": "Calle Altamira",
    "id": "way/892836012"
  },
  "geometry": {
    "type": "LineString",
    "coordinates": [
      [
        -94.5580755,
        18.0016683
      ],
      [
        -94.5570756,
        18.0010455
      ],
      [
        -94.5560757,
        18.0004267
      ],
      [
        -94.5555858,
        18.0001189
      ],
      [
        -94.554578,
        17.9994464
      ],
      [
        -94.5535939,
        17.9988305
      ]
    ]
  }
},
{
  "type": "Feature",
  "id": "way/892837183",
  "properties": {
    "timestamp": "2021-01-06T22:36:54Z",
    "version": "1",
    "changeset": "97073922",
    "user": "127logs",
    "uid": "9633823",
    "highway": "residential",
    "name": "Calle Héroe de Nacozari",
    "id": "way/892837183"
  },
  "geometry": {
    "type": "LineString",
    "coordinates": [
      [
        -94.5587361,
        18.0014083
      ],
      [
        -94.5598304,
        18.0021022
      ],
      [
        -94.5598599,
        18.0021417
      ],
      [
        -94.5598733,
        18.0021927
      ],
      [
        -94.5597513,
        18.0025613
      ]
    ]
  }
},
{
  "type": "Feature",
  "id": "way/898020510",
  "properties": {
    "timestamp": "2021-01-21T15:38:22Z",
    "version": "1",
    "changeset": "97915310",
    "user": "AlwaysSunnyInMapadelphia",
    "uid": "10140135",
    "highway": "residential",
    "id": "way/898020510"
  },
  "geometry": {
    "type": "LineString",
    "coordinates": [
      [
        -94.5475955,
        18.0053367
      ],
      [
        -94.5472348,
        18.0057027
      ]
    ]
  }
},
{
  "type": "Feature",
  "id": "way/898028374",
  "properties": {
    "timestamp": "2021-01-21T15:55:39Z",
    "version": "1",
    "changeset": "97916051",
    "user": "AlwaysSunnyInMapadelphia",
    "uid": "10140135",
    "highway": "residential",
    "name": "Calle 17",
    "id": "way/898028374"
  },
  "geometry": {
    "type": "LineString",
    "coordinates": [
      [
        -94.546737,
        18.002637
      ],
      [
        -94.5466919,
        18.0031826
      ],
      [
        -94.5466735,
        18.0032061
      ]
    ]
  }
},
{
  "type": "Feature",
  "id": "way/898028375",
  "properties": {
    "timestamp": "2021-01-21T16:01:13Z",
    "version": "2",
    "changeset": "97916287",
    "user": "AlwaysSunnyInMapadelphia",
    "uid": "10140135",
    "alt_name": "Calle Diecinueve",
    "highway": "residential",
    "name": "Calle 19",
    "id": "way/898028375"
  },
  "geometry": {
    "type": "LineString",
    "coordinates": [
      [
        -94.546583,
        18.0038064
      ],
      [
        -94.5465441,
        18.0037985
      ],
      [
        -94.5450111,
        18.0036774
      ],
      [
        -94.544916,
        18.0036694
      ]
    ]
  }
},
{
  "type": "Feature",
  "id": "way/898028376",
  "properties": {
    "timestamp": "2021-01-21T16:01:13Z",
    "version": "2",
    "changeset": "97916287",
    "user": "AlwaysSunnyInMapadelphia",
    "uid": "10140135",
    "alt_name": "Calle Diecinueve",
    "highway": "residential",
    "name": "Calle 19",
    "id": "way/898028376"
  },
  "geometry": {
    "type": "LineString",
    "coordinates": [
      [
        -94.5468407,
        18.0038138
      ],
      [
        -94.5468794,
        18.0038342
      ],
      [
        -94.5475813,
        18.0039315
      ]
    ]
  }
},
{
  "type": "Feature",
  "id": "way/898028377",
  "properties": {
    "timestamp": "2021-01-21T15:55:39Z",
    "version": "1",
    "changeset": "97916051",
    "user": "AlwaysSunnyInMapadelphia",
    "uid": "10140135",
    "highway": "residential",
    "name": "Calle 13",
    "id": "way/898028377"
  },
  "geometry": {
    "type": "LineString",
    "coordinates": [
      [
        -94.5467596,
        18.0020418
      ],
      [
        -94.5467815,
        18.0020116
      ],
      [
        -94.5468405,
        18.0014963
      ],
      [
        -94.5468263,
        18.0014618
      ]
    ]
  }
},
{
  "type": "Feature",
  "id": "way/955734660",
  "properties": {
    "timestamp": "2021-06-18T11:31:54Z",
    "version": "1",
    "changeset": "106585404",
    "user": "BeniHammad",
    "uid": "10461114",
    "highway": "service",
    "id": "way/955734660"
  },
  "geometry": {
    "type": "LineString",
    "coordinates": [
      [
        -94.5599726,
        18.0040026
      ],
      [
        -94.5615242,
        18.0039988
      ]
    ]
  }
},
{
  "type": "Feature",
  "id": "way/955734661",
  "properties": {
    "timestamp": "2021-06-18T11:31:54Z",
    "version": "1",
    "changeset": "106585404",
    "user": "BeniHammad",
    "uid": "10461114",
    "highway": "service",
    "id": "way/955734661"
  },
  "geometry": {
    "type": "LineString",
    "coordinates": [
      [
        -94.5626266,
        18.0070738
      ],
      [
        -94.5619185,
        18.0070993
      ],
      [
        -94.5618139,
        18.00707
      ],
      [
        -94.5617563,
        18.0070126
      ],
      [
        -94.5599726,
        18.0040026
      ],
      [
        -94.5595273,
        18.0032003
      ],
      [
        -94.5595139,
        18.0031404
      ],
      [
        -94.559518,
        18.0030932
      ],
      [
        -94.5595488,
        18.0030256
      ],
      [
        -94.5596333,
        18.002958
      ],
      [
        -94.5597151,
        18.0029389
      ],
      [
        -94.5597969,
        18.0029338
      ],
      [
        -94.5615176,
        18.0031442
      ],
      [
        -94.562467,
        18.0032526
      ],
      [
        -94.5626273,
        18.0032858
      ]
    ]
  }
},
{
  "type": "Feature",
  "id": "way/955734664",
  "properties": {
    "timestamp": "2022-04-06T04:45:19Z",
    "version": "2",
    "changeset": "119367500",
    "user": "Siobkhan",
    "uid": "9094277",
    "highway": "service",
    "id": "way/955734664"
  },
  "geometry": {
    "type": "LineString",
    "coordinates": [
      [
        -94.5608041,
        17.9991253
      ],
      [
        -94.560784,
        17.9992923
      ],
      [
        -94.5607558,
        17.9993587
      ],
      [
        -94.5606405,
        17.9994964
      ],
      [
        -94.5604731,
        17.9996674
      ],
      [
        -94.5603499,
        17.9997933
      ],
      [
        -94.5602435,
        17.999902
      ],
      [
        -94.56021,
        17.9999505
      ],
      [
        -94.5602006,
        17.9999773
      ],
      [
        -94.5602019,
        18.0005589
      ],
      [
        -94.5602435,
        18.0017591
      ],
      [
        -94.5602556,
        18.0018114
      ],
      [
        -94.5602877,
        18.0018445
      ],
      [
        -94.56034,
        18.001856
      ],
      [
        -94.5615136,
        18.0018841
      ]
    ]
  }
},
{
  "type": "Feature",
  "id": "way/961515180",
  "properties": {
    "timestamp": "2021-07-05T07:17:58Z",
    "version": "1",
    "changeset": "107422327",
    "user": "AlQuoz",
    "uid": "10652799",
    "highway": "service",
    "id": "way/961515180"
  },
  "geometry": {
    "type": "LineString",
    "coordinates": [
      [
        -94.5577446,
        18.006777
      ],
      [
        -94.5577987,
        18.0063398
      ],
      [
        -94.5579274,
        18.0062901
      ]
    ]
  }
},
{
  "type": "Feature",
  "id": "way/997525033",
  "properties": {
    "timestamp": "2025-09-30T02:40:57Z",
    "version": "2",
    "changeset": "172639095",
    "user": "TecNM campus Minatitlán",
    "uid": "23257776",
    "highway": "service",
    "service": "driveway",
    "surface": "concrete",
    "id": "way/997525033"
  },
  "geometry": {
    "type": "LineString",
    "coordinates": [
      [
        -94.5551608,
        18.0050864
      ],
      [
        -94.555253,
        18.0051426
      ],
      [
        -94.555296,
        18.005167
      ],
      [
        -94.5551986,
        18.0052596
      ],
      [
        -94.5553454,
        18.0052802
      ],
      [
        -94.5554186,
        18.005211
      ],
      [
        -94.5553896,
        18.0050688
      ],
      [
        -94.555296,
        18.005167
      ]
    ]
  }
},
{
  "type": "Feature",
  "id": "way/1192739696",
  "properties": {
    "timestamp": "2023-07-31T20:03:42Z",
    "version": "2",
    "changeset": "139269953",
    "user": "म्यापर",
    "uid": "17365610",
    "alt_name": "Boulevard Instituto Tecnológico",
    "highway": "primary",
    "lanes": "4",
    "name": "Boulevard Instituto Tecnológico (Carretera Transístmica)",
    "oneway": "yes",
    "ref": "MEX 185",
    "surface": "asphalt",
    "id": "way/1192739696"
  },
  "geometry": {
    "type": "LineString",
    "coordinates": [
      [
        -94.5484268,
        18.0121087
      ],
      [
        -94.5487336,
        18.0117885
      ],
      [
        -94.5488948,
        18.0116203
      ],
      [
        -94.5492568,
        18.0112425
      ],
      [
        -94.5495576,
        18.0109286
      ],
      [
        -94.5497019,
        18.010778
      ],
      [
        -94.5498998,
        18.0105714
      ],
      [
        -94.5499469,
        18.0105221
      ],
      [
        -94.5502899,
        18.010164
      ],
      [
        -94.5505004,
        18.0099443
      ],
      [
        -94.550855,
        18.0095741
      ],
      [
        -94.5512964,
        18.0091133
      ],
      [
        -94.5513623,
        18.0090445
      ],
      [
        -94.5518234,
        18.008563
      ],
      [
        -94.5520937,
        18.0082808
      ]
    ]
  }
},
{
  "type": "Feature",
  "id": "way/1192739698",
  "properties": {
    "timestamp": "2023-07-31T20:03:42Z",
    "version": "2",
    "changeset": "139269953",
    "user": "म्यापर",
    "uid": "17365610",
    "alt_name": "Boulevard Instituto Tecnológico",
    "highway": "primary",
    "lanes": "4",
    "name": "Boulevard Instituto Tecnológico (Carretera Transístmica)",
    "oneway": "yes",
    "ref": "MEX 185",
    "surface": "asphalt",
    "id": "way/1192739698"
  },
  "geometry": {
    "type": "LineString",
    "coordinates": [
      [
        -94.5530235,
        18.0070493
      ],
      [
        -94.5508294,
        18.0093542
      ],
      [
        -94.5503813,
        18.0098249
      ],
      [
        -94.5502952,
        18.0099153
      ],
      [
        -94.5501845,
        18.0100316
      ],
      [
        -94.5495977,
        18.010648
      ],
      [
        -94.5486044,
        18.0116914
      ],
      [
        -94.5483967,
        18.0119096
      ],
      [
        -94.5482997,
        18.0120115
      ]
    ]
  }
},
{
  "type": "Feature",
  "id": "way/1192739729",
  "properties": {
    "timestamp": "2023-07-27T20:17:13Z",
    "version": "1",
    "changeset": "139105870",
    "user": "म्यापर",
    "uid": "17365610",
    "highway": "footway",
    "id": "way/1192739729"
  },
  "geometry": {
    "type": "LineString",
    "coordinates": [
      [
        -94.5563935,
        18.0038939
      ],
      [
        -94.5563452,
        18.0038529
      ],
      [
        -94.5562261,
        18.0037516
      ],
      [
        -94.5561266,
        18.0036671
      ]
    ]
  }
},
{
  "type": "Feature",
  "id": "way/1250114947",
  "properties": {
    "timestamp": "2024-02-14T02:28:59Z",
    "version": "1",
    "changeset": "147432533",
    "user": "Ferrocarriles de México",
    "uid": "19456985",
    "alt_name": "Boulevard Instituto Tecnológico",
    "highway": "primary",
    "lanes": "2",
    "name": "Boulevard Instituto Tecnológico (Carretera Transístmica)",
    "ref": "MEX 185",
    "surface": "asphalt",
    "id": "way/1250114947"
  },
  "geometry": {
    "type": "LineString",
    "coordinates": [
      [
        -94.5575001,
        18.0025268
      ],
      [
        -94.558131,
        18.0018499
      ],
      [
        -94.5603073,
        17.9995896
      ]
    ]
  }
},
{
  "type": "Feature",
  "id": "way/1250114948",
  "properties": {
    "timestamp": "2025-09-30T02:40:57Z",
    "version": "2",
    "changeset": "172639095",
    "user": "TecNM campus Minatitlán",
    "uid": "23257776",
    "alt_name": "Boulevard Instituto Tecnológico",
    "highway": "primary",
    "lanes": "2",
    "name": "Boulevard Instituto Tecnológico (Carretera Transístmica)",
    "oneway": "yes",
    "ref": "MEX 185",
    "surface": "asphalt",
    "id": "way/1250114948"
  },
  "geometry": {
    "type": "LineString",
    "coordinates": [
      [
        -94.5520937,
        18.0082808
      ],
      [
        -94.5522643,
        18.0081031
      ],
      [
        -94.5527309,
        18.0076169
      ],
      [
        -94.5527861,
        18.0075595
      ],
      [
        -94.5530615,
        18.0072728
      ],
      [
        -94.5531688,
        18.007161
      ],
      [
        -94.5536266,
        18.0066843
      ],
      [
        -94.5541137,
        18.0061769
      ],
      [
        -94.5543401,
        18.0059411
      ],
      [
        -94.5546663,
        18.0056014
      ],
      [
        -94.5549285,
        18.0053283
      ],
      [
        -94.5551608,
        18.0050864
      ],
      [
        -94.5553262,
        18.0049142
      ],
      [
        -94.5556919,
        18.0045333
      ],
      [
        -94.5561625,
        18.0040431
      ],
      [
        -94.5562476,
        18.0039545
      ],
      [
        -94.5563452,
        18.0038529
      ],
      [
        -94.5570497,
        18.0031193
      ],
      [
        -94.5573757,
        18.0026943
      ],
      [
        -94.5575001,
        18.0025268
      ]
    ]
  }
},
{
  "type": "Feature",
  "id": "way/1250114949",
  "properties": {
    "timestamp": "2024-02-14T02:28:59Z",
    "version": "1",
    "changeset": "147432533",
    "user": "Ferrocarriles de México",
    "uid": "19456985",
    "alt_name": "Boulevard Instituto Tecnológico",
    "highway": "primary",
    "lanes": "2",
    "name": "Boulevard Instituto Tecnológico (Carretera Transístmica)",
    "oneway": "yes",
    "ref": "MEX 185",
    "surface": "asphalt",
    "id": "way/1250114949"
  },
  "geometry": {
    "type": "LineString",
    "coordinates": [
      [
        -94.5575001,
        18.0025268
      ],
      [
        -94.5573159,
        18.002608
      ],
      [
        -94.5569226,
        18.0030013
      ],
      [
        -94.5564698,
        18.0034756
      ],
      [
        -94.5562261,
        18.0037516
      ],
      [
        -94.5561375,
        18.003852
      ],
      [
        -94.5560649,
        18.0039279
      ],
      [
        -94.5555851,
        18.0044292
      ],
      [
        -94.5551548,
        18.0048786
      ],
      [
        -94.5545331,
        18.0055281
      ],
      [
        -94.5540019,
        18.0060829
      ],
      [
        -94.5538816,
        18.0062086
      ],
      [
        -94.5535638,
        18.0065407
      ],
      [
        -94.5530319,
        18.0070403
      ],
      [
        -94.5530235,
        18.0070493
      ]
    ]
  }
},
{
  "type": "Feature",
  "id": "way/1250114958",
  "properties": {
    "timestamp": "2024-02-14T02:28:59Z",
    "version": "1",
    "changeset": "147432533",
    "user": "Ferrocarriles de México",
    "uid": "19456985",
    "electrified": "no",
    "gauge": "1435",
    "name": "Línea ZA",
    "operator": "Ferroistmo",
    "operator:wikidata": "Q5445414",
    "railway": "rail",
    "usage": "branch",
    "id": "way/1250114958"
  },
  "geometry": {
    "type": "LineString",
    "coordinates": [
      [
        -94.5533502,
        17.9987385
      ],
      [
        -94.5545385,
        17.9995038
      ],
      [
        -94.5560436,
        18.000477
      ],
      [
        -94.5580088,
        18.0017476
      ],
      [
        -94.5580359,
        18.0017651
      ]
    ]
  }
},
{
  "type": "Feature",
  "id": "way/1250114962",
  "properties": {
    "timestamp": "2024-02-14T02:28:59Z",
    "version": "1",
    "changeset": "147432533",
    "user": "Ferrocarriles de México",
    "uid": "19456985",
    "waterway": "drain",
    "id": "way/1250114962"
  },
  "geometry": {
    "type": "LineString",
    "coordinates": [
      [
        -94.5612064,
        17.9933128
      ],
      [
        -94.5609757,
        17.993369
      ],
      [
        -94.5608845,
        17.9934047
      ],
      [
        -94.5607156,
        17.9935093
      ],
      [
        -94.5606029,
        17.9935985
      ],
      [
        -94.5604768,
        17.9937542
      ],
      [
        -94.5604017,
        17.9938817
      ],
      [
        -94.5603535,
        17.9940144
      ],
      [
        -94.5602194,
        17.994471
      ],
      [
        -94.5601094,
        17.9946343
      ],
      [
        -94.5600745,
        17.9946674
      ],
      [
        -94.5599458,
        17.9947389
      ],
      [
        -94.5596239,
        17.9949608
      ],
      [
        -94.5595059,
        17.9950552
      ],
      [
        -94.559404,
        17.9951572
      ],
      [
        -94.5593128,
        17.995272
      ],
      [
        -94.5593074,
        17.9953179
      ],
      [
        -94.5593154,
        17.9954174
      ],
      [
        -94.5593074,
        17.9954633
      ],
      [
        -94.5592538,
        17.9955399
      ],
      [
        -94.5590593,
        17.9956368
      ],
      [
        -94.5589399,
        17.9956598
      ],
      [
        -94.5588675,
        17.9956853
      ],
      [
        -94.5585671,
        17.995832
      ],
      [
        -94.5583499,
        17.9959812
      ],
      [
        -94.558138,
        17.9961802
      ],
      [
        -94.5576257,
        17.9967439
      ],
      [
        -94.5575197,
        17.9968817
      ],
      [
        -94.5574929,
        17.9969225
      ],
      [
        -94.5574701,
        17.9969888
      ],
      [
        -94.5574754,
        17.9971138
      ],
      [
        -94.5574553,
        17.9971712
      ],
      [
        -94.5573628,
        17.997249
      ],
      [
        -94.5571965,
        17.9973
      ],
      [
        -94.5571563,
        17.9973319
      ],
      [
        -94.5571415,
        17.9974021
      ],
      [
        -94.5571522,
        17.9974684
      ],
      [
        -94.5571147,
        17.9975309
      ],
      [
        -94.557061,
        17.9975845
      ],
      [
        -94.5569712,
        17.9976278
      ],
      [
        -94.556829,
        17.997661
      ],
      [
        -94.5567915,
        17.9976878
      ],
      [
        -94.5567647,
        17.9977273
      ],
      [
        -94.5566909,
        17.9979072
      ],
      [
        -94.5566198,
        17.9980016
      ],
      [
        -94.5565246,
        17.9980437
      ],
      [
        -94.5564482,
        17.9980577
      ],
      [
        -94.556412,
        17.9980283
      ],
      [
        -94.5564213,
        17.9979582
      ],
      [
        -94.556412,
        17.9979352
      ],
      [
        -94.556369,
        17.9979123
      ],
      [
        -94.5562993,
        17.9978931
      ],
      [
        -94.5561732,
        17.9978893
      ],
      [
        -94.5561263,
        17.9979046
      ],
      [
        -94.5560901,
        17.997934
      ],
      [
        -94.5560123,
        17.9981138
      ],
      [
        -94.5559828,
        17.9981533
      ],
      [
        -94.5559238,
        17.9981916
      ],
      [
        -94.5558755,
        17.9982018
      ],
      [
        -94.5557991,
        17.9982005
      ],
      [
        -94.5557293,
        17.9981776
      ],
      [
        -94.5557025,
        17.998138
      ],
      [
        -94.5557012,
        17.9980156
      ],
      [
        -94.5556891,
        17.9979952
      ],
      [
        -94.5556368,
        17.9979888
      ],
      [
        -94.5555134,
        17.9980028
      ],
      [
        -94.5553659,
        17.9980449
      ],
      [
        -94.5553324,
        17.9980794
      ],
      [
        -94.5553082,
        17.9980896
      ],
      [
        -94.5551915,
        17.9980641
      ],
      [
        -94.5551687,
        17.998073
      ],
      [
        -94.5550668,
        17.9981776
      ],
      [
        -94.5548067,
        17.9984072
      ],
      [
        -94.554635,
        17.9985015
      ],
      [
        -94.5545411,
        17.9985169
      ],
      [
        -94.5544982,
        17.9985347
      ],
      [
        -94.5543614,
        17.9986725
      ],
      [
        -94.5542648,
        17.9987056
      ],
      [
        -94.5541146,
        17.9987005
      ],
      [
        -94.5540208,
        17.9986725
      ],
      [
        -94.5538934,
        17.9985857
      ],
      [
        -94.5538209,
        17.9985755
      ],
      [
        -94.5537955,
        17.9985781
      ],
      [
        -94.5537324,
        17.99861
      ],
      [
        -94.5536882,
        17.9986431
      ],
      [
        -94.5536292,
        17.9987222
      ],
      [
        -94.5535849,
        17.9987401
      ],
      [
        -94.553538,
        17.9987362
      ],
      [
        -94.5534642,
        17.9987107
      ],
      [
        -94.55331,
        17.9986878
      ],
      [
        -94.5529707,
        17.9988638
      ],
      [
        -94.5528138,
        17.9989837
      ],
      [
        -94.5526756,
        17.9990449
      ],
      [
        -94.5525482,
        17.9991214
      ],
      [
        -94.5519072,
        17.999527
      ],
      [
        -94.5517489,
        17.999703
      ],
      [
        -94.5515853,
        17.9998204
      ],
      [
        -94.5514593,
        17.9999709
      ],
      [
        -94.5512635,
        18.0001035
      ],
      [
        -94.5511884,
        18.0001648
      ],
      [
        -94.5509443,
        18.0004454
      ],
      [
        -94.5506868,
        18.0006494
      ],
      [
        -94.5504574,
        18.0008752
      ],
      [
        -94.5503019,
        18.0010767
      ],
      [
        -94.5501249,
        18.0012821
      ],
      [
        -94.5500618,
        18.0014938
      ],
      [
        -94.5500202,
        18.0017017
      ],
      [
        -94.5500149,
        18.001805
      ],
      [
        -94.5499827,
        18.0019198
      ],
      [
        -94.5499197,
        18.0020486
      ],
      [
        -94.5498553,
        18.0021494
      ],
      [
        -94.5497856,
        18.002208
      ],
      [
        -94.5496072,
        18.0023267
      ],
      [
        -94.5495656,
        18.002393
      ],
      [
        -94.5495321,
        18.0025818
      ],
      [
        -94.5494007,
        18.0029759
      ],
      [
        -94.5493256,
        18.0031021
      ],
      [
        -94.5491579,
        18.0033445
      ],
      [
        -94.5491043,
        18.0034554
      ],
      [
        -94.5490748,
        18.0035983
      ],
      [
        -94.5490734,
        18.0036978
      ],
      [
        -94.5491163,
        18.003972
      ],
      [
        -94.5490922,
        18.0041352
      ],
      [
        -94.5490466,
        18.0042985
      ],
      [
        -94.5490144,
        18.0043699
      ],
      [
        -94.5489715,
        18.0044299
      ],
      [
        -94.5489326,
        18.0044592
      ],
      [
        -94.548832,
        18.0044681
      ],
      [
        -94.5486537,
        18.0044133
      ],
      [
        -94.5484257,
        18.0044171
      ],
      [
        -94.5483197,
        18.0044847
      ],
      [
        -94.5482245,
        18.0045179
      ],
      [
        -94.5480274,
        18.0045498
      ],
      [
        -94.5478517,
        18.0045561
      ],
      [
        -94.5477833,
        18.0046237
      ],
      [
        -94.5476277,
        18.0047296
      ],
      [
        -94.5474829,
        18.0049337
      ],
      [
        -94.5473716,
        18.0050612
      ],
      [
        -94.5471811,
        18.00519
      ],
      [
        -94.5469451,
        18.0053839
      ],
      [
        -94.5468941,
        18.0054375
      ],
      [
        -94.5467882,
        18.005602
      ],
      [
        -94.5466755,
        18.0057295
      ],
      [
        -94.5465776,
        18.0058022
      ],
      [
        -94.5464355,
        18.0058481
      ],
      [
        -94.5460922,
        18.0059935
      ],
      [
        -94.5459741,
        18.0060726
      ],
      [
        -94.545887,
        18.0061695
      ],
      [
        -94.5457703,
        18.0063596
      ],
      [
        -94.5457596,
        18.0064081
      ],
      [
        -94.5457596,
        18.0064833
      ],
      [
        -94.5457864,
        18.0066746
      ],
      [
        -94.5458668,
        18.0068863
      ],
      [
        -94.5458803,
        18.0069833
      ],
      [
        -94.5458736,
        18.0070815
      ],
      [
        -94.5458347,
        18.0072537
      ],
      [
        -94.5458119,
        18.0073991
      ],
      [
        -94.5458119,
        18.0074998
      ],
      [
        -94.5458521,
        18.0076949
      ],
      [
        -94.5459326,
        18.0082026
      ],
      [
        -94.5459352,
        18.0083033
      ],
      [
        -94.5459111,
        18.0083441
      ],
      [
        -94.5458964,
        18.008362
      ],
      [
        -94.5458494,
        18.0083722
      ],
      [
        -94.5455597,
        18.0083696
      ],
      [
        -94.5454605,
        18.0083888
      ],
      [
        -94.5453505,
        18.0084462
      ],
      [
        -94.5452821,
        18.0085431
      ],
      [
        -94.545195,
        18.008737
      ],
      [
        -94.5451134,
        18.0088353
      ]
    ]
  }
},
{
  "type": "Feature",
  "id": "way/1309197828",
  "properties": {
    "timestamp": "2024-08-21T04:30:37Z",
    "version": "1",
    "changeset": "155536888",
    "user": "MatoGrossoPlateau",
    "uid": "16853649",
    "highway": "residential",
    "name": "Calle Platón Sánchez",
    "id": "way/1309197828"
  },
  "geometry": {
    "type": "LineString",
    "coordinates": [
      [
        -94.549449,
        18.0015386
      ],
      [
        -94.5487117,
        18.0021925
      ]
    ]
  }
},
{
  "type": "Feature",
  "id": "way/1434248968",
  "properties": {
    "timestamp": "2025-10-01T20:04:23Z",
    "version": "5",
    "changeset": "172723131",
    "user": "Angel H Cervantes",
    "uid": "23254573",
    "bicycle": "no",
    "foot": "yes",
    "highway": "service",
    "horse": "no",
    "incline": "0%",
    "motor_vehicle": "no",
    "name": "Acera Principal",
    "surface": "ground",
    "width": "2",
    "id": "way/1434248968"
  },
  "geometry": {
    "type": "LineString",
    "coordinates": [
      [
        -94.5549285,
        18.0053283
      ],
      [
        -94.555434,
        18.0053358
      ],
      [
        -94.5554566,
        18.0053362
      ],
      [
        -94.5556973,
        18.0053398
      ],
      [
        -94.5557,
        18.0050758
      ],
      [
        -94.5558712,
        18.0050752
      ],
      [
        -94.5560997,
        18.0050745
      ],
      [
        -94.5560956,
        18.0053372
      ],
      [
        -94.5558605,
        18.0053387
      ],
      [
        -94.5557751,
        18.0053393
      ],
      [
        -94.5557362,
        18.0053395
      ],
      [
        -94.5556973,
        18.0053398
      ]
    ]
  }
},
{
  "type": "Feature",
  "id": "way/1434248969",
  "properties": {
    "timestamp": "2025-10-01T20:04:23Z",
    "version": "4",
    "changeset": "172723131",
    "user": "Angel H Cervantes",
    "uid": "23254573",
    "access": "permit",
    "bicycle": "no",
    "foot": "yes",
    "highway": "service",
    "horse": "no",
    "incline": "0%",
    "motor_vehicle": "no",
    "name": "Acera Principal Izquierda",
    "surface": "ground",
    "wheelchair": "yes",
    "width": "1",
    "id": "way/1434248969"
  },
  "geometry": {
    "type": "LineString",
    "coordinates": [
      [
        -94.5553262,
        18.0049142
      ],
      [
        -94.555431,
        18.0049905
      ],
      [
        -94.5554336,
        18.0052908
      ],
      [
        -94.555434,
        18.0053358
      ]
    ]
  }
},
{
  "type": "Feature",
  "id": "way/1434248971",
  "properties": {
    "timestamp": "2025-10-02T20:01:16Z",
    "version": "7",
    "changeset": "172764439",
    "user": "Angel H Cervantes",
    "uid": "23254573",
    "access": "permit",
    "bicycle": "no",
    "foot": "yes",
    "highway": "service",
    "horse": "no",
    "incline": "0%",
    "motor_vehicle": "no",
    "name": "Acera 1",
    "surface": "ground",
    "width": "0",
    "id": "way/1434248971"
  },
  "geometry": {
    "type": "LineString",
    "coordinates": [
      [
        -94.5558605,
        18.0053387
      ],
      [
        -94.5558627,
        18.005505
      ],
      [
        -94.5558634,
        18.0055618
      ],
      [
        -94.5558661,
        18.0057658
      ],
      [
        -94.5558665,
        18.0057967
      ],
      [
        -94.555867,
        18.0058474
      ],
      [
        -94.5558675,
        18.0058989
      ]
    ]
  }
},
{
  "type": "Feature",
  "id": "way/1434248972",
  "properties": {
    "timestamp": "2025-10-01T20:04:23Z",
    "version": "4",
    "changeset": "172723131",
    "user": "Angel H Cervantes",
    "uid": "23254573",
    "access": "permit",
    "bicycle": "no",
    "foot": "yes",
    "highway": "service",
    "horse": "no",
    "incline": "0%",
    "motor_vehicle": "no",
    "name": "Acera 2",
    "surface": "ground",
    "id": "way/1434248972"
  },
  "geometry": {
    "type": "LineString",
    "coordinates": [
      [
        -94.5554566,
        18.0053362
      ],
      [
        -94.5554542,
        18.0053593
      ],
      [
        -94.5554239,
        18.0053837
      ],
      [
        -94.5554239,
        18.0055077
      ],
      [
        -94.555511,
        18.0055048
      ],
      [
        -94.5555107,
        18.0057236
      ],
      [
        -94.5555126,
        18.0058012
      ],
      [
        -94.5558665,
        18.0057967
      ]
    ]
  }
},
{
  "type": "Feature",
  "id": "way/1434260882",
  "properties": {
    "timestamp": "2025-10-02T20:01:16Z",
    "version": "6",
    "changeset": "172764439",
    "user": "Angel H Cervantes",
    "uid": "23254573",
    "access": "permit",
    "bicycle": "no",
    "foot": "yes",
    "highway": "service",
    "horse": "no",
    "incline": "0%",
    "layer": "-1",
    "motor_vehicle": "no",
    "name": "Acera Columna",
    "surface": "ground",
    "width": "2.5",
    "id": "way/1434260882"
  },
  "geometry": {
    "type": "LineString",
    "coordinates": [
      [
        -94.5560997,
        18.0050745
      ],
      [
        -94.5561302,
        18.005074
      ],
      [
        -94.5562266,
        18.0050726
      ],
      [
        -94.5562327,
        18.0053688
      ],
      [
        -94.5562338,
        18.005423
      ],
      [
        -94.5562343,
        18.0054497
      ],
      [
        -94.5562385,
        18.0056535
      ],
      [
        -94.5562447,
        18.0058612
      ],
      [
        -94.5562465,
        18.0059221
      ],
      [
        -94.5564093,
        18.0059271
      ],
      [
        -94.5566694,
        18.0061493
      ],
      [
        -94.5568655,
        18.0061493
      ],
      [
        -94.5573143,
        18.0061493
      ],
      [
        -94.5574664,
        18.0061493
      ],
      [
        -94.557468,
        18.0063259
      ]
    ]
  }
},
{
  "type": "Feature",
  "id": "way/1434260883",
  "properties": {
    "timestamp": "2025-10-01T20:04:23Z",
    "version": "3",
    "changeset": "172723131",
    "user": "Angel H Cervantes",
    "uid": "23254573",
    "access": "permit",
    "bicycle": "no",
    "foot": "yes",
    "highway": "service",
    "horse": "no",
    "incline": "-10%",
    "motor_vehicle": "no",
    "name": "Acera Entrada Lateral",
    "surface": "ground",
    "width": "2",
    "id": "way/1434260883"
  },
  "geometry": {
    "type": "LineString",
    "coordinates": [
      [
        -94.5562266,
        18.0050726
      ],
      [
        -94.5562883,
        18.0050034
      ],
      [
        -94.5563198,
        18.0049682
      ]
    ]
  }
},
{
  "type": "Feature",
  "id": "way/1434260884",
  "properties": {
    "timestamp": "2025-10-01T19:27:57Z",
    "version": "3",
    "changeset": "172721744",
    "user": "Angel H Cervantes",
    "uid": "23254573",
    "highway": "footway",
    "name": "Acera 3",
    "surface": "ground",
    "id": "way/1434260884"
  },
  "geometry": {
    "type": "LineString",
    "coordinates": [
      [
        -94.555511,
        18.0055048
      ],
      [
        -94.5557795,
        18.005505
      ],
      [
        -94.5558627,
        18.005505
      ]
    ]
  }
},
{
  "type": "Feature",
  "id": "way/1434260885",
  "properties": {
    "timestamp": "2025-09-30T03:24:35Z",
    "version": "1",
    "changeset": "172639812",
    "user": "TecNM campus Minatitlán",
    "uid": "23257776",
    "access": "permit",
    "bicycle": "no",
    "foot": "yes",
    "footway": "sidewalk",
    "highway": "footway",
    "horse": "no",
    "motor_vehicle": "no",
    "name": "Cruce Edificio Principal",
    "surface": "asphalt",
    "width": "3",
    "id": "way/1434260885"
  },
  "geometry": {
    "type": "LineString",
    "coordinates": [
      [
        -94.5558712,
        18.0050752
      ],
      [
        -94.5558712,
        18.0050124
      ]
    ]
  }
},
{
  "type": "Feature",
  "id": "way/1434260886",
  "properties": {
    "timestamp": "2025-10-01T20:04:23Z",
    "version": "4",
    "changeset": "172723131",
    "user": "Angel H Cervantes",
    "uid": "23254573",
    "highway": "service",
    "surface": "ground",
    "id": "way/1434260886"
  },
  "geometry": {
    "type": "LineString",
    "coordinates": [
      [
        -94.5561302,
        18.005074
      ],
      [
        -94.5561329,
        18.0053692
      ],
      [
        -94.5561329,
        18.0054444
      ],
      [
        -94.5561115,
        18.0054725
      ],
      [
        -94.5561115,
        18.0055388
      ],
      [
        -94.5561423,
        18.0056383
      ],
      [
        -94.5561797,
        18.0056442
      ],
      [
        -94.5562385,
        18.0056535
      ]
    ]
  }
},
{
  "type": "Feature",
  "id": "way/1434261187",
  "properties": {
    "timestamp": "2025-10-01T20:04:23Z",
    "version": "3",
    "changeset": "172723131",
    "user": "Angel H Cervantes",
    "uid": "23254573",
    "access": "no",
    "highway": "service",
    "name": "Conector",
    "surface": "ground",
    "width": "2",
    "id": "way/1434261187"
  },
  "geometry": {
    "type": "LineString",
    "coordinates": [
      [
        -94.5561329,
        18.0053692
      ],
      [
        -94.5561828,
        18.005369
      ],
      [
        -94.5562327,
        18.0053688
      ]
    ]
  }
},
{
  "type": "Feature",
  "id": "way/1434394329",
  "properties": {
    "timestamp": "2025-10-01T20:04:23Z",
    "version": "4",
    "changeset": "172723131",
    "user": "Angel H Cervantes",
    "uid": "23254573",
    "highway": "service",
    "surface": "ground",
    "id": "way/1434394329"
  },
  "geometry": {
    "type": "LineString",
    "coordinates": [
      [
        -94.5555126,
        18.0058012
      ],
      [
        -94.5553422,
        18.0057996
      ],
      [
        -94.5551718,
        18.0057979
      ]
    ]
  }
},
{
  "type": "Feature",
  "id": "way/1434394330",
  "properties": {
    "timestamp": "2025-10-01T20:04:23Z",
    "version": "4",
    "changeset": "172723131",
    "user": "Angel H Cervantes",
    "uid": "23254573",
    "highway": "service",
    "surface": "ground",
    "id": "way/1434394330"
  },
  "geometry": {
    "type": "LineString",
    "coordinates": [
      [
        -94.5551718,
        18.0057979
      ],
      [
        -94.5551762,
        18.0058387
      ],
      [
        -94.5551799,
        18.0058727
      ],
      [
        -94.5552068,
        18.0058779
      ]
    ]
  }
},
{
  "type": "Feature",
  "id": "way/1434394331",
  "properties": {
    "timestamp": "2025-10-01T20:04:23Z",
    "version": "4",
    "changeset": "172723131",
    "user": "Angel H Cervantes",
    "uid": "23254573",
    "highway": "service",
    "surface": "ground",
    "id": "way/1434394331"
  },
  "geometry": {
    "type": "LineString",
    "coordinates": [
      [
        -94.5551762,
        18.0058387
      ],
      [
        -94.5550956,
        18.0058349
      ],
      [
        -94.5550498,
        18.0058327
      ]
    ]
  }
},
{
  "type": "Feature",
  "id": "way/1434402990",
  "properties": {
    "timestamp": "2025-10-01T20:04:23Z",
    "version": "4",
    "changeset": "172723131",
    "user": "Angel H Cervantes",
    "uid": "23254573",
    "highway": "service",
    "surface": "ground",
    "id": "way/1434402990"
  },
  "geometry": {
    "type": "LineString",
    "coordinates": [
      [
        -94.5562327,
        18.0053688
      ],
      [
        -94.5565503,
        18.005372
      ],
      [
        -94.5565529,
        18.0054541
      ],
      [
        -94.5565619,
        18.0057259
      ]
    ]
  }
},
{
  "type": "Feature",
  "id": "way/1434402991",
  "properties": {
    "timestamp": "2025-10-01T19:27:57Z",
    "version": "3",
    "changeset": "172721744",
    "user": "Angel H Cervantes",
    "uid": "23254573",
    "highway": "footway",
    "surface": "ground",
    "id": "way/1434402991"
  },
  "geometry": {
    "type": "LineString",
    "coordinates": [
      [
        -94.5565619,
        18.0057259
      ],
      [
        -94.5565702,
        18.0059212
      ]
    ]
  }
},
{
  "type": "Feature",
  "id": "way/1434402992",
  "properties": {
    "timestamp": "2025-10-01T20:04:23Z",
    "version": "4",
    "changeset": "172723131",
    "user": "Angel H Cervantes",
    "uid": "23254573",
    "highway": "service",
    "surface": "ground",
    "id": "way/1434402992"
  },
  "geometry": {
    "type": "LineString",
    "coordinates": [
      [
        -94.5565702,
        18.0059212
      ],
      [
        -94.5564093,
        18.0059271
      ]
    ]
  }
},
{
  "type": "Feature",
  "id": "way/1434402993",
  "properties": {
    "timestamp": "2025-10-01T20:04:23Z",
    "version": "4",
    "changeset": "172723131",
    "user": "Angel H Cervantes",
    "uid": "23254573",
    "highway": "service",
    "surface": "ground",
    "id": "way/1434402993"
  },
  "geometry": {
    "type": "LineString",
    "coordinates": [
      [
        -94.5562343,
        18.0054497
      ],
      [
        -94.5565529,
        18.0054541
      ]
    ]
  }
},
{
  "type": "Feature",
  "id": "way/1434933619",
  "properties": {
    "timestamp": "2025-10-02T20:01:16Z",
    "version": "1",
    "changeset": "172764439",
    "user": "Angel H Cervantes",
    "uid": "23254573",
    "highway": "service",
    "id": "way/1434933619"
  },
  "geometry": {
    "type": "LineString",
    "coordinates": [
      [
        -94.5558675,
        18.0058989
      ],
      [
        -94.5558623,
        18.0061399
      ],
      [
        -94.5555154,
        18.006133
      ],
      [
        -94.5555126,
        18.0058012
      ]
    ]
  }
},
{
  "type": "Feature",
  "id": "way/1434933620",
  "properties": {
    "timestamp": "2025-10-02T20:01:16Z",
    "version": "1",
    "changeset": "172764439",
    "user": "Angel H Cervantes",
    "uid": "23254573",
    "highway": "service",
    "id": "way/1434933620"
  },
  "geometry": {
    "type": "LineString",
    "coordinates": [
      [
        -94.5558623,
        18.0061399
      ],
      [
        -94.5564114,
        18.0061463
      ],
      [
        -94.5566694,
        18.0061493
      ]
    ]
  }
},
{
  "type": "Feature",
  "id": "way/1434933621",
  "properties": {
    "timestamp": "2025-10-02T20:01:16Z",
    "version": "1",
    "changeset": "172764439",
    "user": "Angel H Cervantes",
    "uid": "23254573",
    "highway": "service",
    "id": "way/1434933621"
  },
  "geometry": {
    "type": "LineString",
    "coordinates": [
      [
        -94.555867,
        18.0058474
      ],
      [
        -94.5562447,
        18.0058612
      ]
    ]
  }
},
{
  "type": "Feature",
  "id": "way/1434933622",
  "properties": {
    "timestamp": "2025-10-02T20:01:16Z",
    "version": "1",
    "changeset": "172764439",
    "user": "Angel H Cervantes",
    "uid": "23254573",
    "highway": "service",
    "id": "way/1434933622"
  },
  "geometry": {
    "type": "LineString",
    "coordinates": [
      [
        -94.5564114,
        18.0061463
      ],
      [
        -94.556418,
        18.0065548
      ],
      [
        -94.5564187,
        18.0065958
      ],
      [
        -94.556422,
        18.0068031
      ],
      [
        -94.5568816,
        18.0068065
      ],
      [
        -94.5568811,
        18.0067861
      ],
      [
        -94.5568764,
        18.0065957
      ],
      [
        -94.5568674,
        18.0062267
      ],
      [
        -94.5568655,
        18.0061493
      ]
    ]
  }
},
{
  "type": "Feature",
  "id": "way/1434933623",
  "properties": {
    "timestamp": "2025-10-02T20:01:16Z",
    "version": "1",
    "changeset": "172764439",
    "user": "Angel H Cervantes",
    "uid": "23254573",
    "highway": "service",
    "id": "way/1434933623"
  },
  "geometry": {
    "type": "LineString",
    "coordinates": [
      [
        -94.5568764,
        18.0065957
      ],
      [
        -94.5564187,
        18.0065958
      ]
    ]
  }
},
{
  "type": "Feature",
  "id": "way/1434933624",
  "properties": {
    "timestamp": "2025-10-02T20:01:16Z",
    "version": "1",
    "changeset": "172764439",
    "user": "Angel H Cervantes",
    "uid": "23254573",
    "highway": "service",
    "id": "way/1434933624"
  },
  "geometry": {
    "type": "LineString",
    "coordinates": [
      [
        -94.5561037,
        18.0065548
      ],
      [
        -94.556418,
        18.0065548
      ]
    ]
  }
},
{
  "type": "Feature",
  "id": "way/1434933625",
  "properties": {
    "timestamp": "2025-10-02T20:01:16Z",
    "version": "1",
    "changeset": "172764439",
    "user": "Angel H Cervantes",
    "uid": "23254573",
    "highway": "service",
    "id": "way/1434933625"
  },
  "geometry": {
    "type": "LineString",
    "coordinates": [
      [
        -94.5568674,
        18.0062267
      ],
      [
        -94.5569602,
        18.0063252
      ],
      [
        -94.557468,
        18.0063259
      ]
    ]
  }
},
{
  "type": "Feature",
  "id": "way/1434933626",
  "properties": {
    "timestamp": "2025-10-02T20:01:16Z",
    "version": "1",
    "changeset": "172764439",
    "user": "Angel H Cervantes",
    "uid": "23254573",
    "highway": "service",
    "id": "way/1434933626"
  },
  "geometry": {
    "type": "LineString",
    "coordinates": [
      [
        -94.5569602,
        18.0063252
      ],
      [
        -94.5569634,
        18.0065956
      ],
      [
        -94.5569656,
        18.0067844
      ],
      [
        -94.5572196,
        18.0067855
      ],
      [
        -94.557727,
        18.0067878
      ]
    ]
  }
},
{
  "type": "Feature",
  "id": "way/1434933627",
  "properties": {
    "timestamp": "2025-10-02T20:01:16Z",
    "version": "1",
    "changeset": "172764439",
    "user": "Angel H Cervantes",
    "uid": "23254573",
    "highway": "service",
    "id": "way/1434933627"
  },
  "geometry": {
    "type": "LineString",
    "coordinates": [
      [
        -94.5569656,
        18.0067844
      ],
      [
        -94.5568811,
        18.0067861
      ]
    ]
  }
},
{
  "type": "Feature",
  "id": "way/1434933628",
  "properties": {
    "timestamp": "2025-10-02T20:01:16Z",
    "version": "1",
    "changeset": "172764439",
    "user": "Angel H Cervantes",
    "uid": "23254573",
    "highway": "service",
    "id": "way/1434933628"
  },
  "geometry": {
    "type": "LineString",
    "coordinates": [
      [
        -94.5576701,
        18.0070275
      ],
      [
        -94.5572231,
        18.0070224
      ],
      [
        -94.5572196,
        18.0067855
      ]
    ]
  }
},
{
  "type": "Feature",
  "id": "way/1434933629",
  "properties": {
    "timestamp": "2025-10-02T20:01:16Z",
    "version": "1",
    "changeset": "172764439",
    "user": "Angel H Cervantes",
    "uid": "23254573",
    "highway": "service",
    "id": "way/1434933629"
  },
  "geometry": {
    "type": "LineString",
    "coordinates": [
      [
        -94.5574664,
        18.0061493
      ],
      [
        -94.5574574,
        18.0057419
      ],
      [
        -94.5573091,
        18.0057393
      ],
      [
        -94.5568619,
        18.0057313
      ],
      [
        -94.5565619,
        18.0057259
      ]
    ]
  }
},
{
  "type": "Feature",
  "id": "way/1434933630",
  "properties": {
    "timestamp": "2025-10-02T20:01:16Z",
    "version": "1",
    "changeset": "172764439",
    "user": "Angel H Cervantes",
    "uid": "23254573",
    "highway": "service",
    "id": "way/1434933630"
  },
  "geometry": {
    "type": "LineString",
    "coordinates": [
      [
        -94.5568655,
        18.0061493
      ],
      [
        -94.5568619,
        18.0057313
      ]
    ]
  }
},
{
  "type": "Feature",
  "id": "way/1434933631",
  "properties": {
    "timestamp": "2025-10-02T20:01:16Z",
    "version": "1",
    "changeset": "172764439",
    "user": "Angel H Cervantes",
    "uid": "23254573",
    "highway": "service",
    "id": "way/1434933631"
  },
  "geometry": {
    "type": "LineString",
    "coordinates": [
      [
        -94.5573143,
        18.0061493
      ],
      [
        -94.5573091,
        18.0057393
      ]
    ]
  }
},
{
  "type": "Feature",
  "id": "way/1434933632",
  "properties": {
    "timestamp": "2025-10-02T20:01:16Z",
    "version": "1",
    "changeset": "172764439",
    "user": "Angel H Cervantes",
    "uid": "23254573",
    "highway": "service",
    "id": "way/1434933632"
  },
  "geometry": {
    "type": "LineString",
    "coordinates": [
      [
        -94.5568764,
        18.0065957
      ],
      [
        -94.5569634,
        18.0065956
      ]
    ]
  }
},
{
  "type": "Feature",
  "id": "node/3962824640",
  "properties": {
    "timestamp": "2016-01-24T04:00:07Z",
    "version": "1",
    "changeset": "36769457",
    "user": "mikertw",
    "uid": "733941",
    "amenity": "restaurant",
    "name": "Taqueria",
    "id": "node/3962824640"
  },
  "geometry": {
    "type": "Point",
    "coordinates": [
      -94.5558142,
      18.0045123
    ]
  }
},
{
  "type": "Feature",
  "id": "node/3962824644",
  "properties": {
    "timestamp": "2016-01-24T04:00:07Z",
    "version": "1",
    "changeset": "36769457",
    "user": "mikertw",
    "uid": "733941",
    "name": "Posada Jardin",
    "tourism": "hotel",
    "id": "node/3962824644"
  },
  "geometry": {
    "type": "Point",
    "coordinates": [
      -94.5543758,
      18.006323
    ]
  }
},
{
  "type": "Feature",
  "id": "node/3962824650",
  "properties": {
    "timestamp": "2022-12-30T23:48:01Z",
    "version": "3",
    "changeset": "130706045",
    "user": "Moisés Torres",
    "uid": "18134887",
    "brand": "Oxxo",
    "brand:wikidata": "Q1342538",
    "name": "Oxxo",
    "shop": "convenience",
    "id": "node/3962824650"
  },
  "geometry": {
    "type": "Point",
    "coordinates": [
      -94.5553377,
      18.0043607
    ]
  }
},
{
  "type": "Feature",
  "id": "node/5444149020",
  "properties": {
    "timestamp": "2018-03-01T02:46:49Z",
    "version": "1",
    "changeset": "56773070",
    "user": "Ter0h",
    "uid": "7140977",
    "leisure": "park",
    "name": "Area Verde Constitucion",
    "id": "node/5444149020"
  },
  "geometry": {
    "type": "Point",
    "coordinates": [
      -94.5574112,
      18.0016652
    ]
  }
},
{
  "type": "Feature",
  "id": "node/5830811909",
  "properties": {
    "timestamp": "2019-06-20T16:43:18Z",
    "version": "2",
    "changeset": "71452468",
    "user": "Andrew Matheny",
    "uid": "3265371",
    "railway": "level_crossing",
    "id": "node/5830811909"
  },
  "geometry": {
    "type": "Point",
    "coordinates": [
      -94.5660561,
      18.0147947
    ]
  }
},
{
  "type": "Feature",
  "id": "node/6296212717",
  "properties": {
    "timestamp": "2019-06-20T16:43:18Z",
    "version": "2",
    "changeset": "71452468",
    "user": "Andrew Matheny",
    "uid": "3265371",
    "railway": "level_crossing",
    "id": "node/6296212717"
  },
  "geometry": {
    "type": "Point",
    "coordinates": [
      -94.5740684,
      18.0103731
    ]
  }
},
{
  "type": "Feature",
  "id": "node/6561333545",
  "properties": {
    "timestamp": "2019-06-20T16:43:18Z",
    "version": "1",
    "changeset": "71452468",
    "user": "Andrew Matheny",
    "uid": "3265371",
    "railway": "level_crossing",
    "id": "node/6561333545"
  },
  "geometry": {
    "type": "Point",
    "coordinates": [
      -94.5582476,
      18.0019036
    ]
  }
},
{
  "type": "Feature",
  "id": "node/6561333546",
  "properties": {
    "timestamp": "2019-06-20T16:43:18Z",
    "version": "1",
    "changeset": "71452468",
    "user": "Andrew Matheny",
    "uid": "3265371",
    "railway": "level_crossing",
    "id": "node/6561333546"
  },
  "geometry": {
    "type": "Point",
    "coordinates": [
      -94.5580088,
      18.0017476
    ]
  }
},
{
  "type": "Feature",
  "id": "node/6561335331",
  "properties": {
    "timestamp": "2019-06-20T16:43:18Z",
    "version": "1",
    "changeset": "71452468",
    "user": "Andrew Matheny",
    "uid": "3265371",
    "railway": "level_crossing",
    "id": "node/6561335331"
  },
  "geometry": {
    "type": "Point",
    "coordinates": [
      -94.5758085,
      18.0118249
    ]
  }
},
{
  "type": "Feature",
  "id": "node/7151820072",
  "properties": {
    "timestamp": "2020-01-22T16:50:51Z",
    "version": "1",
    "changeset": "79929535",
    "user": "Basstoelpel",
    "uid": "72235",
    "power": "tower",
    "id": "node/7151820072"
  },
  "geometry": {
    "type": "Point",
    "coordinates": [
      -94.5638913,
      18.0184617
    ]
  }
},
{
  "type": "Feature",
  "id": "node/7151830495",
  "properties": {
    "timestamp": "2020-01-22T16:50:51Z",
    "version": "1",
    "changeset": "79929535",
    "user": "Basstoelpel",
    "uid": "72235",
    "design": "three-level",
    "power": "tower",
    "id": "node/7151830495"
  },
  "geometry": {
    "type": "Point",
    "coordinates": [
      -94.5667049,
      18.0171378
    ]
  }
},
{
  "type": "Feature",
  "id": "node/7151830503",
  "properties": {
    "timestamp": "2020-01-22T16:50:51Z",
    "version": "1",
    "changeset": "79929535",
    "user": "Basstoelpel",
    "uid": "72235",
    "design": "three-level",
    "power": "tower",
    "id": "node/7151830503"
  },
  "geometry": {
    "type": "Point",
    "coordinates": [
      -94.5610616,
      18.0197931
    ]
  }
},
{
  "type": "Feature",
  "id": "node/7151830504",
  "properties": {
    "timestamp": "2020-01-22T16:50:51Z",
    "version": "1",
    "changeset": "79929535",
    "user": "Basstoelpel",
    "uid": "72235",
    "design": "three-level",
    "power": "tower",
    "id": "node/7151830504"
  },
  "geometry": {
    "type": "Point",
    "coordinates": [
      -94.5584598,
      18.0210148
    ]
  }
},
{
  "type": "Feature",
  "id": "node/7151830505",
  "properties": {
    "timestamp": "2020-01-22T16:50:51Z",
    "version": "1",
    "changeset": "79929535",
    "user": "Basstoelpel",
    "uid": "72235",
    "design": "three-level",
    "power": "tower",
    "id": "node/7151830505"
  },
  "geometry": {
    "type": "Point",
    "coordinates": [
      -94.5557521,
      18.0205353
    ]
  }
},
{
  "type": "Feature",
  "id": "node/7151830506",
  "properties": {
    "timestamp": "2020-01-22T16:50:51Z",
    "version": "1",
    "changeset": "79929535",
    "user": "Basstoelpel",
    "uid": "72235",
    "design": "three-level",
    "power": "tower",
    "id": "node/7151830506"
  },
  "geometry": {
    "type": "Point",
    "coordinates": [
      -94.5534039,
      18.0201259
    ]
  }
},
{
  "type": "Feature",
  "id": "node/7151830507",
  "properties": {
    "timestamp": "2020-01-22T16:50:51Z",
    "version": "1",
    "changeset": "79929535",
    "user": "Basstoelpel",
    "uid": "72235",
    "design": "three-level",
    "power": "tower",
    "id": "node/7151830507"
  },
  "geometry": {
    "type": "Point",
    "coordinates": [
      -94.5502871,
      18.0195138
    ]
  }
},
{
  "type": "Feature",
  "id": "node/7151830512",
  "properties": {
    "timestamp": "2020-01-22T16:50:51Z",
    "version": "1",
    "changeset": "79929535",
    "user": "Basstoelpel",
    "uid": "72235",
    "design": "three-level",
    "power": "tower",
    "id": "node/7151830512"
  },
  "geometry": {
    "type": "Point",
    "coordinates": [
      -94.5475198,
      18.0190585
    ]
  }
},
{
  "type": "Feature",
  "id": "node/8201353636",
  "properties": {
    "timestamp": "2020-12-07T09:16:33Z",
    "version": "1",
    "changeset": "95408246",
    "user": "BanjaraHills",
    "uid": "10811160",
    "railway": "level_crossing",
    "id": "node/8201353636"
  },
  "geometry": {
    "type": "Point",
    "coordinates": [
      -94.5560436,
      18.000477
    ]
  }
},
{
  "type": "Feature",
  "id": "node/8201353637",
  "properties": {
    "timestamp": "2020-12-07T09:16:33Z",
    "version": "1",
    "changeset": "95408246",
    "user": "BanjaraHills",
    "uid": "10811160",
    "railway": "level_crossing",
    "id": "node/8201353637"
  },
  "geometry": {
    "type": "Point",
    "coordinates": [
      -94.5545385,
      17.9995038
    ]
  }
},
{
  "type": "Feature",
  "id": "node/9644728340",
  "properties": {
    "timestamp": "2022-04-06T04:45:19Z",
    "version": "1",
    "changeset": "119367500",
    "user": "Siobkhan",
    "uid": "9094277",
    "railway": "level_crossing",
    "id": "node/9644728340"
  },
  "geometry": {
    "type": "Point",
    "coordinates": [
      -94.5645732,
      18.0033746
    ]
  }
},
{
  "type": "Feature",
  "id": "node/9644728341",
  "properties": {
    "timestamp": "2022-04-06T04:45:19Z",
    "version": "1",
    "changeset": "119367500",
    "user": "Siobkhan",
    "uid": "9094277",
    "railway": "level_crossing",
    "id": "node/9644728341"
  },
  "geometry": {
    "type": "Point",
    "coordinates": [
      -94.5615172,
      18.0030194
    ]
  }
},
{
  "type": "Feature",
  "id": "node/9644728342",
  "properties": {
    "timestamp": "2022-04-06T04:45:19Z",
    "version": "1",
    "changeset": "119367500",
    "user": "Siobkhan",
    "uid": "9094277",
    "railway": "level_crossing",
    "id": "node/9644728342"
  },
  "geometry": {
    "type": "Point",
    "coordinates": [
      -94.5626267,
      18.0031483
    ]
  }
},
{
  "type": "Feature",
  "id": "node/10296066314",
  "properties": {
    "timestamp": "2022-12-30T23:48:01Z",
    "version": "1",
    "changeset": "130706045",
    "user": "Moisés Torres",
    "uid": "18134887",
    "name": "Royal - Auto - Hotel",
    "phone": "+529222226402",
    "tourism": "hotel",
    "website": "http://www.royalautohotel.com/",
    "id": "node/10296066314"
  },
  "geometry": {
    "type": "Point",
    "coordinates": [
      -94.5557972,
      18.0039078
    ]
  }
},
{
  "type": "Feature",
  "id": "node/10296066315",
  "properties": {
    "timestamp": "2022-12-30T23:48:01Z",
    "version": "1",
    "changeset": "130706045",
    "user": "Moisés Torres",
    "uid": "18134887",
    "addr:city": "Minatitlan",
    "addr:housenumber": "20",
    "addr:postcode": "96848",
    "addr:street": "Calle José María Morelos",
    "name": "Motel Express",
    "tourism": "hotel",
    "id": "node/10296066315"
  },
  "geometry": {
    "type": "Point",
    "coordinates": [
      -94.5550875,
      18.0034347
    ]
  }
},
{
  "type": "Feature",
  "id": "node/10296066316",
  "properties": {
    "timestamp": "2023-07-27T20:17:13Z",
    "version": "2",
    "changeset": "139105870",
    "user": "म्यापर",
    "uid": "17365610",
    "addr:city": "Minatitlan",
    "addr:postcode": "96848",
    "addr:street": "Boulevard Instituto Tecnológico (Carretera Transístmica)",
    "amenity": "fuel",
    "brand": "Pemex",
    "brand:wikidata": "Q871308",
    "fuel:diesel": "yes",
    "name": "Pemex",
    "id": "node/10296066316"
  },
  "geometry": {
    "type": "Point",
    "coordinates": [
      -94.5559887,
      18.0037179
    ]
  }
},
{
  "type": "Feature",
  "id": "node/10296066317",
  "properties": {
    "timestamp": "2022-12-30T23:48:01Z",
    "version": "1",
    "changeset": "130706045",
    "user": "Moisés Torres",
    "uid": "18134887",
    "name": "Vulcanizadora",
    "phone": "+529222533808",
    "shop": "yes",
    "id": "node/10296066317"
  },
  "geometry": {
    "type": "Point",
    "coordinates": [
      -94.556245,
      18.003532
    ]
  }
},
{
  "type": "Feature",
  "id": "node/10296066318",
  "properties": {
    "timestamp": "2022-12-30T23:48:01Z",
    "version": "1",
    "changeset": "130706045",
    "user": "Moisés Torres",
    "uid": "18134887",
    "amenity": "place_of_worship",
    "name": "La Iglesia de Jesucristo de los Santos de los Últimos Días",
    "id": "node/10296066318"
  },
  "geometry": {
    "type": "Point",
    "coordinates": [
      -94.556365,
      18.0030743
    ]
  }
},
{
  "type": "Feature",
  "id": "node/11071924792",
  "properties": {
    "timestamp": "2023-07-27T20:17:13Z",
    "version": "1",
    "changeset": "139105870",
    "user": "म्यापर",
    "uid": "17365610",
    "highway": "crossing",
    "id": "node/11071924792"
  },
  "geometry": {
    "type": "Point",
    "coordinates": [
      -94.5562261,
      18.0037516
    ]
  }
},
{
  "type": "Feature",
  "id": "node/11071924793",
  "properties": {
    "timestamp": "2023-07-27T20:17:13Z",
    "version": "1",
    "changeset": "139105870",
    "user": "म्यापर",
    "uid": "17365610",
    "highway": "crossing",
    "id": "node/11071924793"
  },
  "geometry": {
    "type": "Point",
    "coordinates": [
      -94.5563452,
      18.0038529
    ]
  }
},
{
  "type": "Feature",
  "id": "node/12038575491",
  "properties": {
    "timestamp": "2024-07-07T01:48:40Z",
    "version": "1",
    "changeset": "153644619",
    "user": "Ferrocarriles de México",
    "uid": "19456985",
    "power": "pole",
    "id": "node/12038575491"
  },
  "geometry": {
    "type": "Point",
    "coordinates": [
      -94.5669369,
      18.0169924
    ]
  }
},
{
  "type": "Feature",
  "id": "node/12038575492",
  "properties": {
    "timestamp": "2024-07-07T01:48:40Z",
    "version": "1",
    "changeset": "153644619",
    "user": "Ferrocarriles de México",
    "uid": "19456985",
    "power": "pole",
    "id": "node/12038575492"
  },
  "geometry": {
    "type": "Point",
    "coordinates": [
      -94.5666607,
      18.0164058
    ]
  }
},
{
  "type": "Feature",
  "id": "node/12038575493",
  "properties": {
    "timestamp": "2024-07-07T01:48:40Z",
    "version": "1",
    "changeset": "153644619",
    "user": "Ferrocarriles de México",
    "uid": "19456985",
    "power": "pole",
    "id": "node/12038575493"
  },
  "geometry": {
    "type": "Point",
    "coordinates": [
      -94.5662449,
      18.0155653
    ]
  }
},
{
  "type": "Feature",
  "id": "node/12038575494",
  "properties": {
    "timestamp": "2024-07-07T01:48:40Z",
    "version": "1",
    "changeset": "153644619",
    "user": "Ferrocarriles de México",
    "uid": "19456985",
    "power": "pole",
    "id": "node/12038575494"
  },
  "geometry": {
    "type": "Point",
    "coordinates": [
      -94.5658627,
      18.0147912
    ]
  }
},
{
  "type": "Feature",
  "id": "node/12038575495",
  "properties": {
    "timestamp": "2024-07-07T01:48:40Z",
    "version": "1",
    "changeset": "153644619",
    "user": "Ferrocarriles de México",
    "uid": "19456985",
    "power": "pole",
    "id": "node/12038575495"
  },
  "geometry": {
    "type": "Point",
    "coordinates": [
      -94.5656401,
      18.0143053
    ]
  }
},
{
  "type": "Feature",
  "id": "node/12038575496",
  "properties": {
    "timestamp": "2024-07-07T01:48:40Z",
    "version": "1",
    "changeset": "153644619",
    "user": "Ferrocarriles de México",
    "uid": "19456985",
    "power": "pole",
    "id": "node/12038575496"
  },
  "geometry": {
    "type": "Point",
    "coordinates": [
      -94.5653182,
      18.0136638
    ]
  }
},
{
  "type": "Feature",
  "id": "node/12038575497",
  "properties": {
    "timestamp": "2024-07-07T01:48:40Z",
    "version": "1",
    "changeset": "153644619",
    "user": "Ferrocarriles de México",
    "uid": "19456985",
    "power": "pole",
    "id": "node/12038575497"
  },
  "geometry": {
    "type": "Point",
    "coordinates": [
      -94.5646644,
      18.0123055
    ]
  }
},
{
  "type": "Feature",
  "id": "node/12038575498",
  "properties": {
    "timestamp": "2024-07-07T01:48:40Z",
    "version": "1",
    "changeset": "153644619",
    "user": "Ferrocarriles de México",
    "uid": "19456985",
    "power": "pole",
    "id": "node/12038575498"
  },
  "geometry": {
    "type": "Point",
    "coordinates": [
      -94.5650406,
      18.0130975
    ]
  }
},
{
  "type": "Feature",
  "id": "node/12038575499",
  "properties": {
    "timestamp": "2024-07-07T01:48:40Z",
    "version": "1",
    "changeset": "153644619",
    "user": "Ferrocarriles de México",
    "uid": "19456985",
    "power": "tower",
    "id": "node/12038575499"
  },
  "geometry": {
    "type": "Point",
    "coordinates": [
      -94.5640422,
      18.0110461
    ]
  }
},
{
  "type": "Feature",
  "id": "node/12038575500",
  "properties": {
    "timestamp": "2024-07-07T01:48:40Z",
    "version": "1",
    "changeset": "153644619",
    "user": "Ferrocarriles de México",
    "uid": "19456985",
    "power": "tower",
    "id": "node/12038575500"
  },
  "geometry": {
    "type": "Point",
    "coordinates": [
      -94.5634367,
      18.0098287
    ]
  }
},
{
  "type": "Feature",
  "id": "node/12038575501",
  "properties": {
    "timestamp": "2024-07-07T01:48:40Z",
    "version": "1",
    "changeset": "153644619",
    "user": "Ferrocarriles de México",
    "uid": "19456985",
    "power": "tower",
    "id": "node/12038575501"
  },
  "geometry": {
    "type": "Point",
    "coordinates": [
      -94.562459,
      18.0083594
    ]
  }
},
{
  "type": "Feature",
  "id": "node/12038575502",
  "properties": {
    "timestamp": "2024-07-07T01:48:40Z",
    "version": "1",
    "changeset": "153644619",
    "user": "Ferrocarriles de México",
    "uid": "19456985",
    "power": "tower",
    "id": "node/12038575502"
  },
  "geometry": {
    "type": "Point",
    "coordinates": [
      -94.5614223,
      18.0067958
    ]
  }
},
{
  "type": "Feature",
  "id": "node/12038575503",
  "properties": {
    "timestamp": "2024-07-07T01:48:40Z",
    "version": "1",
    "changeset": "153644619",
    "user": "Ferrocarriles de México",
    "uid": "19456985",
    "power": "tower",
    "id": "node/12038575503"
  },
  "geometry": {
    "type": "Point",
    "coordinates": [
      -94.5605452,
      18.0054017
    ]
  }
},
{
  "type": "Feature",
  "id": "node/12038575504",
  "properties": {
    "timestamp": "2024-07-07T01:48:40Z",
    "version": "1",
    "changeset": "153644619",
    "user": "Ferrocarriles de México",
    "uid": "19456985",
    "power": "tower",
    "id": "node/12038575504"
  },
  "geometry": {
    "type": "Point",
    "coordinates": [
      -94.5599149,
      18.0042373
    ]
  }
},
{
  "type": "Feature",
  "id": "node/12038575505",
  "properties": {
    "timestamp": "2024-07-07T01:48:40Z",
    "version": "1",
    "changeset": "153644619",
    "user": "Ferrocarriles de México",
    "uid": "19456985",
    "power": "portal",
    "id": "node/12038575505"
  },
  "geometry": {
    "type": "Point",
    "coordinates": [
      -94.5604581,
      18.0042271
    ]
  }
},
{
  "type": "Feature",
  "id": "node/13139673259",
  "properties": {
    "timestamp": "2025-09-12T18:31:44Z",
    "version": "1",
    "changeset": "171845725",
    "user": "AndresSM30",
    "uid": "23279192",
    "leisure": "sports_centre",
    "name": "Domo",
    "id": "node/13139673259"
  },
  "geometry": {
    "type": "Point",
    "coordinates": [
      -94.5576709,
      18.0060325
    ]
  }
},
{
  "type": "Feature",
  "id": "node/13139673260",
  "properties": {
    "timestamp": "2025-09-30T15:53:11Z",
    "version": "2",
    "changeset": "172667502",
    "user": "TecNM campus Minatitlán",
    "uid": "23257776",
    "name": "Edificio. LISC",
    "office": "it",
    "id": "node/13139673260"
  },
  "geometry": {
    "type": "Point",
    "coordinates": [
      -94.5574778,
      18.0064814
    ]
  }
},
{
  "type": "Feature",
  "id": "node/13139673261",
  "properties": {
    "timestamp": "2025-09-12T18:31:44Z",
    "version": "1",
    "changeset": "171845725",
    "user": "AndresSM30",
    "uid": "23279192",
    "amenity": "cafe",
    "name": "Cafeteria",
    "id": "node/13139673261"
  },
  "geometry": {
    "type": "Point",
    "coordinates": [
      -94.5571071,
      18.0064557
    ]
  }
},
{
  "type": "Feature",
  "id": "node/13139673262",
  "properties": {
    "timestamp": "2025-09-30T15:53:11Z",
    "version": "2",
    "changeset": "172667502",
    "user": "TecNM campus Minatitlán",
    "uid": "23257776",
    "addr:city": "Minatitlán",
    "addr:postcode": "96848",
    "addr:state": "Ver",
    "addr:street": "Boulevard Instituto Tecnológico (Carretera Transístmica)",
    "amenity": "school",
    "grades": "2",
    "name": "Edificio H",
    "operator": "Aulas de Clases",
    "operator:type": "clases",
    "id": "node/13139673262"
  },
  "geometry": {
    "type": "Point",
    "coordinates": [
      -94.5571291,
      18.0062283
    ]
  }
},
{
  "type": "Feature",
  "id": "node/13139673263",
  "properties": {
    "timestamp": "2025-09-12T18:31:44Z",
    "version": "1",
    "changeset": "171845725",
    "user": "AndresSM30",
    "uid": "23279192",
    "amenity": "school",
    "name": "Edificio G",
    "id": "node/13139673263"
  },
  "geometry": {
    "type": "Point",
    "coordinates": [
      -94.5571236,
      18.0059792
    ]
  }
},
{
  "type": "Feature",
  "id": "node/13139673264",
  "properties": {
    "timestamp": "2025-09-12T18:31:44Z",
    "version": "1",
    "changeset": "171845725",
    "user": "AndresSM30",
    "uid": "23279192",
    "amenity": "research_institute",
    "name": "Edificio LIE-2",
    "id": "node/13139673264"
  },
  "geometry": {
    "type": "Point",
    "coordinates": [
      -94.557472,
      18.00671
    ]
  }
},
{
  "type": "Feature",
  "id": "node/13139673265",
  "properties": {
    "timestamp": "2025-10-14T21:24:17Z",
    "version": "2",
    "changeset": "173294474",
    "user": "AndresSM30",
    "uid": "23279192",
    "amenity": "research_institute",
    "name": "Edificio LIE-1",
    "id": "node/13139673265"
  },
  "geometry": {
    "type": "Point",
    "coordinates": [
      -94.5574331,
      18.0069005
    ]
  }
},
{
  "type": "Feature",
  "id": "node/13139673266",
  "properties": {
    "timestamp": "2025-09-12T18:31:44Z",
    "version": "1",
    "changeset": "171845725",
    "user": "AndresSM30",
    "uid": "23279192",
    "amenity": "school",
    "name": "Edificio CECT",
    "id": "node/13139673266"
  },
  "geometry": {
    "type": "Point",
    "coordinates": [
      -94.5574421,
      18.0071819
    ]
  }
},
{
  "type": "Feature",
  "id": "node/13139673267",
  "properties": {
    "timestamp": "2025-09-12T18:31:44Z",
    "version": "1",
    "changeset": "171845725",
    "user": "AndresSM30",
    "uid": "23279192",
    "name": "Suabastacion",
    "power": "substation",
    "id": "node/13139673267"
  },
  "geometry": {
    "type": "Point",
    "coordinates": [
      -94.5570638,
      18.0066718
    ]
  }
},
{
  "type": "Feature",
  "id": "node/13139673270",
  "properties": {
    "timestamp": "2025-09-30T15:53:11Z",
    "version": "2",
    "changeset": "172667502",
    "user": "TecNM campus Minatitlán",
    "uid": "23257776",
    "crossing": "unmarked",
    "crossing:markings": "no",
    "highway": "crossing",
    "id": "node/13139673270"
  },
  "geometry": {
    "type": "Point",
    "coordinates": [
      -94.5565702,
      18.0059212
    ]
  }
},
{
  "type": "Feature",
  "id": "node/13139673272",
  "properties": {
    "timestamp": "2025-09-12T18:31:44Z",
    "version": "1",
    "changeset": "171845725",
    "user": "AndresSM30",
    "uid": "23279192",
    "amenity": "library",
    "name": "Edificio O",
    "id": "node/13139673272"
  },
  "geometry": {
    "type": "Point",
    "coordinates": [
      -94.5566627,
      18.0063285
    ]
  }
},
{
  "type": "Feature",
  "id": "node/13139673273",
  "properties": {
    "timestamp": "2025-09-12T18:31:44Z",
    "version": "1",
    "changeset": "171845725",
    "user": "AndresSM30",
    "uid": "23279192",
    "amenity": "school",
    "name": "Edificio J",
    "id": "node/13139673273"
  },
  "geometry": {
    "type": "Point",
    "coordinates": [
      -94.5566346,
      18.0067243
    ]
  }
},
{
  "type": "Feature",
  "id": "node/13139673274",
  "properties": {
    "timestamp": "2025-09-12T18:31:44Z",
    "version": "1",
    "changeset": "171845725",
    "user": "AndresSM30",
    "uid": "23279192",
    "amenity": "school",
    "name": "Edificio I",
    "id": "node/13139673274"
  },
  "geometry": {
    "type": "Point",
    "coordinates": [
      -94.556756,
      18.0069246
    ]
  }
},
{
  "type": "Feature",
  "id": "node/13139673275",
  "properties": {
    "timestamp": "2025-09-12T18:31:44Z",
    "version": "1",
    "changeset": "171845725",
    "user": "AndresSM30",
    "uid": "23279192",
    "amenity": "research_institute",
    "name": "Edificio de LII",
    "id": "node/13139673275"
  },
  "geometry": {
    "type": "Point",
    "coordinates": [
      -94.5571032,
      18.0056146
    ]
  }
},
{
  "type": "Feature",
  "id": "node/13139673276",
  "properties": {
    "timestamp": "2025-09-12T18:31:44Z",
    "version": "1",
    "changeset": "171845725",
    "user": "AndresSM30",
    "uid": "23279192",
    "amenity": "school",
    "name": "Edificio E",
    "id": "node/13139673276"
  },
  "geometry": {
    "type": "Point",
    "coordinates": [
      -94.5567752,
      18.0055757
    ]
  }
},
{
  "type": "Feature",
  "id": "node/13139673277",
  "properties": {
    "timestamp": "2025-09-12T18:31:44Z",
    "version": "1",
    "changeset": "171845725",
    "user": "AndresSM30",
    "uid": "23279192",
    "amenity": "language_school",
    "name": "Edificio CI",
    "id": "node/13139673277"
  },
  "geometry": {
    "type": "Point",
    "coordinates": [
      -94.5567909,
      18.0054216
    ]
  }
},
{
  "type": "Feature",
  "id": "node/13139673278",
  "properties": {
    "timestamp": "2025-09-12T18:31:44Z",
    "version": "1",
    "changeset": "171845725",
    "user": "AndresSM30",
    "uid": "23279192",
    "amenity": "school",
    "name": "Edificio D",
    "id": "node/13139673278"
  },
  "geometry": {
    "type": "Point",
    "coordinates": [
      -94.5563057,
      18.0055249
    ]
  }
},
{
  "type": "Feature",
  "id": "node/13139673279",
  "properties": {
    "timestamp": "2025-09-12T18:31:44Z",
    "version": "1",
    "changeset": "171845725",
    "user": "AndresSM30",
    "uid": "23279192",
    "amenity": "school",
    "name": "Edificio C",
    "id": "node/13139673279"
  },
  "geometry": {
    "type": "Point",
    "coordinates": [
      -94.5564048,
      18.0052848
    ]
  }
},
{
  "type": "Feature",
  "id": "node/13139673280",
  "properties": {
    "timestamp": "2025-09-12T18:31:44Z",
    "version": "1",
    "changeset": "171845725",
    "user": "AndresSM30",
    "uid": "23279192",
    "amenity": "school",
    "name": "Edificio F",
    "id": "node/13139673280"
  },
  "geometry": {
    "type": "Point",
    "coordinates": [
      -94.5565833,
      18.0057926
    ]
  }
},
{
  "type": "Feature",
  "id": "node/13139673281",
  "properties": {
    "timestamp": "2025-09-12T18:31:44Z",
    "version": "1",
    "changeset": "171845725",
    "user": "AndresSM30",
    "uid": "23279192",
    "amenity": "school",
    "name": "Edificio DPI",
    "id": "node/13139673281"
  },
  "geometry": {
    "type": "Point",
    "coordinates": [
      -94.5562137,
      18.0060021
    ]
  }
},
{
  "type": "Feature",
  "id": "node/13139673282",
  "properties": {
    "timestamp": "2025-09-12T18:31:44Z",
    "version": "1",
    "changeset": "171845725",
    "user": "AndresSM30",
    "uid": "23279192",
    "amenity": "school",
    "name": "Edificio LQG",
    "id": "node/13139673282"
  },
  "geometry": {
    "type": "Point",
    "coordinates": [
      -94.5560406,
      18.0057126
    ]
  }
},
{
  "type": "Feature",
  "id": "node/13139673283",
  "properties": {
    "timestamp": "2025-09-12T18:31:44Z",
    "version": "1",
    "changeset": "171845725",
    "user": "AndresSM30",
    "uid": "23279192",
    "amenity": "research_institute",
    "name": "Edificio UVMA",
    "id": "node/13139673283"
  },
  "geometry": {
    "type": "Point",
    "coordinates": [
      -94.5557874,
      18.0059295
    ]
  }
},
{
  "type": "Feature",
  "id": "node/13139673288",
  "properties": {
    "timestamp": "2025-09-12T18:31:44Z",
    "version": "1",
    "changeset": "171845725",
    "user": "AndresSM30",
    "uid": "23279192",
    "amenity": "school",
    "name": "Edificio AC",
    "id": "node/13139673288"
  },
  "geometry": {
    "type": "Point",
    "coordinates": [
      -94.556393,
      18.0050462
    ]
  }
},
{
  "type": "Feature",
  "id": "node/13139673289",
  "properties": {
    "timestamp": "2025-09-30T03:24:35Z",
    "version": "2",
    "changeset": "172639812",
    "user": "TecNM campus Minatitlán",
    "uid": "23257776",
    "amenity": "school",
    "name": "Entrada lateral",
    "id": "node/13139673289"
  },
  "geometry": {
    "type": "Point",
    "coordinates": [
      -94.55627,
      18.0049725
    ]
  }
},
{
  "type": "Feature",
  "id": "node/13139673290",
  "properties": {
    "timestamp": "2025-09-12T18:31:44Z",
    "version": "1",
    "changeset": "171845725",
    "user": "AndresSM30",
    "uid": "23279192",
    "amenity": "school",
    "name": "Entrada principal",
    "id": "node/13139673290"
  },
  "geometry": {
    "type": "Point",
    "coordinates": [
      -94.555433,
      18.0053377
    ]
  }
},
{
  "type": "Feature",
  "id": "node/13139673291",
  "properties": {
    "timestamp": "2025-09-30T02:40:57Z",
    "version": "2",
    "changeset": "172639095",
    "user": "TecNM campus Minatitlán",
    "uid": "23257776",
    "addr:city": "Minatitlán",
    "addr:postcode": "96848",
    "addr:state": "Ver",
    "addr:street": "Boulevard Instituto Tecnológico (Carretera Transístmica)",
    "name": "Edificio ACB",
    "office": "educational_institution",
    "opening_hours": "Mo-Fr 09:00-18:00",
    "phone": "9222224345",
    "website": "https://minatitlan.tecnm.mx/",
    "id": "node/13139673291"
  },
  "geometry": {
    "type": "Point",
    "coordinates": [
      -94.5558909,
      18.005178
    ]
  }
},
{
  "type": "Feature",
  "id": "node/13139673292",
  "properties": {
    "timestamp": "2025-09-12T18:31:44Z",
    "version": "1",
    "changeset": "171845725",
    "user": "AndresSM30",
    "uid": "23279192",
    "name": "Edificio ACA",
    "office": "educational_institution",
    "id": "node/13139673292"
  },
  "geometry": {
    "type": "Point",
    "coordinates": [
      -94.5558862,
      18.0049462
    ]
  }
},
{
  "type": "Feature",
  "id": "node/13139673293",
  "properties": {
    "timestamp": "2025-09-12T18:31:44Z",
    "version": "1",
    "changeset": "171845725",
    "user": "AndresSM30",
    "uid": "23279192",
    "amenity": "school",
    "name": "Edificio B",
    "id": "node/13139673293"
  },
  "geometry": {
    "type": "Point",
    "coordinates": [
      -94.5556422,
      18.005425
    ]
  }
},
{
  "type": "Feature",
  "id": "node/13139673294",
  "properties": {
    "timestamp": "2025-09-12T18:31:44Z",
    "version": "1",
    "changeset": "171845725",
    "user": "AndresSM30",
    "uid": "23279192",
    "amenity": "school",
    "name": "Edificio A",
    "id": "node/13139673294"
  },
  "geometry": {
    "type": "Point",
    "coordinates": [
      -94.5553636,
      18.0056457
    ]
  }
},
{
  "type": "Feature",
  "id": "node/13139673295",
  "properties": {
    "timestamp": "2025-09-12T18:31:44Z",
    "version": "1",
    "changeset": "171845725",
    "user": "AndresSM30",
    "uid": "23279192",
    "amenity": "research_institute",
    "name": "Edificio LIQP",
    "id": "node/13139673295"
  },
  "geometry": {
    "type": "Point",
    "coordinates": [
      -94.5549459,
      18.0058157
    ]
  }
},
{
  "type": "Feature",
  "id": "node/13139673296",
  "properties": {
    "timestamp": "2025-09-12T18:31:44Z",
    "version": "1",
    "changeset": "171845725",
    "user": "AndresSM30",
    "uid": "23279192",
    "amenity": "research_institute",
    "name": "Edificio LCI",
    "description": "Edificio que alberga la Sala de Usos Múltiples, el Taller de Electromecánica, el Departamento de Recursos Materiales y Servicios, y el Departamento de Mantenimiento.",
    "id": "node/13139673296"
  },
  "geometry": {
    "type": "Point",
    "coordinates": [
      -94.5553519,
      18.006011
    ]
  }
},
{
  "type": "Feature",
  "id": "node/13139673296_SUM",
  "properties": {
    "name": "Sala de Usos Múltiples",
    "description": "Espacio versátil utilizado para eventos, conferencias, reuniones y actividades académicas de gran formato.",
    "building": "Edificio LCI",
    "id": "node/13139673296_SUM"
  },
  "geometry": {
    "type": "Point",
    "coordinates": [
      -94.5553519,
      18.006011
    ]
  }
},
{
  "type": "Feature",
  "id": "node/13139673296_TE",
  "properties": {
    "name": "Taller de Electromecánica",
    "description": "Taller equipado para prácticas y proyectos de las carreras de ingeniería electromecánica y afines, con maquinaria y herramientas especializadas.",
    "building": "Edificio LCI",
    "id": "node/13139673296_TE"
  },
  "geometry": {
    "type": "Point",
    "coordinates": [
      -94.5553519,
      18.006011
    ]
  }
},
{
  "type": "Feature",
  "id": "node/13139673296_DRMS",
  "properties": {
    "name": "Departamento de Recursos Materiales Y Servicios",
    "description": "Área encargada de la adquisición, almacenamiento y distribución de materiales, así como de la gestión de servicios generales para el campus.",
    "building": "Edificio LCI",
    "id": "node/13139673296_DRMS"
  },
  "geometry": {
    "type": "Point",
    "coordinates": [
      -94.5553519,
      18.006011
    ]
  }
},
{
  "type": "Feature",
  "id": "node/13139673296_DM",
  "properties": {
    "name": "Departamento de Mantenimiento",
    "description": "Unidad responsable de la conservación, reparación y mantenimiento de la infraestructura, equipos e instalaciones del campus.",
    "building": "Edificio LCI",
    "id": "node/13139673296_DM"
  },
  "geometry": {
    "type": "Point",
    "coordinates": [
      -94.5553519,
      18.006011
    ]
  }
},
{
  "type": "Feature",
  "id": "node/13139673297",
  "properties": {
    "timestamp": "2025-09-12T18:31:44Z",
    "version": "1",
    "changeset": "171845725",
    "user": "AndresSM30",
    "uid": "23279192",
    "amenity": "school",
    "name": "Edificio LIEM",
    "id": "node/13139673297"
  },
  "geometry": {
    "type": "Point",
    "coordinates": [
      -94.5557267,
      18.0062752
    ]
  }
},
{
  "type": "Feature",
  "id": "node/13139673298",
  "properties": {
    "timestamp": "2025-09-12T18:31:44Z",
    "version": "1",
    "changeset": "171845725",
    "user": "AndresSM30",
    "uid": "23279192",
    "amenity": "school",
    "name": "Edificio LAI",
    "id": "node/13139673298"
  },
  "geometry": {
    "type": "Point",
    "coordinates": [
      -94.5562375,
      18.006642
    ]
  }
},
{
  "type": "Feature",
  "id": "node/13139673299",
  "properties": {
    "timestamp": "2025-09-12T18:31:44Z",
    "version": "1",
    "changeset": "171845725",
    "user": "AndresSM30",
    "uid": "23279192",
    "amenity": "cafe",
    "name": "Palapa",
    "id": "node/13139673299"
  },
  "geometry": {
    "type": "Point",
    "coordinates": [
      -94.5560301,
      18.0066074
    ]
  }
},
{
  "type": "Feature",
  "id": "node/13139673300",
  "properties": {
    "timestamp": "2025-09-12T18:31:44Z",
    "version": "1",
    "changeset": "171845725",
    "user": "AndresSM30",
    "uid": "23279192",
    "amenity": "school",
    "name": "Edificio V",
    "id": "node/13139673300"
  },
  "geometry": {
    "type": "Point",
    "coordinates": [
      -94.5559496,
      18.006511
    ]
  }
},
{
  "type": "Feature",
  "id": "node/13139686801",
  "properties": {
    "timestamp": "2025-09-12T18:31:44Z",
    "version": "1",
    "changeset": "171845725",
    "user": "AndresSM30",
    "uid": "23279192",
    "amenity": "school",
    "name": "Edificio S.G",
    "id": "node/13139686801"
  },
  "geometry": {
    "type": "Point",
    "coordinates": [
      -94.555679,
      18.0065002
    ]
  }
},
{
  "type": "Feature",
  "id": "node/13139686802",
  "properties": {
    "timestamp": "2025-09-12T18:31:44Z",
    "version": "1",
    "changeset": "171845725",
    "user": "AndresSM30",
    "uid": "23279192",
    "amenity": "school",
    "name": "Edificio X",
    "id": "node/13139686802"
  },
  "geometry": {
    "type": "Point",
    "coordinates": [
      -94.5546294,
      18.0059472
    ]
  }
},
{
  "type": "Feature",
  "id": "node/13182425694",
  "properties": {
    "timestamp": "2025-09-30T02:40:57Z",
    "version": "1",
    "changeset": "172639095",
    "user": "TecNM campus Minatitlán",
    "uid": "23257776",
    "crossing": "unmarked",
    "crossing:markings": "no",
    "highway": "crossing",
    "id": "node/13182425694"
  },
  "geometry": {
    "type": "Point",
    "coordinates": [
      -94.5556973,
      18.0053398
    ]
  }
},
{
  "type": "Feature",
  "id": "node/13182469813",
  "properties": {
    "timestamp": "2025-09-30T02:40:57Z",
    "version": "1",
    "changeset": "172639095",
    "user": "TecNM campus Minatitlán",
    "uid": "23257776",
    "crossing": "unmarked",
    "crossing:markings": "no",
    "highway": "crossing",
    "id": "node/13182469813"
  },
  "geometry": {
    "type": "Point",
    "coordinates": [
      -94.5558605,
      18.0053387
    ]
  }
},
{
  "type": "Feature",
  "id": "node/13182469814",
  "properties": {
    "timestamp": "2025-09-30T02:40:57Z",
    "version": "1",
    "changeset": "172639095",
    "user": "TecNM campus Minatitlán",
    "uid": "23257776",
    "crossing": "unmarked",
    "crossing:markings": "no",
    "highway": "crossing",
    "id": "node/13182469814"
  },
  "geometry": {
    "type": "Point",
    "coordinates": [
      -94.5558675,
      18.0058989
    ]
  }
},
{
  "type": "Feature",
  "id": "node/13182469815",
  "properties": {
    "timestamp": "2025-09-30T02:40:57Z",
    "version": "1",
    "changeset": "172639095",
    "user": "TecNM campus Minatitlán",
    "uid": "23257776",
    "crossing": "unmarked",
    "crossing:markings": "no",
    "highway": "crossing",
    "id": "node/13182469815"
  },
  "geometry": {
    "type": "Point",
    "coordinates": [
      -94.5558665,
      18.0057967
    ]
  }
},
{
  "type": "Feature",
  "id": "node/13182469818",
  "properties": {
    "timestamp": "2025-09-30T02:40:57Z",
    "version": "1",
    "changeset": "172639095",
    "user": "TecNM campus Minatitlán",
    "uid": "23257776",
    "crossing": "unmarked",
    "crossing:markings": "no",
    "highway": "crossing",
    "id": "node/13182469818"
  },
  "geometry": {
    "type": "Point",
    "coordinates": [
      -94.5554542,
      18.0053593
    ]
  }
},
{
  "type": "Feature",
  "id": "node/13182469822",
  "properties": {
    "timestamp": "2025-09-30T02:40:57Z",
    "version": "1",
    "changeset": "172639095",
    "user": "TecNM campus Minatitlán",
    "uid": "23257776",
    "crossing": "unmarked",
    "crossing:markings": "no",
    "highway": "crossing",
    "id": "node/13182469822"
  },
  "geometry": {
    "type": "Point",
    "coordinates": [
      -94.5555126,
      18.0058012
    ]
  }
},
{
  "type": "Feature",
  "id": "node/13182505587",
  "properties": {
    "timestamp": "2025-09-30T03:24:35Z",
    "version": "1",
    "changeset": "172639812",
    "user": "TecNM campus Minatitlán",
    "uid": "23257776",
    "crossing": "unmarked",
    "crossing:markings": "no",
    "highway": "crossing",
    "id": "node/13182505587"
  },
  "geometry": {
    "type": "Point",
    "coordinates": [
      -94.5562266,
      18.0050726
    ]
  }
},
{
  "type": "Feature",
  "id": "node/13182505588",
  "properties": {
    "timestamp": "2025-09-30T03:24:35Z",
    "version": "1",
    "changeset": "172639812",
    "user": "TecNM campus Minatitlán",
    "uid": "23257776",
    "crossing": "unmarked",
    "crossing:markings": "no",
    "highway": "crossing",
    "id": "node/13182505588"
  },
  "geometry": {
    "type": "Point",
    "coordinates": [
      -94.5562385,
      18.0056535
    ]
  }
},
{
  "type": "Feature",
  "id": "node/13182505590",
  "properties": {
    "timestamp": "2025-09-30T03:24:35Z",
    "version": "1",
    "changeset": "172639812",
    "user": "TecNM campus Minatitlán",
    "uid": "23257776",
    "crossing": "unmarked",
    "crossing:markings": "no",
    "highway": "crossing",
    "id": "node/13182505590"
  },
  "geometry": {
    "type": "Point",
    "coordinates": [
      -94.5562465,
      18.0059221
    ]
  }
},
{
  "type": "Feature",
  "id": "node/13182505591",
  "properties": {
    "timestamp": "2025-09-30T15:53:11Z",
    "version": "2",
    "changeset": "172667502",
    "user": "TecNM campus Minatitlán",
    "uid": "23257776",
    "crossing": "uncontrolled",
    "crossing:markings": "yes",
    "highway": "crossing",
    "id": "node/13182505591"
  },
  "geometry": {
    "type": "Point",
    "coordinates": [
      -94.5564093,
      18.0059271
    ]
  }
},
{
  "type": "Feature",
  "id": "node/13182505592",
  "properties": {
    "timestamp": "2025-09-30T03:24:35Z",
    "version": "1",
    "changeset": "172639812",
    "user": "TecNM campus Minatitlán",
    "uid": "23257776",
    "crossing": "unmarked",
    "crossing:markings": "no",
    "highway": "crossing",
    "id": "node/13182505592"
  },
  "geometry": {
    "type": "Point",
    "coordinates": [
      -94.5566694,
      18.0061493
    ]
  }
},
{
  "type": "Feature",
  "id": "node/13182505593",
  "properties": {
    "timestamp": "2025-09-30T03:24:35Z",
    "version": "1",
    "changeset": "172639812",
    "user": "TecNM campus Minatitlán",
    "uid": "23257776",
    "crossing": "unmarked",
    "crossing:markings": "no",
    "highway": "crossing",
    "id": "node/13182505593"
  },
  "geometry": {
    "type": "Point",
    "coordinates": [
      -94.5574664,
      18.0061493
    ]
  }
},
{
  "type": "Feature",
  "id": "node/13182505596",
  "properties": {
    "timestamp": "2025-09-30T03:24:35Z",
    "version": "1",
    "changeset": "172639812",
    "user": "TecNM campus Minatitlán",
    "uid": "23257776",
    "crossing": "unmarked",
    "crossing:markings": "no",
    "highway": "crossing",
    "id": "node/13182505596"
  },
  "geometry": {
    "type": "Point",
    "coordinates": [
      -94.5562327,
      18.0053688
    ]
  }
},
{
  "type": "Feature",
  "id": "node/13184307342",
  "properties": {
    "timestamp": "2025-09-30T15:11:48Z",
    "version": "1",
    "changeset": "172665393",
    "user": "TecNM campus Minatitlán",
    "uid": "23257776",
    "crossing": "unmarked",
    "crossing:markings": "no",
    "highway": "crossing",
    "id": "node/13184307342"
  },
  "geometry": {
    "type": "Point",
    "coordinates": [
      -94.5551718,
      18.0057979
    ]
  }
},
{
  "type": "Feature",
  "id": "node/13184363255",
  "properties": {
    "timestamp": "2025-09-30T15:53:11Z",
    "version": "1",
    "changeset": "172667502",
    "user": "TecNM campus Minatitlán",
    "uid": "23257776",
    "crossing": "unmarked",
    "crossing:markings": "no",
    "highway": "crossing",
    "id": "node/13184363255"
  },
  "geometry": {
    "type": "Point",
    "coordinates": [
      -94.5565619,
      18.0057259
    ]
  }
},
{
  "type": "Feature",
  "id": "node/13184363256",
  "properties": {
    "timestamp": "2025-09-30T15:53:11Z",
    "version": "1",
    "changeset": "172667502",
    "user": "TecNM campus Minatitlán",
    "uid": "23257776",
    "crossing": "unmarked",
    "crossing:markings": "no",
    "highway": "crossing",
    "id": "node/13184363256"
  },
  "geometry": {
    "type": "Point",
    "coordinates": [
      -94.5562343,
      18.0054497
    ]
  }
},
{
  "type": "Feature",
  "id": "node/13184363257",
  "properties": {
    "timestamp": "2025-09-30T15:53:11Z",
    "version": "1",
    "changeset": "172667502",
    "user": "TecNM campus Minatitlán",
    "uid": "23257776",
    "crossing": "unmarked",
    "crossing:markings": "no",
    "highway": "crossing",
    "id": "node/13184363257"
  },
  "geometry": {
    "type": "Point",
    "coordinates": [
      -94.5565529,
      18.0054541
    ]
  }
}
]
}
