<?xml version="1.0" encoding="UTF-8"?>
<osm version="0.6" generator="openstreetmap-cgimap 2.1.0 (2238958 spike-08.openstreetmap.org)" copyright="OpenStreetMap and contributors" attribution="http://www.openstreetmap.org/copyright" license="http://opendatacommons.org/licenses/odbl/1-0/">
 <bounds minlat="18.0041260" minlon="-94.5589990" maxlat="18.0079370" maxlon="-94.5519720"/>
 <node id="1289153472" visible="true" version="1" changeset="8172859" timestamp="2011-05-17T15:31:01Z" user="Yorx" uid="101422" lat="18.0030150" lon="-94.5557856"/>
 <node id="1289153473" visible="true" version="2" changeset="95467780" timestamp="2020-12-08T07:39:21Z" user="BanjaraHills" uid="10811160" lat="18.0061917" lon="-94.5529138"/>
 <node id="1289153488" visible="true" version="2" changeset="97071705" timestamp="2021-01-06T21:11:23Z" user="127logs" uid="9633823" lat="18.0064772" lon="-94.5519356"/>
 <node id="1289153505" visible="true" version="1" changeset="8172859" timestamp="2011-05-17T15:31:03Z" user="Yorx" uid="101422" lat="18.0028769" lon="-94.5543991"/>
 <node id="1289153507" visible="true" version="1" changeset="8172859" timestamp="2011-05-17T15:31:03Z" user="Yorx" uid="101422" lat="18.0025701" lon="-94.5539127"/>
 <node id="1289153511" visible="true" version="1" changeset="8172859" timestamp="2011-05-17T15:31:04Z" user="Yorx" uid="101422" lat="18.0044648" lon="-94.5525936"/>
 <node id="1289153517" visible="true" version="1" changeset="8172859" timestamp="2011-05-17T15:31:04Z" user="Yorx" uid="101422" lat="18.0033820" lon="-94.5526974"/>
 <node id="1289153520" visible="true" version="1" changeset="8172859" timestamp="2011-05-17T15:31:04Z" user="Yorx" uid="101422" lat="18.0059588" lon="-94.5522853"/>
 <node id="1289153524" visible="true" version="1" changeset="8172859" timestamp="2011-05-17T15:31:05Z" user="Yorx" uid="101422" lat="18.0008336" lon="-94.5558099"/>
 <node id="1289153528" visible="true" version="1" changeset="8172859" timestamp="2011-05-17T15:31:05Z" user="Yorx" uid="101422" lat="18.0049634" lon="-94.5500985"/>
 <node id="1289153539" visible="true" version="2" changeset="69019357" timestamp="2019-04-08T18:57:49Z" user="Gamadarkness" uid="9497207" lat="18.0024757" lon="-94.5524753"/>
 <node id="1289153544" visible="true" version="1" changeset="8172859" timestamp="2011-05-17T15:31:07Z" user="Yorx" uid="101422" lat="17.9987902" lon="-94.5571600"/>
 <node id="1289153547" visible="true" version="1" changeset="8172859" timestamp="2011-05-17T15:31:07Z" user="Yorx" uid="101422" lat="18.0058605" lon="-94.5532152"/>
 <node id="1289153554" visible="true" version="1" changeset="8172859" timestamp="2011-05-17T15:31:07Z" user="Yorx" uid="101422" lat="18.0019616" lon="-94.5565351"/>
 <node id="1289153565" visible="true" version="1" changeset="8172859" timestamp="2011-05-17T15:31:08Z" user="Yorx" uid="101422" lat="18.0062580" lon="-94.5514366"/>
 <node id="1289153568" visible="true" version="1" changeset="8172859" timestamp="2011-05-17T15:31:08Z" user="Yorx" uid="101422" lat="18.0035234" lon="-94.5554238"/>
 <node id="1289153569" visible="true" version="2" changeset="147432533" timestamp="2024-02-14T02:28:59Z" user="Ferrocarriles de México" uid="19456985" lat="18.0025268" lon="-94.5575001"/>
 <node id="1289153574" visible="true" version="1" changeset="8172859" timestamp="2011-05-17T15:31:09Z" user="Yorx" uid="101422" lat="18.0065407" lon="-94.5535638"/>
 <node id="1289153580" visible="true" version="2" changeset="69019357" timestamp="2019-04-08T18:57:50Z" user="Gamadarkness" uid="9497207" lat="18.0007779" lon="-94.5558518"/>
 <node id="1289153593" visible="true" version="1" changeset="8172859" timestamp="2011-05-17T15:31:10Z" user="Yorx" uid="101422" lat="17.9992893" lon="-94.5568302"/>
 <node id="1289153603" visible="true" version="1" changeset="8172859" timestamp="2011-05-17T15:31:11Z" user="Yorx" uid="101422" lat="18.0055258" lon="-94.5525748"/>
 <node id="1289153614" visible="true" version="1" changeset="8172859" timestamp="2011-05-17T15:31:11Z" user="Yorx" uid="101422" lat="18.0066178" lon="-94.5525270"/>
 <node id="1289153622" visible="true" version="1" changeset="8172859" timestamp="2011-05-17T15:31:12Z" user="Yorx" uid="101422" lat="18.0052467" lon="-94.5507210"/>
 <node id="1289153625" visible="true" version="1" changeset="8172859" timestamp="2011-05-17T15:31:12Z" user="Yorx" uid="101422" lat="18.0039279" lon="-94.5560649"/>
 <node id="1289153627" visible="true" version="2" changeset="34571880" timestamp="2015-10-11T15:38:29Z" user="The Black Lord Rayden" uid="395925" lat="18.0010096" lon="-94.5549850"/>
 <node id="1289153658" visible="true" version="2" changeset="69019357" timestamp="2019-04-08T18:57:50Z" user="Gamadarkness" uid="9497207" lat="18.0012623" lon="-94.5569621"/>
 <node id="1289153686" visible="true" version="5" changeset="139105870" timestamp="2023-07-27T20:17:13Z" user="म्यापर" uid="17365610" lat="18.0119096" lon="-94.5483967"/>
 <node id="1289153693" visible="true" version="2" changeset="95399064" timestamp="2020-12-07T06:46:58Z" user="BanjaraHills" uid="10811160" lat="17.9977980" lon="-94.5578778"/>
 <node id="1289153694" visible="true" version="2" changeset="97071233" timestamp="2021-01-06T20:57:33Z" user="127logs" uid="9633823" lat="18.0046978" lon="-94.5510580"/>
 <node id="1289153708" visible="true" version="1" changeset="8172859" timestamp="2011-05-17T15:31:18Z" user="Yorx" uid="101422" lat="18.0042018" lon="-94.5521138"/>
 <node id="1289153715" visible="true" version="3" changeset="97071705" timestamp="2021-01-06T21:11:23Z" user="127logs" uid="9633823" lat="18.0070167" lon="-94.5516341"/>
 <node id="1289153762" visible="true" version="2" changeset="34571880" timestamp="2015-10-11T15:38:29Z" user="The Black Lord Rayden" uid="395925" lat="18.0013364" lon="-94.5554691"/>
 <node id="1289153765" visible="true" version="1" changeset="8172859" timestamp="2011-05-17T15:31:21Z" user="Yorx" uid="101422" lat="18.0040780" lon="-94.5550291"/>
 <node id="1289153777" visible="true" version="1" changeset="8172859" timestamp="2011-05-17T15:31:21Z" user="Yorx" uid="101422" lat="18.0044844" lon="-94.5545074"/>
 <node id="1289153790" visible="true" version="1" changeset="8172859" timestamp="2011-05-17T15:31:21Z" user="Yorx" uid="101422" lat="18.0048786" lon="-94.5551548"/>
 <node id="1289153826" visible="true" version="1" changeset="8172859" timestamp="2011-05-17T15:31:22Z" user="Yorx" uid="101422" lat="18.0044153" lon="-94.5504492"/>
 <node id="1289153857" visible="true" version="1" changeset="8172859" timestamp="2011-05-17T15:31:23Z" user="Yorx" uid="101422" lat="18.0047468" lon="-94.5531080"/>
 <node id="1289153918" visible="true" version="1" changeset="8172859" timestamp="2011-05-17T15:31:25Z" user="Yorx" uid="101422" lat="18.0057173" lon="-94.5517548"/>
 <node id="1289153922" visible="true" version="2" changeset="69019357" timestamp="2019-04-08T18:57:49Z" user="Gamadarkness" uid="9497207" lat="18.0021198" lon="-94.5519304"/>
 <node id="1289153942" visible="true" version="2" changeset="97071233" timestamp="2021-01-06T20:57:33Z" user="127logs" uid="9633823" lat="18.0068569" lon="-94.5510824"/>
 <node id="1289154022" visible="true" version="1" changeset="8172859" timestamp="2011-05-17T15:31:28Z" user="Yorx" uid="101422" lat="18.0036600" lon="-94.5531539"/>
 <node id="1289154042" visible="true" version="2" changeset="95464816" timestamp="2020-12-08T06:59:57Z" user="BanjaraHills" uid="10811160" lat="18.0038860" lon="-94.5515367"/>
 <node id="1289154050" visible="true" version="1" changeset="8172859" timestamp="2011-05-17T15:31:29Z" user="Yorx" uid="101422" lat="18.0044292" lon="-94.5555851"/>
 <node id="1289154053" visible="true" version="1" changeset="8172859" timestamp="2011-05-17T15:31:29Z" user="Yorx" uid="101422" lat="18.0046794" lon="-94.5494745"/>
 <node id="1289154074" visible="true" version="1" changeset="8172859" timestamp="2011-05-17T15:31:30Z" user="Yorx" uid="101422" lat="18.0052500" lon="-94.5520469"/>
 <node id="1289154091" visible="true" version="1" changeset="8172859" timestamp="2011-05-17T15:31:32Z" user="Yorx" uid="101422" lat="18.0055281" lon="-94.5545331"/>
 <node id="1289154095" visible="true" version="1" changeset="8172859" timestamp="2011-05-17T15:31:32Z" user="Yorx" uid="101422" lat="18.0016083" lon="-94.5545823"/>
 <node id="1289154119" visible="true" version="2" changeset="95399064" timestamp="2020-12-07T06:46:58Z" user="BanjaraHills" uid="10811160" lat="17.9972159" lon="-94.5582821"/>
 <node id="1289154129" visible="true" version="1" changeset="8172859" timestamp="2011-05-17T15:31:35Z" user="Yorx" uid="101422" lat="18.0031278" lon="-94.5535244"/>
 <node id="1289154143" visible="true" version="2" changeset="69019357" timestamp="2019-04-08T18:57:50Z" user="Gamadarkness" uid="9497207" lat="18.0014087" lon="-94.5568605"/>
 <node id="1289154144" visible="true" version="2" changeset="34571880" timestamp="2015-10-11T15:38:29Z" user="The Black Lord Rayden" uid="395925" lat="18.0015296" lon="-94.5546396"/>
 <node id="1289154155" visible="true" version="1" changeset="8172859" timestamp="2011-05-17T15:31:37Z" user="Yorx" uid="101422" lat="18.0062086" lon="-94.5538816"/>
 <node id="1289154171" visible="true" version="3" changeset="139105870" timestamp="2023-07-27T20:17:13Z" user="म्यापर" uid="17365610" lat="18.0034756" lon="-94.5564698"/>
 <node id="1289154176" visible="true" version="1" changeset="8172859" timestamp="2011-05-17T15:31:37Z" user="Yorx" uid="101422" lat="18.0039621" lon="-94.5536498"/>
 <node id="1289154197" visible="true" version="1" changeset="8172859" timestamp="2011-05-17T15:31:39Z" user="Yorx" uid="101422" lat="18.0051610" lon="-94.5538636"/>
 <node id="1289154222" visible="true" version="1" changeset="8172859" timestamp="2011-05-17T15:31:40Z" user="Yorx" uid="101422" lat="17.9999317" lon="-94.5564057"/>
 <node id="1289154229" visible="true" version="1" changeset="8172859" timestamp="2011-05-17T15:31:41Z" user="Yorx" uid="101422" lat="18.0023567" lon="-94.5547583"/>
 <node id="1289154232" visible="true" version="1" changeset="8172859" timestamp="2011-05-17T15:31:41Z" user="Yorx" uid="101422" lat="18.0020479" lon="-94.5542763"/>
 <node id="1289154253" visible="true" version="1" changeset="8172859" timestamp="2011-05-17T15:31:42Z" user="Yorx" uid="101422" lat="18.0071191" lon="-94.5521524"/>
 <node id="1289154285" visible="true" version="1" changeset="8172859" timestamp="2011-05-17T15:31:44Z" user="Yorx" uid="101422" lat="18.0034363" lon="-94.5540129"/>
 <node id="1326556423" visible="true" version="1" changeset="8448148" timestamp="2011-06-15T15:30:40Z" user="Yorx" uid="101422" lat="18.0034908" lon="-94.5579828"/>
 <node id="1326556475" visible="true" version="1" changeset="8448148" timestamp="2011-06-15T15:30:41Z" user="Yorx" uid="101422" lat="18.0040431" lon="-94.5561625"/>
 <node id="1326556489" visible="true" version="1" changeset="8448148" timestamp="2011-06-15T15:30:42Z" user="Yorx" uid="101422" lat="18.0042796" lon="-94.5571221"/>
 <node id="1326556493" visible="true" version="1" changeset="8448148" timestamp="2011-06-15T15:30:42Z" user="Yorx" uid="101422" lat="18.0044849" lon="-94.5568991"/>
 <node id="1326556495" visible="true" version="1" changeset="8448148" timestamp="2011-06-15T15:30:42Z" user="Yorx" uid="101422" lat="18.0045333" lon="-94.5556919"/>
 <node id="1326556504" visible="true" version="1" changeset="8448148" timestamp="2011-06-15T15:30:42Z" user="Yorx" uid="101422" lat="18.0049397" lon="-94.5564052"/>
 <node id="1326556506" visible="true" version="1" changeset="8448148" timestamp="2011-06-15T15:30:42Z" user="Yorx" uid="101422" lat="18.0049504" lon="-94.5583444"/>
 <node id="1326556532" visible="true" version="1" changeset="8448148" timestamp="2011-06-15T15:30:43Z" user="Yorx" uid="101422" lat="18.0054433" lon="-94.5592428"/>
 <node id="1326556540" visible="true" version="1" changeset="8448148" timestamp="2011-06-15T15:30:43Z" user="Yorx" uid="101422" lat="18.0056751" lon="-94.5576961"/>
 <node id="1326556546" visible="true" version="1" changeset="8448148" timestamp="2011-06-15T15:30:43Z" user="Yorx" uid="101422" lat="18.0059411" lon="-94.5543401"/>
 <node id="1326556547" visible="true" version="1" changeset="8448148" timestamp="2011-06-15T15:30:43Z" user="Yorx" uid="101422" lat="18.0059441" lon="-94.5601553"/>
 <node id="1326556550" visible="true" version="1" changeset="8448148" timestamp="2011-06-15T15:30:43Z" user="Yorx" uid="101422" lat="18.0061723" lon="-94.5585687"/>
 <node id="1326556552" visible="true" version="2" changeset="95399064" timestamp="2020-12-07T06:46:58Z" user="BanjaraHills" uid="10811160" lat="18.0064744" lon="-94.5609989"/>
 <node id="1326556555" visible="true" version="2" changeset="95420188" timestamp="2020-12-07T12:05:12Z" user="BanjaraHills" uid="10811160" lat="18.0066811" lon="-94.5594246"/>
 <node id="1326556563" visible="true" version="1" changeset="8448148" timestamp="2011-06-15T15:30:44Z" user="Yorx" uid="101422" lat="18.0071919" lon="-94.5603585"/>
 <node id="1326556585" visible="true" version="2" changeset="95417856" timestamp="2020-12-07T11:29:31Z" user="BanjaraHills" uid="10811160" lat="18.0075595" lon="-94.5527861"/>
 <node id="1326556594" visible="true" version="2" changeset="97124843" timestamp="2021-01-07T18:08:37Z" user="127logs" uid="9633823" lat="18.0077223" lon="-94.5612627"/>
 <node id="1326556595" visible="true" version="2" changeset="97070097" timestamp="2021-01-06T20:22:38Z" user="127logs" uid="9633823" lat="18.0078783" lon="-94.5541064"/>
 <node id="1326556605" visible="true" version="1" changeset="8448148" timestamp="2011-06-15T15:30:46Z" user="Yorx" uid="101422" lat="18.0081031" lon="-94.5522643"/>
 <node id="1326556606" visible="true" version="2" changeset="97070320" timestamp="2021-01-06T20:29:13Z" user="127logs" uid="9633823" lat="18.0081488" lon="-94.5551142"/>
 <node id="1326556622" visible="true" version="1" changeset="8448148" timestamp="2011-06-15T15:30:47Z" user="Yorx" uid="101422" lat="18.0084355" lon="-94.5548268"/>
 <node id="1326556635" visible="true" version="1" changeset="8448148" timestamp="2011-06-15T15:30:48Z" user="Yorx" uid="101422" lat="18.0088427" lon="-94.5595939"/>
 <node id="1326556640" visible="true" version="2" changeset="95417856" timestamp="2020-12-07T11:29:31Z" user="BanjaraHills" uid="10811160" lat="18.0089198" lon="-94.5543646"/>
 <node id="1326556653" visible="true" version="2" changeset="97070320" timestamp="2021-01-06T20:29:13Z" user="127logs" uid="9633823" lat="18.0093035" lon="-94.5558064"/>
 <node id="1326556654" visible="true" version="3" changeset="139105870" timestamp="2023-07-27T20:17:13Z" user="म्यापर" uid="17365610" lat="18.0093542" lon="-94.5508294"/>
 <node id="1326556667" visible="true" version="2" changeset="95417856" timestamp="2020-12-07T11:29:31Z" user="BanjaraHills" uid="10811160" lat="18.0097959" lon="-94.5553709"/>
 <node id="1326556676" visible="true" version="1" changeset="8448148" timestamp="2011-06-15T15:30:52Z" user="Yorx" uid="101422" lat="18.0100818" lon="-94.5567008"/>
 <node id="1326556701" visible="true" version="2" changeset="95417856" timestamp="2020-12-07T11:29:31Z" user="BanjaraHills" uid="10811160" lat="18.0105507" lon="-94.5562639"/>
 <node id="1326556709" visible="true" version="2" changeset="139105870" timestamp="2023-07-27T20:17:13Z" user="म्यापर" uid="17365610" lat="18.0106480" lon="-94.5495977"/>
 <node id="1326556725" visible="true" version="2" changeset="95420188" timestamp="2020-12-07T12:05:12Z" user="BanjaraHills" uid="10811160" lat="18.0109498" lon="-94.5576887"/>
 <node id="1326556773" visible="true" version="3" changeset="95420188" timestamp="2020-12-07T12:05:12Z" user="BanjaraHills" uid="10811160" lat="18.0114226" lon="-94.5572545"/>
 <node id="1326556792" visible="true" version="3" changeset="95416378" timestamp="2020-12-07T11:08:44Z" user="BanjaraHills" uid="10811160" lat="18.0117506" lon="-94.5585971"/>
 <node id="1326556844" visible="true" version="4" changeset="95417856" timestamp="2020-12-07T11:29:31Z" user="BanjaraHills" uid="10811160" lat="18.0122080" lon="-94.5581731"/>
 <node id="1326556865" visible="true" version="1" changeset="8448148" timestamp="2011-06-15T15:30:59Z" user="Yorx" uid="101422" lat="18.0126502" lon="-94.5596247"/>
 <node id="1326556902" visible="true" version="2" changeset="95417856" timestamp="2020-12-07T11:29:31Z" user="BanjaraHills" uid="10811160" lat="18.0130256" lon="-94.5591025"/>
 <node id="1326556931" visible="true" version="1" changeset="8448148" timestamp="2011-06-15T15:31:01Z" user="Yorx" uid="101422" lat="18.0136095" lon="-94.5607168"/>
 <node id="1326556939" visible="true" version="3" changeset="97001860" timestamp="2021-01-05T19:32:19Z" user="127logs" uid="9633823" lat="18.0137262" lon="-94.5598618"/>
 <node id="3781235056" visible="true" version="2" changeset="67813969" timestamp="2019-03-05T17:18:08Z" user="Gamadarkness" uid="9497207" lat="18.0121100" lon="-94.5482127"/>
 <node id="3782161893" visible="true" version="1" changeset="34571880" timestamp="2015-10-11T15:38:28Z" user="The Black Lord Rayden" uid="395925" lat="18.0018278" lon="-94.5551235"/>
 <node id="3782161894" visible="true" version="1" changeset="34571880" timestamp="2015-10-11T15:38:28Z" user="The Black Lord Rayden" uid="395925" lat="18.0025256" lon="-94.5561338"/>
 <node id="3782161895" visible="true" version="3" changeset="139105870" timestamp="2023-07-27T20:17:13Z" user="म्यापर" uid="17365610" lat="18.0030013" lon="-94.5569226"/>
 <node id="3962824640" visible="true" version="1" changeset="36769457" timestamp="2016-01-24T04:00:07Z" user="mikertw" uid="733941" lat="18.0045123" lon="-94.5558142">
  <tag k="amenity" v="restaurant"/>
  <tag k="name" v="Taqueria"/>
 </node>
 <node id="3962824644" visible="true" version="1" changeset="36769457" timestamp="2016-01-24T04:00:07Z" user="mikertw" uid="733941" lat="18.0063230" lon="-94.5543758">
  <tag k="name" v="Posada Jardin"/>
  <tag k="tourism" v="hotel"/>
 </node>
 <node id="3962824650" visible="true" version="3" changeset="130706045" timestamp="2022-12-30T23:48:01Z" user="Moisés Torres" uid="18134887" lat="18.0043607" lon="-94.5553377">
  <tag k="brand" v="Oxxo"/>
  <tag k="brand:wikidata" v="Q1342538"/>
  <tag k="name" v="Oxxo"/>
  <tag k="shop" v="convenience"/>
 </node>
 <node id="4050466039" visible="true" version="2" changeset="50470446" timestamp="2017-07-21T21:57:02Z" user="BTH" uid="481447" lat="17.9899165" lon="-94.5870167"/>
 <node id="4050466278" visible="true" version="2" changeset="50470446" timestamp="2017-07-21T21:57:02Z" user="BTH" uid="481447" lat="17.9886292" lon="-94.5815057"/>
 <node id="4050466284" visible="true" version="2" changeset="50470446" timestamp="2017-07-21T21:57:01Z" user="BTH" uid="481447" lat="17.9886753" lon="-94.5820456"/>
 <node id="4050466286" visible="true" version="3" changeset="50470446" timestamp="2017-07-21T21:57:01Z" user="BTH" uid="481447" lat="17.9887164" lon="-94.5825991"/>
 <node id="4050466296" visible="true" version="2" changeset="50470446" timestamp="2017-07-21T21:57:02Z" user="BTH" uid="481447" lat="17.9887896" lon="-94.5829696"/>
 <node id="4050466323" visible="true" version="2" changeset="50470446" timestamp="2017-07-21T21:57:02Z" user="BTH" uid="481447" lat="17.9889191" lon="-94.5841127"/>
 <node id="4050466333" visible="true" version="1" changeset="37708246" timestamp="2016-03-09T13:38:25Z" user="mexico_boundaries_import" uid="3295563" lat="17.9890429" lon="-94.5849319"/>
 <node id="4050466347" visible="true" version="2" changeset="50470446" timestamp="2017-07-21T21:57:02Z" user="BTH" uid="481447" lat="17.9891499" lon="-94.5857821"/>
 <node id="4050466357" visible="true" version="2" changeset="50470446" timestamp="2017-07-21T21:57:02Z" user="BTH" uid="481447" lat="17.9891864" lon="-94.5860466"/>
 <node id="4050466367" visible="true" version="2" changeset="50470446" timestamp="2017-07-21T21:57:02Z" user="BTH" uid="481447" lat="17.9892414" lon="-94.5864573"/>
 <node id="4050466374" visible="true" version="2" changeset="50470446" timestamp="2017-07-21T21:57:02Z" user="BTH" uid="481447" lat="17.9893005" lon="-94.5870708"/>
 <node id="4050466540" visible="true" version="2" changeset="50470446" timestamp="2017-07-21T21:57:02Z" user="BTH" uid="481447" lat="17.9900195" lon="-94.5870111"/>
 <node id="4050466756" visible="true" version="1" changeset="37708246" timestamp="2016-03-09T13:38:34Z" user="mexico_boundaries_import" uid="3295563" lat="17.9920560" lon="-94.5867769"/>
 <node id="4050466826" visible="true" version="2" changeset="50470446" timestamp="2017-07-21T21:57:02Z" user="BTH" uid="481447" lat="17.9927557" lon="-94.5866647"/>
 <node id="4050467008" visible="true" version="2" changeset="50470446" timestamp="2017-07-21T21:57:02Z" user="BTH" uid="481447" lat="17.9933663" lon="-94.5866077"/>
 <node id="4050467068" visible="true" version="2" changeset="50470446" timestamp="2017-07-21T21:57:02Z" user="BTH" uid="481447" lat="17.9939006" lon="-94.5865505"/>
 <node id="4050467182" visible="true" version="1" changeset="37708246" timestamp="2016-03-09T13:38:57Z" user="mexico_boundaries_import" uid="3295563" lat="18.0018381" lon="-94.5582019"/>
 <node id="4050467187" visible="true" version="1" changeset="37708246" timestamp="2016-03-09T13:38:57Z" user="mexico_boundaries_import" uid="3295563" lat="18.0018727" lon="-94.5581687"/>
 <node id="4050467409" visible="true" version="2" changeset="50470446" timestamp="2017-07-21T21:57:02Z" user="BTH" uid="481447" lat="17.9949374" lon="-94.5864739"/>
 <node id="4050467535" visible="true" version="2" changeset="50470446" timestamp="2017-07-21T21:57:02Z" user="BTH" uid="481447" lat="17.9958613" lon="-94.5863669"/>
 <node id="4050467577" visible="true" version="2" changeset="50470446" timestamp="2017-07-21T21:57:02Z" user="BTH" uid="481447" lat="17.9961945" lon="-94.5863323"/>
 <node id="4050467673" visible="true" version="2" changeset="50470446" timestamp="2017-07-21T21:57:02Z" user="BTH" uid="481447" lat="17.9967499" lon="-94.5861418"/>
 <node id="4050467682" visible="true" version="2" changeset="50470446" timestamp="2017-07-21T21:57:02Z" user="BTH" uid="481447" lat="17.9968233" lon="-94.5862669"/>
 <node id="4050467706" visible="true" version="1" changeset="37708246" timestamp="2016-03-09T13:38:47Z" user="mexico_boundaries_import" uid="3295563" lat="17.9969000" lon="-94.5861276"/>
 <node id="4050467736" visible="true" version="1" changeset="37708246" timestamp="2016-03-09T13:38:48Z" user="mexico_boundaries_import" uid="3295563" lat="17.9970941" lon="-94.5861030"/>
 <node id="4050467767" visible="true" version="1" changeset="37708246" timestamp="2016-03-09T13:38:49Z" user="mexico_boundaries_import" uid="3295563" lat="17.9973584" lon="-94.5860733"/>
 <node id="4050467859" visible="true" version="1" changeset="37708246" timestamp="2016-03-09T13:38:50Z" user="mexico_boundaries_import" uid="3295563" lat="17.9979974" lon="-94.5860014"/>
 <node id="4050467949" visible="true" version="1" changeset="37708246" timestamp="2016-03-09T13:38:52Z" user="mexico_boundaries_import" uid="3295563" lat="17.9986603" lon="-94.5859267"/>
 <node id="4050468138" visible="true" version="1" changeset="37708246" timestamp="2016-03-09T13:38:53Z" user="mexico_boundaries_import" uid="3295563" lat="17.9993233" lon="-94.5858521"/>
 <node id="4050468226" visible="true" version="1" changeset="37708246" timestamp="2016-03-09T13:38:55Z" user="mexico_boundaries_import" uid="3295563" lat="17.9999902" lon="-94.5857771"/>
 <node id="4050468285" visible="true" version="1" changeset="37708246" timestamp="2016-03-09T13:38:56Z" user="mexico_boundaries_import" uid="3295563" lat="18.0005938" lon="-94.5857091"/>
 <node id="4050468329" visible="true" version="1" changeset="37708246" timestamp="2016-03-09T13:38:56Z" user="mexico_boundaries_import" uid="3295563" lat="18.0012188" lon="-94.5856388"/>
 <node id="4050468390" visible="true" version="1" changeset="37708246" timestamp="2016-03-09T13:38:57Z" user="mexico_boundaries_import" uid="3295563" lat="18.0018935" lon="-94.5855629"/>
 <node id="4050468399" visible="true" version="1" changeset="37708246" timestamp="2016-03-09T13:38:58Z" user="mexico_boundaries_import" uid="3295563" lat="18.0019367" lon="-94.5581072"/>
 <node id="4050468402" visible="true" version="1" changeset="37708246" timestamp="2016-03-09T13:38:58Z" user="mexico_boundaries_import" uid="3295563" lat="18.0019950" lon="-94.5583847"/>
 <node id="4050468408" visible="true" version="1" changeset="37708246" timestamp="2016-03-09T13:38:58Z" user="mexico_boundaries_import" uid="3295563" lat="18.0021577" lon="-94.5578952"/>
 <node id="4050468413" visible="true" version="1" changeset="37708246" timestamp="2016-03-09T13:38:58Z" user="mexico_boundaries_import" uid="3295563" lat="18.0021911" lon="-94.5586631"/>
 <node id="4050468423" visible="true" version="1" changeset="37708246" timestamp="2016-03-09T13:38:58Z" user="mexico_boundaries_import" uid="3295563" lat="18.0022679" lon="-94.5588019"/>
 <node id="4050468429" visible="true" version="1" changeset="37708246" timestamp="2016-03-09T13:38:58Z" user="mexico_boundaries_import" uid="3295563" lat="18.0024347" lon="-94.5854637"/>
 <node id="4050468432" visible="true" version="1" changeset="37708246" timestamp="2016-03-09T13:38:58Z" user="mexico_boundaries_import" uid="3295563" lat="18.0024499" lon="-94.5591524"/>
 <node id="4050468439" visible="true" version="1" changeset="37708246" timestamp="2016-03-09T13:38:58Z" user="mexico_boundaries_import" uid="3295563" lat="18.0025316" lon="-94.5593616"/>
 <node id="4050468448" visible="true" version="1" changeset="37708246" timestamp="2016-03-09T13:38:59Z" user="mexico_boundaries_import" uid="3295563" lat="18.0026161" lon="-94.5574555"/>
 <node id="4050468451" visible="true" version="1" changeset="37708246" timestamp="2016-03-09T13:38:59Z" user="mexico_boundaries_import" uid="3295563" lat="18.0026585" lon="-94.5597630"/>
 <node id="4050468462" visible="true" version="1" changeset="37708246" timestamp="2016-03-09T13:38:59Z" user="mexico_boundaries_import" uid="3295563" lat="18.0027593" lon="-94.5602470"/>
 <node id="4050468468" visible="true" version="1" changeset="37708246" timestamp="2016-03-09T13:38:59Z" user="mexico_boundaries_import" uid="3295563" lat="18.0028341" lon="-94.5606316"/>
 <node id="4050468473" visible="true" version="1" changeset="37708246" timestamp="2016-03-09T13:38:59Z" user="mexico_boundaries_import" uid="3295563" lat="18.0028720" lon="-94.5609419"/>
 <node id="4050468482" visible="true" version="1" changeset="37708246" timestamp="2016-03-09T13:38:59Z" user="mexico_boundaries_import" uid="3295563" lat="18.0029469" lon="-94.5615277"/>
 <node id="4050468494" visible="true" version="1" changeset="37708246" timestamp="2016-03-09T13:38:59Z" user="mexico_boundaries_import" uid="3295563" lat="18.0030313" lon="-94.5624201"/>
 <node id="4050468497" visible="true" version="1" changeset="37708246" timestamp="2016-03-09T13:38:59Z" user="mexico_boundaries_import" uid="3295563" lat="18.0030718" lon="-94.5569744"/>
 <node id="4050468500" visible="true" version="1" changeset="37708246" timestamp="2016-03-09T13:39:00Z" user="mexico_boundaries_import" uid="3295563" lat="18.0030933" lon="-94.5629791"/>
 <node id="4050468503" visible="true" version="1" changeset="37708246" timestamp="2016-03-09T13:39:00Z" user="mexico_boundaries_import" uid="3295563" lat="18.0031262" lon="-94.5853580"/>
 <node id="4050468514" visible="true" version="1" changeset="37708246" timestamp="2016-03-09T13:39:00Z" user="mexico_boundaries_import" uid="3295563" lat="18.0032042" lon="-94.5637754"/>
 <node id="4050468526" visible="true" version="1" changeset="37708246" timestamp="2016-03-09T13:39:00Z" user="mexico_boundaries_import" uid="3295563" lat="18.0032997" lon="-94.5644330"/>
 <node id="4050468537" visible="true" version="1" changeset="37708246" timestamp="2016-03-09T13:39:00Z" user="mexico_boundaries_import" uid="3295563" lat="18.0034321" lon="-94.5650640"/>
 <node id="4050468547" visible="true" version="1" changeset="37708246" timestamp="2016-03-09T13:39:00Z" user="mexico_boundaries_import" uid="3295563" lat="18.0035223" lon="-94.5565408"/>
 <node id="4050468556" visible="true" version="1" changeset="37708246" timestamp="2016-03-09T13:39:00Z" user="mexico_boundaries_import" uid="3295563" lat="18.0036110" lon="-94.5656672"/>
 <node id="4050468561" visible="true" version="1" changeset="37708246" timestamp="2016-03-09T13:39:01Z" user="mexico_boundaries_import" uid="3295563" lat="18.0037764" lon="-94.5852585"/>
 <node id="4050468566" visible="true" version="1" changeset="37708246" timestamp="2016-03-09T13:39:01Z" user="mexico_boundaries_import" uid="3295563" lat="18.0038047" lon="-94.5660777"/>
 <node id="4050468572" visible="true" version="1" changeset="37708246" timestamp="2016-03-09T13:39:01Z" user="mexico_boundaries_import" uid="3295563" lat="18.0038401" lon="-94.5852488"/>
 <node id="4050468582" visible="true" version="1" changeset="37708246" timestamp="2016-03-09T13:39:01Z" user="mexico_boundaries_import" uid="3295563" lat="18.0039902" lon="-94.5561001"/>
 <node id="4050468583" visible="true" version="1" changeset="37708246" timestamp="2016-03-09T13:39:01Z" user="mexico_boundaries_import" uid="3295563" lat="18.0039926" lon="-94.5664060"/>
 <node id="4050468625" visible="true" version="1" changeset="37708246" timestamp="2016-03-09T13:39:02Z" user="mexico_boundaries_import" uid="3295563" lat="18.0044193" lon="-94.5670395"/>
 <node id="4050468628" visible="true" version="1" changeset="37708246" timestamp="2016-03-09T13:39:02Z" user="mexico_boundaries_import" uid="3295563" lat="18.0044399" lon="-94.5851584"/>
 <node id="4050468635" visible="true" version="1" changeset="37708246" timestamp="2016-03-09T13:39:02Z" user="mexico_boundaries_import" uid="3295563" lat="18.0044810" lon="-94.5556362"/>
 <node id="4050468673" visible="true" version="1" changeset="37708246" timestamp="2016-03-09T13:39:03Z" user="mexico_boundaries_import" uid="3295563" lat="18.0047717" lon="-94.5674661"/>
 <node id="4050468674" visible="true" version="1" changeset="37708246" timestamp="2016-03-09T13:39:03Z" user="mexico_boundaries_import" uid="3295563" lat="18.0047804" lon="-94.5674766"/>
 <node id="4050468690" visible="true" version="1" changeset="37708246" timestamp="2016-03-09T13:39:03Z" user="mexico_boundaries_import" uid="3295563" lat="18.0049032" lon="-94.5551067"/>
 <node id="4050468722" visible="true" version="1" changeset="37708246" timestamp="2016-03-09T13:39:03Z" user="mexico_boundaries_import" uid="3295563" lat="18.0050894" lon="-94.5850606"/>
 <node id="4050468738" visible="true" version="1" changeset="37708246" timestamp="2016-03-09T13:39:04Z" user="mexico_boundaries_import" uid="3295563" lat="18.0052021" lon="-94.5680167"/>
 <node id="4050468792" visible="true" version="1" changeset="37708246" timestamp="2016-03-09T13:39:05Z" user="mexico_boundaries_import" uid="3295563" lat="18.0055581" lon="-94.5544762"/>
 <node id="4050468805" visible="true" version="1" changeset="37708246" timestamp="2016-03-09T13:39:05Z" user="mexico_boundaries_import" uid="3295563" lat="18.0056615" lon="-94.5685818"/>
 <node id="4050468814" visible="true" version="1" changeset="37708246" timestamp="2016-03-09T13:39:05Z" user="mexico_boundaries_import" uid="3295563" lat="18.0057404" lon="-94.5849625"/>
 <node id="4050468826" visible="true" version="1" changeset="37708246" timestamp="2016-03-09T13:39:05Z" user="mexico_boundaries_import" uid="3295563" lat="18.0058785" lon="-94.5541736"/>
 <node id="4050468835" visible="true" version="1" changeset="37708246" timestamp="2016-03-09T13:39:05Z" user="mexico_boundaries_import" uid="3295563" lat="18.0059710" lon="-94.5689570"/>
 <node id="4050468846" visible="true" version="1" changeset="37708246" timestamp="2016-03-09T13:39:05Z" user="mexico_boundaries_import" uid="3295563" lat="18.0060656" lon="-94.5459391"/>
 <node id="4050468863" visible="true" version="1" changeset="37708246" timestamp="2016-03-09T13:39:06Z" user="mexico_boundaries_import" uid="3295563" lat="18.0061335" lon="-94.5464040"/>
 <node id="4050468865" visible="true" version="1" changeset="37708246" timestamp="2016-03-09T13:39:06Z" user="mexico_boundaries_import" uid="3295563" lat="18.0061386" lon="-94.5461969"/>
 <node id="4050468867" visible="true" version="1" changeset="37708246" timestamp="2016-03-09T13:39:06Z" user="mexico_boundaries_import" uid="3295563" lat="18.0061421" lon="-94.5465204"/>
 <node id="4050468869" visible="true" version="1" changeset="37708246" timestamp="2016-03-09T13:39:06Z" user="mexico_boundaries_import" uid="3295563" lat="18.0061544" lon="-94.5458262"/>
 <node id="4050468870" visible="true" version="1" changeset="37708246" timestamp="2016-03-09T13:39:06Z" user="mexico_boundaries_import" uid="3295563" lat="18.0061552" lon="-94.5463444"/>
 <node id="4050468872" visible="true" version="1" changeset="37708246" timestamp="2016-03-09T13:39:06Z" user="mexico_boundaries_import" uid="3295563" lat="18.0061607" lon="-94.5465867"/>
 <node id="4050468873" visible="true" version="1" changeset="37708246" timestamp="2016-03-09T13:39:06Z" user="mexico_boundaries_import" uid="3295563" lat="18.0061823" lon="-94.5467155"/>
 <node id="4050468875" visible="true" version="1" changeset="37708246" timestamp="2016-03-09T13:39:06Z" user="mexico_boundaries_import" uid="3295563" lat="18.0061889" lon="-94.5468348"/>
 <node id="4050468877" visible="true" version="1" changeset="37708246" timestamp="2016-03-09T13:39:06Z" user="mexico_boundaries_import" uid="3295563" lat="18.0062088" lon="-94.5473690"/>
 <node id="4050468879" visible="true" version="1" changeset="37708246" timestamp="2016-03-09T13:39:06Z" user="mexico_boundaries_import" uid="3295563" lat="18.0062139" lon="-94.5470278"/>
 <node id="4050468881" visible="true" version="1" changeset="37708246" timestamp="2016-03-09T13:39:06Z" user="mexico_boundaries_import" uid="3295563" lat="18.0062174" lon="-94.5471205"/>
 <node id="4050468882" visible="true" version="1" changeset="37708246" timestamp="2016-03-09T13:39:06Z" user="mexico_boundaries_import" uid="3295563" lat="18.0062190" lon="-94.5538521"/>
 <node id="4050468883" visible="true" version="1" changeset="37708246" timestamp="2016-03-09T13:39:06Z" user="mexico_boundaries_import" uid="3295563" lat="18.0062202" lon="-94.5471956"/>
 <node id="4050468885" visible="true" version="1" changeset="37708246" timestamp="2016-03-09T13:39:06Z" user="mexico_boundaries_import" uid="3295563" lat="18.0062326" lon="-94.5474737"/>
 <node id="4050468886" visible="true" version="1" changeset="37708246" timestamp="2016-03-09T13:39:06Z" user="mexico_boundaries_import" uid="3295563" lat="18.0062365" lon="-94.5475241"/>
 <node id="4050468888" visible="true" version="1" changeset="37708246" timestamp="2016-03-09T13:39:07Z" user="mexico_boundaries_import" uid="3295563" lat="18.0062506" lon="-94.5477105"/>
 <node id="4050468889" visible="true" version="1" changeset="37708246" timestamp="2016-03-09T13:39:07Z" user="mexico_boundaries_import" uid="3295563" lat="18.0062734" lon="-94.5457392"/>
 <node id="4050468891" visible="true" version="1" changeset="37708246" timestamp="2016-03-09T13:39:07Z" user="mexico_boundaries_import" uid="3295563" lat="18.0062868" lon="-94.5479273"/>
 <node id="4050468893" visible="true" version="1" changeset="37708246" timestamp="2016-03-09T13:39:07Z" user="mexico_boundaries_import" uid="3295563" lat="18.0063327" lon="-94.5480854"/>
 <node id="4050468901" visible="true" version="1" changeset="37708246" timestamp="2016-03-09T13:39:07Z" user="mexico_boundaries_import" uid="3295563" lat="18.0063733" lon="-94.5848671"/>
 <node id="4050468910" visible="true" version="1" changeset="37708246" timestamp="2016-03-09T13:39:07Z" user="mexico_boundaries_import" uid="3295563" lat="18.0064304" lon="-94.5486444"/>
 <node id="4050468912" visible="true" version="1" changeset="37708246" timestamp="2016-03-09T13:39:07Z" user="mexico_boundaries_import" uid="3295563" lat="18.0064405" lon="-94.5487023"/>
 <node id="4050468916" visible="true" version="1" changeset="37708246" timestamp="2016-03-09T13:39:07Z" user="mexico_boundaries_import" uid="3295563" lat="18.0064822" lon="-94.5489368"/>
 <node id="4050468919" visible="true" version="1" changeset="37708246" timestamp="2016-03-09T13:39:07Z" user="mexico_boundaries_import" uid="3295563" lat="18.0065028" lon="-94.5457412"/>
 <node id="4050468920" visible="true" version="1" changeset="37708246" timestamp="2016-03-09T13:39:07Z" user="mexico_boundaries_import" uid="3295563" lat="18.0065246" lon="-94.5535674"/>
 <node id="4050468922" visible="true" version="1" changeset="37708246" timestamp="2016-03-09T13:39:07Z" user="mexico_boundaries_import" uid="3295563" lat="18.0065302" lon="-94.5492067"/>
 <node id="4050468923" visible="true" version="1" changeset="37708246" timestamp="2016-03-09T13:39:07Z" user="mexico_boundaries_import" uid="3295563" lat="18.0065379" lon="-94.5492503"/>
 <node id="4050468929" visible="true" version="1" changeset="37708246" timestamp="2016-03-09T13:39:07Z" user="mexico_boundaries_import" uid="3295563" lat="18.0065623" lon="-94.5696475"/>
 <node id="4050468938" visible="true" version="1" changeset="37708246" timestamp="2016-03-09T13:39:07Z" user="mexico_boundaries_import" uid="3295563" lat="18.0066168" lon="-94.5848304"/>
 <node id="4050468940" visible="true" version="1" changeset="37708246" timestamp="2016-03-09T13:39:07Z" user="mexico_boundaries_import" uid="3295563" lat="18.0066383" lon="-94.5497826"/>
 <node id="4050468950" visible="true" version="1" changeset="37708246" timestamp="2016-03-09T13:39:08Z" user="mexico_boundaries_import" uid="3295563" lat="18.0067518" lon="-94.5502185"/>
 <node id="4050468968" visible="true" version="1" changeset="37708246" timestamp="2016-03-09T13:39:08Z" user="mexico_boundaries_import" uid="3295563" lat="18.0068491" lon="-94.5847845"/>
 <node id="4050468982" visible="true" version="1" changeset="37708246" timestamp="2016-03-09T13:39:08Z" user="mexico_boundaries_import" uid="3295563" lat="18.0069328" lon="-94.5510733"/>
 <node id="4050468988" visible="true" version="1" changeset="37708246" timestamp="2016-03-09T13:39:08Z" user="mexico_boundaries_import" uid="3295563" lat="18.0069660" lon="-94.5701347"/>
 <node id="4050468995" visible="true" version="1" changeset="37708246" timestamp="2016-03-09T13:39:08Z" user="mexico_boundaries_import" uid="3295563" lat="18.0070031" lon="-94.5458000"/>
 <node id="4050469000" visible="true" version="1" changeset="37708246" timestamp="2016-03-09T13:39:09Z" user="mexico_boundaries_import" uid="3295563" lat="18.0070591" lon="-94.5516404"/>
 <node id="4050469001" visible="true" version="1" changeset="37708246" timestamp="2016-03-09T13:39:09Z" user="mexico_boundaries_import" uid="3295563" lat="18.0070594" lon="-94.5847475"/>
 <node id="4050469007" visible="true" version="1" changeset="37708246" timestamp="2016-03-09T13:39:09Z" user="mexico_boundaries_import" uid="3295563" lat="18.0071518" lon="-94.5520869"/>
 <node id="4050469019" visible="true" version="1" changeset="37708246" timestamp="2016-03-09T13:39:09Z" user="mexico_boundaries_import" uid="3295563" lat="18.0072173" lon="-94.5847265"/>
 <node id="4050469024" visible="true" version="1" changeset="37708246" timestamp="2016-03-09T13:39:09Z" user="mexico_boundaries_import" uid="3295563" lat="18.0072542" lon="-94.5526242"/>
 <node id="4050469026" visible="true" version="1" changeset="37708246" timestamp="2016-03-09T13:39:09Z" user="mexico_boundaries_import" uid="3295563" lat="18.0072677" lon="-94.5526612"/>
 <node id="4050469033" visible="true" version="1" changeset="37708246" timestamp="2016-03-09T13:39:09Z" user="mexico_boundaries_import" uid="3295563" lat="18.0073151" lon="-94.5527915"/>
 <node id="4050469040" visible="true" version="1" changeset="37708246" timestamp="2016-03-09T13:39:09Z" user="mexico_boundaries_import" uid="3295563" lat="18.0074136" lon="-94.5706750"/>
 <node id="4050469047" visible="true" version="1" changeset="37708246" timestamp="2016-03-09T13:39:09Z" user="mexico_boundaries_import" uid="3295563" lat="18.0074697" lon="-94.5457310"/>
 <node id="4050469054" visible="true" version="1" changeset="37708246" timestamp="2016-03-09T13:39:09Z" user="mexico_boundaries_import" uid="3295563" lat="18.0075385" lon="-94.5846814"/>
 <node id="4050469079" visible="true" version="1" changeset="37708246" timestamp="2016-03-09T13:39:10Z" user="mexico_boundaries_import" uid="3295563" lat="18.0076922" lon="-94.5841746"/>
 <node id="4050469101" visible="true" version="1" changeset="37708246" timestamp="2016-03-09T13:39:10Z" user="mexico_boundaries_import" uid="3295563" lat="18.0079357" lon="-94.5712226"/>
 <node id="4050469117" visible="true" version="1" changeset="37708246" timestamp="2016-03-09T13:39:11Z" user="mexico_boundaries_import" uid="3295563" lat="18.0080969" lon="-94.5826694"/>
 <node id="4050469119" visible="true" version="1" changeset="37708246" timestamp="2016-03-09T13:39:11Z" user="mexico_boundaries_import" uid="3295563" lat="18.0081056" lon="-94.5826375"/>
 <node id="4050469131" visible="true" version="1" changeset="37708246" timestamp="2016-03-09T13:39:11Z" user="mexico_boundaries_import" uid="3295563" lat="18.0082132" lon="-94.5459171"/>
 <node id="4050469134" visible="true" version="1" changeset="37708246" timestamp="2016-03-09T13:39:11Z" user="mexico_boundaries_import" uid="3295563" lat="18.0082579" lon="-94.5820843"/>
 <node id="4050469141" visible="true" version="1" changeset="37708246" timestamp="2016-03-09T13:39:11Z" user="mexico_boundaries_import" uid="3295563" lat="18.0083272" lon="-94.5458799"/>
 <node id="4050469145" visible="true" version="1" changeset="37708246" timestamp="2016-03-09T13:39:11Z" user="mexico_boundaries_import" uid="3295563" lat="18.0083653" lon="-94.5454407"/>
 <node id="4050469149" visible="true" version="1" changeset="37708246" timestamp="2016-03-09T13:39:11Z" user="mexico_boundaries_import" uid="3295563" lat="18.0084098" lon="-94.5815333"/>
 <node id="4050469150" visible="true" version="1" changeset="37708246" timestamp="2016-03-09T13:39:11Z" user="mexico_boundaries_import" uid="3295563" lat="18.0084244" lon="-94.5814805"/>
 <node id="4050469164" visible="true" version="1" changeset="37708246" timestamp="2016-03-09T13:39:11Z" user="mexico_boundaries_import" uid="3295563" lat="18.0085634" lon="-94.5809544"/>
 <node id="4050469174" visible="true" version="2" changeset="61640686" timestamp="2018-08-13T22:31:36Z" user="Guillermo Larios Barrios" uid="7620588" lat="18.0087315" lon="-94.5804413"/>
 <node id="4050469191" visible="true" version="2" changeset="61640686" timestamp="2018-08-13T22:31:36Z" user="Guillermo Larios Barrios" uid="7620588" lat="18.0088886" lon="-94.5799030"/>
 <node id="4050469193" visible="true" version="1" changeset="37708246" timestamp="2016-03-09T13:39:12Z" user="mexico_boundaries_import" uid="3295563" lat="18.0088580" lon="-94.5450556"/>
 <node id="4050469196" visible="true" version="1" changeset="37708246" timestamp="2016-03-09T13:39:12Z" user="mexico_boundaries_import" uid="3295563" lat="18.0089030" lon="-94.5722920"/>
 <node id="4050469204" visible="true" version="2" changeset="61640686" timestamp="2018-08-13T22:31:36Z" user="Guillermo Larios Barrios" uid="7620588" lat="18.0090543" lon="-94.5792888"/>
 <node id="4050469223" visible="true" version="3" changeset="67767394" timestamp="2019-03-04T13:32:43Z" user="Gamadarkness" uid="9497207" lat="18.0091485" lon="-94.5784196"/>
 <node id="4050469224" visible="true" version="1" changeset="37708246" timestamp="2016-03-09T13:39:12Z" user="mexico_boundaries_import" uid="3295563" lat="18.0091666" lon="-94.5453929"/>
 <node id="4050469230" visible="true" version="2" changeset="67767394" timestamp="2019-03-04T13:32:43Z" user="Gamadarkness" uid="9497207" lat="18.0092512" lon="-94.5782439"/>
 <node id="4050469281" visible="true" version="2" changeset="67767394" timestamp="2019-03-04T13:32:43Z" user="Gamadarkness" uid="9497207" lat="18.0097754" lon="-94.5763819"/>
 <node id="4050469284" visible="true" version="1" changeset="37708246" timestamp="2016-03-09T13:39:14Z" user="mexico_boundaries_import" uid="3295563" lat="18.0097509" lon="-94.5760062"/>
 <node id="4050469289" visible="true" version="2" changeset="67767394" timestamp="2019-03-04T13:32:43Z" user="Gamadarkness" uid="9497207" lat="18.0098352" lon="-94.5761586"/>
 <node id="4050469296" visible="true" version="1" changeset="37708246" timestamp="2016-03-09T13:39:14Z" user="mexico_boundaries_import" uid="3295563" lat="18.0099245" lon="-94.5461979"/>
 <node id="4050469298" visible="true" version="1" changeset="37708246" timestamp="2016-03-09T13:39:14Z" user="mexico_boundaries_import" uid="3295563" lat="18.0099623" lon="-94.5736190"/>
 <node id="4050469320" visible="true" version="1" changeset="37708246" timestamp="2016-03-09T13:39:14Z" user="mexico_boundaries_import" uid="3295563" lat="18.0101847" lon="-94.5743867"/>
 <node id="4050469323" visible="true" version="1" changeset="37708246" timestamp="2016-03-09T13:39:14Z" user="mexico_boundaries_import" uid="3295563" lat="18.0102220" lon="-94.5742477"/>
 <node id="4050469329" visible="true" version="1" changeset="37708246" timestamp="2016-03-09T13:39:14Z" user="mexico_boundaries_import" uid="3295563" lat="18.0102828" lon="-94.5740205"/>
 <node id="4050469371" visible="true" version="1" changeset="37708246" timestamp="2016-03-09T13:39:15Z" user="mexico_boundaries_import" uid="3295563" lat="18.0107198" lon="-94.5470426"/>
 <node id="4050469578" visible="true" version="1" changeset="37708246" timestamp="2016-03-09T13:39:34Z" user="mexico_boundaries_import" uid="3295563" lat="18.0201237" lon="-94.5536692"/>
 <node id="4050469588" visible="true" version="1" changeset="37708246" timestamp="2016-03-09T13:39:34Z" user="mexico_boundaries_import" uid="3295563" lat="18.0201761" lon="-94.5536080"/>
 <node id="4050469591" visible="true" version="1" changeset="37708246" timestamp="2016-03-09T13:39:16Z" user="mexico_boundaries_import" uid="3295563" lat="18.0110018" lon="-94.5473637"/>
 <node id="4050469649" visible="true" version="1" changeset="37708246" timestamp="2016-03-09T13:39:17Z" user="mexico_boundaries_import" uid="3295563" lat="18.0119060" lon="-94.5483932"/>
 <node id="4050469656" visible="true" version="1" changeset="37708246" timestamp="2016-03-09T13:39:17Z" user="mexico_boundaries_import" uid="3295563" lat="18.0119436" lon="-94.5483596"/>
 <node id="4050469658" visible="true" version="1" changeset="37708246" timestamp="2016-03-09T13:39:17Z" user="mexico_boundaries_import" uid="3295563" lat="18.0120115" lon="-94.5482997"/>
 <node id="4050469667" visible="true" version="1" changeset="37708246" timestamp="2016-03-09T13:39:17Z" user="mexico_boundaries_import" uid="3295563" lat="18.0121442" lon="-94.5481825"/>
 <node id="4050469698" visible="true" version="1" changeset="37708246" timestamp="2016-03-09T13:39:17Z" user="mexico_boundaries_import" uid="3295563" lat="18.0124307" lon="-94.5479296"/>
 <node id="4050469742" visible="true" version="1" changeset="37708246" timestamp="2016-03-09T13:39:18Z" user="mexico_boundaries_import" uid="3295563" lat="18.0129058" lon="-94.5475102"/>
 <node id="4050469800" visible="true" version="1" changeset="37708246" timestamp="2016-03-09T13:39:19Z" user="mexico_boundaries_import" uid="3295563" lat="18.0133582" lon="-94.5470744"/>
 <node id="4050469837" visible="true" version="1" changeset="37708246" timestamp="2016-03-09T13:39:20Z" user="mexico_boundaries_import" uid="3295563" lat="18.0136835" lon="-94.5467611"/>
 <node id="4050469871" visible="true" version="1" changeset="37708246" timestamp="2016-03-09T13:39:20Z" user="mexico_boundaries_import" uid="3295563" lat="18.0140268" lon="-94.5464304"/>
 <node id="4050469897" visible="true" version="1" changeset="37708246" timestamp="2016-03-09T13:39:21Z" user="mexico_boundaries_import" uid="3295563" lat="18.0142488" lon="-94.5462166"/>
 <node id="4050469939" visible="true" version="1" changeset="37708246" timestamp="2016-03-09T13:39:22Z" user="mexico_boundaries_import" uid="3295563" lat="18.0147387" lon="-94.5458395"/>
 <node id="4050470106" visible="true" version="1" changeset="37708246" timestamp="2016-03-09T13:39:23Z" user="mexico_boundaries_import" uid="3295563" lat="18.0153015" lon="-94.5455292"/>
 <node id="4050470176" visible="true" version="1" changeset="37708246" timestamp="2016-03-09T13:39:24Z" user="mexico_boundaries_import" uid="3295563" lat="18.0158099" lon="-94.5454093"/>
 <node id="4050470251" visible="true" version="1" changeset="37708246" timestamp="2016-03-09T13:39:26Z" user="mexico_boundaries_import" uid="3295563" lat="18.0163995" lon="-94.5450266"/>
 <node id="4050470339" visible="true" version="1" changeset="37708246" timestamp="2016-03-09T13:39:27Z" user="mexico_boundaries_import" uid="3295563" lat="18.0170400" lon="-94.5579475"/>
 <node id="4050470369" visible="true" version="1" changeset="37708246" timestamp="2016-03-09T13:39:28Z" user="mexico_boundaries_import" uid="3295563" lat="18.0173230" lon="-94.5575195"/>
 <node id="4050470385" visible="true" version="1" changeset="37708246" timestamp="2016-03-09T13:39:28Z" user="mexico_boundaries_import" uid="3295563" lat="18.0174510" lon="-94.5573259"/>
 <node id="4050470386" visible="true" version="1" changeset="37708246" timestamp="2016-03-09T13:39:28Z" user="mexico_boundaries_import" uid="3295563" lat="18.0174565" lon="-94.5441850"/>
 <node id="4050470401" visible="true" version="1" changeset="37708246" timestamp="2016-03-09T13:39:28Z" user="mexico_boundaries_import" uid="3295563" lat="18.0176156" lon="-94.5570770"/>
 <node id="4050470407" visible="true" version="1" changeset="37708246" timestamp="2016-03-09T13:39:28Z" user="mexico_boundaries_import" uid="3295563" lat="18.0176711" lon="-94.5570044"/>
 <node id="4050470456" visible="true" version="1" changeset="37708246" timestamp="2016-03-09T13:39:29Z" user="mexico_boundaries_import" uid="3295563" lat="18.0181201" lon="-94.5564160"/>
 <node id="4050470470" visible="true" version="1" changeset="37708246" timestamp="2016-03-09T13:39:29Z" user="mexico_boundaries_import" uid="3295563" lat="18.0182339" lon="-94.5562682"/>
 <node id="4050470474" visible="true" version="1" changeset="37708246" timestamp="2016-03-09T13:39:30Z" user="mexico_boundaries_import" uid="3295563" lat="18.0182760" lon="-94.5434131"/>
 <node id="4050470492" visible="true" version="1" changeset="37708246" timestamp="2016-03-09T13:39:30Z" user="mexico_boundaries_import" uid="3295563" lat="18.0184383" lon="-94.5559942"/>
 <node id="4050470496" visible="true" version="1" changeset="37708246" timestamp="2016-03-09T13:39:30Z" user="mexico_boundaries_import" uid="3295563" lat="18.0184794" lon="-94.5422436"/>
 <node id="4050470497" visible="true" version="1" changeset="37708246" timestamp="2016-03-09T13:39:30Z" user="mexico_boundaries_import" uid="3295563" lat="18.0184902" lon="-94.5428443"/>
 <node id="4050470509" visible="true" version="1" changeset="37708246" timestamp="2016-03-09T13:39:30Z" user="mexico_boundaries_import" uid="3295563" lat="18.0186298" lon="-94.5420867"/>
 <node id="4050470515" visible="true" version="1" changeset="37708246" timestamp="2016-03-09T13:39:30Z" user="mexico_boundaries_import" uid="3295563" lat="18.0186693" lon="-94.5556404"/>
 <node id="4050470518" visible="true" version="1" changeset="37708246" timestamp="2016-03-09T13:39:30Z" user="mexico_boundaries_import" uid="3295563" lat="18.0187478" lon="-94.5555348"/>
 <node id="4050470541" visible="true" version="1" changeset="37708246" timestamp="2016-03-09T13:39:31Z" user="mexico_boundaries_import" uid="3295563" lat="18.0190420" lon="-94.5551390"/>
 <node id="4050470573" visible="true" version="1" changeset="37708246" timestamp="2016-03-09T13:39:31Z" user="mexico_boundaries_import" uid="3295563" lat="18.0193405" lon="-94.5547376"/>
 <node id="4050470586" visible="true" version="1" changeset="37708246" timestamp="2016-03-09T13:39:32Z" user="mexico_boundaries_import" uid="3295563" lat="18.0194434" lon="-94.5545992"/>
 <node id="4050470620" visible="true" version="1" changeset="37708246" timestamp="2016-03-09T13:39:32Z" user="mexico_boundaries_import" uid="3295563" lat="18.0196414" lon="-94.5543421"/>
 <node id="4050470623" visible="true" version="1" changeset="37708246" timestamp="2016-03-09T13:39:32Z" user="mexico_boundaries_import" uid="3295563" lat="18.0196597" lon="-94.5543161"/>
 <node id="4050470646" visible="true" version="1" changeset="37708246" timestamp="2016-03-09T13:39:33Z" user="mexico_boundaries_import" uid="3295563" lat="18.0198794" lon="-94.5540038"/>
 <node id="4050470829" visible="true" version="1" changeset="37708246" timestamp="2016-03-09T13:39:35Z" user="mexico_boundaries_import" uid="3295563" lat="18.0204502" lon="-94.5532392"/>
 <node id="4050470885" visible="true" version="1" changeset="37708246" timestamp="2016-03-09T13:39:36Z" user="mexico_boundaries_import" uid="3295563" lat="18.0208705" lon="-94.5555609"/>
 <node id="4050470993" visible="true" version="1" changeset="37708246" timestamp="2016-03-09T13:39:36Z" user="mexico_boundaries_import" uid="3295563" lat="18.0209220" lon="-94.5551834"/>
 <node id="4050471034" visible="true" version="1" changeset="37708246" timestamp="2016-03-09T13:39:36Z" user="mexico_boundaries_import" uid="3295563" lat="18.0212570" lon="-94.5546132"/>
 <node id="4050471104" visible="true" version="1" changeset="37708246" timestamp="2016-03-09T13:39:38Z" user="mexico_boundaries_import" uid="3295563" lat="18.0217881" lon="-94.5543258"/>
 <node id="4050471193" visible="true" version="1" changeset="37708246" timestamp="2016-03-09T13:39:39Z" user="mexico_boundaries_import" uid="3295563" lat="18.0224980" lon="-94.5383921"/>
 <node id="4050471286" visible="true" version="1" changeset="37708246" timestamp="2016-03-09T13:39:41Z" user="mexico_boundaries_import" uid="3295563" lat="18.0229976" lon="-94.5379167"/>
 <node id="4050471292" visible="true" version="1" changeset="37708246" timestamp="2016-03-09T13:39:41Z" user="mexico_boundaries_import" uid="3295563" lat="18.0230362" lon="-94.5544923"/>
 <node id="4050471421" visible="true" version="1" changeset="37708246" timestamp="2016-03-09T13:39:44Z" user="mexico_boundaries_import" uid="3295563" lat="18.0236400" lon="-94.5373054"/>
 <node id="4050471499" visible="true" version="1" changeset="37708246" timestamp="2016-03-09T13:39:45Z" user="mexico_boundaries_import" uid="3295563" lat="18.0240648" lon="-94.5556396"/>
 <node id="4050471511" visible="true" version="1" changeset="37708246" timestamp="2016-03-09T13:39:45Z" user="mexico_boundaries_import" uid="3295563" lat="18.0241338" lon="-94.5553611"/>
 <node id="4050471552" visible="true" version="1" changeset="37708246" timestamp="2016-03-09T13:39:46Z" user="mexico_boundaries_import" uid="3295563" lat="18.0243092" lon="-94.5366686"/>
 <node id="4050471633" visible="true" version="1" changeset="37708246" timestamp="2016-03-09T13:39:47Z" user="mexico_boundaries_import" uid="3295563" lat="18.0245861" lon="-94.5535338"/>
 <node id="4050471901" visible="true" version="1" changeset="37708246" timestamp="2016-03-09T13:39:50Z" user="mexico_boundaries_import" uid="3295563" lat="18.0252845" lon="-94.5507124"/>
 <node id="4050471933" visible="true" version="1" changeset="37708246" timestamp="2016-03-09T13:39:51Z" user="mexico_boundaries_import" uid="3295563" lat="18.0254660" lon="-94.5499792"/>
 <node id="4050472054" visible="true" version="1" changeset="37708246" timestamp="2016-03-09T13:39:53Z" user="mexico_boundaries_import" uid="3295563" lat="18.0259554" lon="-94.5480018"/>
 <node id="4050472057" visible="true" version="1" changeset="37708246" timestamp="2016-03-09T13:39:53Z" user="mexico_boundaries_import" uid="3295563" lat="18.0259934" lon="-94.5478481"/>
 <node id="4050472074" visible="true" version="1" changeset="37708246" timestamp="2016-03-09T13:39:54Z" user="mexico_boundaries_import" uid="3295563" lat="18.0261015" lon="-94.5474112"/>
 <node id="4050472086" visible="true" version="1" changeset="37708246" timestamp="2016-03-09T13:39:54Z" user="mexico_boundaries_import" uid="3295563" lat="18.0261816" lon="-94.5472473"/>
 <node id="4050472156" visible="true" version="1" changeset="37708246" timestamp="2016-03-09T13:39:55Z" user="mexico_boundaries_import" uid="3295563" lat="18.0265856" lon="-94.5464150"/>
 <node id="4050472500" visible="true" version="1" changeset="37708246" timestamp="2016-03-09T13:40:00Z" user="mexico_boundaries_import" uid="3295563" lat="18.0275894" lon="-94.5335469"/>
 <node id="4050472524" visible="true" version="1" changeset="37708246" timestamp="2016-03-09T13:40:00Z" user="mexico_boundaries_import" uid="3295563" lat="18.0277608" lon="-94.5440746"/>
 <node id="4050472529" visible="true" version="1" changeset="37708246" timestamp="2016-03-09T13:40:00Z" user="mexico_boundaries_import" uid="3295563" lat="18.0278015" lon="-94.5439927"/>
 <node id="4050472543" visible="true" version="1" changeset="37708246" timestamp="2016-03-09T13:40:00Z" user="mexico_boundaries_import" uid="3295563" lat="18.0279874" lon="-94.5435801"/>
 <node id="4050472574" visible="true" version="1" changeset="37708246" timestamp="2016-03-09T13:40:01Z" user="mexico_boundaries_import" uid="3295563" lat="18.0283212" lon="-94.5428859"/>
 <node id="4050472587" visible="true" version="1" changeset="37708246" timestamp="2016-03-09T13:40:02Z" user="mexico_boundaries_import" uid="3295563" lat="18.0284131" lon="-94.5327630"/>
 <node id="4050472596" visible="true" version="1" changeset="37708246" timestamp="2016-03-09T13:40:02Z" user="mexico_boundaries_import" uid="3295563" lat="18.0284744" lon="-94.5425676"/>
 <node id="4050472619" visible="true" version="1" changeset="37708246" timestamp="2016-03-09T13:40:02Z" user="mexico_boundaries_import" uid="3295563" lat="18.0286766" lon="-94.5421356"/>
 <node id="4050472638" visible="true" version="1" changeset="37708246" timestamp="2016-03-09T13:40:03Z" user="mexico_boundaries_import" uid="3295563" lat="18.0288390" lon="-94.5417564"/>
 <node id="4050472662" visible="true" version="1" changeset="37708246" timestamp="2016-03-09T13:40:03Z" user="mexico_boundaries_import" uid="3295563" lat="18.0291058" lon="-94.5410238"/>
 <node id="4050472686" visible="true" version="1" changeset="37708246" timestamp="2016-03-09T13:40:04Z" user="mexico_boundaries_import" uid="3295563" lat="18.0292980" lon="-94.5338507"/>
 <node id="4050472735" visible="true" version="1" changeset="37708246" timestamp="2016-03-09T13:40:05Z" user="mexico_boundaries_import" uid="3295563" lat="18.0296068" lon="-94.5396332"/>
 <node id="4050472832" visible="true" version="1" changeset="37708246" timestamp="2016-03-09T13:40:06Z" user="mexico_boundaries_import" uid="3295563" lat="18.0304300" lon="-94.5369198"/>
 <node id="4050472868" visible="true" version="1" changeset="37708246" timestamp="2016-03-09T13:40:07Z" user="mexico_boundaries_import" uid="3295563" lat="18.0308076" lon="-94.5357038"/>
 <node id="4503870464" visible="true" version="3" changeset="50470446" timestamp="2017-07-21T21:57:02Z" user="BTH" uid="481447" lat="17.9913419" lon="-94.5868484"/>
 <node id="4503870478" visible="true" version="2" changeset="50470446" timestamp="2017-07-21T21:57:02Z" user="BTH" uid="481447" lat="17.9891316" lon="-94.5856429"/>
 <node id="4503870479" visible="true" version="2" changeset="50470446" timestamp="2017-07-21T21:57:02Z" user="BTH" uid="481447" lat="17.9889621" lon="-94.5844189"/>
 <node id="4503870480" visible="true" version="2" changeset="50470446" timestamp="2017-07-21T21:57:02Z" user="BTH" uid="481447" lat="17.9888263" lon="-94.5832522"/>
 <node id="4503870481" visible="true" version="2" changeset="50470446" timestamp="2017-07-21T21:57:01Z" user="BTH" uid="481447" lat="17.9886544" lon="-94.5817910"/>
 <node id="4985737845" visible="true" version="1" changeset="50470446" timestamp="2017-07-21T21:57:01Z" user="BTH" uid="481447" lat="17.9948732" lon="-94.5863992"/>
 <node id="5320944246" visible="true" version="2" changeset="61640686" timestamp="2018-08-13T22:31:36Z" user="Guillermo Larios Barrios" uid="7620588" lat="18.0088488" lon="-94.5800287"/>
 <node id="5394569259" visible="true" version="2" changeset="68042597" timestamp="2019-03-12T00:07:00Z" user="Andrew Matheny" uid="3265371" lat="18.0069374" lon="-94.5587012"/>
 <node id="5830269155" visible="true" version="1" changeset="61634110" timestamp="2018-08-13T17:54:29Z" user="Guillermo Larios Barrios" uid="7620588" lat="18.0004267" lon="-94.5560757"/>
 <node id="5830740975" visible="true" version="3" changeset="95033027" timestamp="2020-11-30T09:34:48Z" user="Juneautown" uid="10210102" lat="18.0186015" lon="-94.5556660"/>
 <node id="5830741990" visible="true" version="2" changeset="97070097" timestamp="2021-01-06T20:22:38Z" user="127logs" uid="9633823" lat="18.0075115" lon="-94.5538429"/>
 <node id="5830741991" visible="true" version="1" changeset="61639673" timestamp="2018-08-13T21:33:49Z" user="Guillermo Larios Barrios" uid="7620588" lat="18.0079075" lon="-94.5555221"/>
 <node id="5830741992" visible="true" version="1" changeset="61639673" timestamp="2018-08-13T21:33:49Z" user="Guillermo Larios Barrios" uid="7620588" lat="18.0066843" lon="-94.5536266"/>
 <node id="5830741993" visible="true" version="1" changeset="61639673" timestamp="2018-08-13T21:33:49Z" user="Guillermo Larios Barrios" uid="7620588" lat="18.0069305" lon="-94.5561315"/>
 <node id="5830741994" visible="true" version="2" changeset="97070320" timestamp="2021-01-06T20:29:13Z" user="127logs" uid="9633823" lat="18.0082217" lon="-94.5553234"/>
 <node id="5830741995" visible="true" version="1" changeset="61639673" timestamp="2018-08-13T21:33:49Z" user="Guillermo Larios Barrios" uid="7620588" lat="18.0074502" lon="-94.5548135"/>
 <node id="5830741996" visible="true" version="1" changeset="61639673" timestamp="2018-08-13T21:33:49Z" user="Guillermo Larios Barrios" uid="7620588" lat="18.0066079" lon="-94.5555474"/>
 <node id="5830741997" visible="true" version="1" changeset="61639673" timestamp="2018-08-13T21:33:49Z" user="Guillermo Larios Barrios" uid="7620588" lat="18.0063173" lon="-94.5550212"/>
 <node id="5830741998" visible="true" version="1" changeset="61639673" timestamp="2018-08-13T21:33:49Z" user="Guillermo Larios Barrios" uid="7620588" lat="18.0071038" lon="-94.5542767"/>
 <node id="5830754918" visible="true" version="1" changeset="61639902" timestamp="2018-08-13T21:44:26Z" user="Guillermo Larios Barrios" uid="7620588" lat="18.0076408" lon="-94.5574177"/>
 <node id="5830754919" visible="true" version="1" changeset="61639902" timestamp="2018-08-13T21:44:26Z" user="Guillermo Larios Barrios" uid="7620588" lat="18.0086186" lon="-94.5571585"/>
 <node id="5830754920" visible="true" version="1" changeset="61639902" timestamp="2018-08-13T21:44:26Z" user="Guillermo Larios Barrios" uid="7620588" lat="18.0037294" lon="-94.5577225"/>
 <node id="5830754921" visible="true" version="2" changeset="95399064" timestamp="2020-12-07T06:46:58Z" user="BanjaraHills" uid="10811160" lat="18.0031193" lon="-94.5570497"/>
 <node id="5830754923" visible="true" version="1" changeset="61639902" timestamp="2018-08-13T21:44:26Z" user="Guillermo Larios Barrios" uid="7620588" lat="18.0036355" lon="-94.5578250"/>
 <node id="5830754924" visible="true" version="1" changeset="61639902" timestamp="2018-08-13T21:44:26Z" user="Guillermo Larios Barrios" uid="7620588" lat="18.0043143" lon="-94.5587924"/>
 <node id="5830754925" visible="true" version="2" changeset="95399064" timestamp="2020-12-07T06:46:58Z" user="BanjaraHills" uid="10811160" lat="18.0040180" lon="-94.5583703"/>
 <node id="5830754926" visible="true" version="1" changeset="61639902" timestamp="2018-08-13T21:44:26Z" user="Guillermo Larios Barrios" uid="7620588" lat="18.0041521" lon="-94.5583005"/>
 <node id="5830754927" visible="true" version="1" changeset="61639902" timestamp="2018-08-13T21:44:26Z" user="Guillermo Larios Barrios" uid="7620588" lat="18.0043574" lon="-94.5581948"/>
 <node id="5830754928" visible="true" version="1" changeset="61639902" timestamp="2018-08-13T21:44:26Z" user="Guillermo Larios Barrios" uid="7620588" lat="18.0047507" lon="-94.5579806"/>
 <node id="5830811885" visible="true" version="2" changeset="67475601" timestamp="2019-02-22T18:20:28Z" user="MappnMatt" uid="9454623" lat="18.0137719" lon="-94.5466807"/>
 <node id="5830824833" visible="true" version="1" changeset="61640686" timestamp="2018-08-13T22:31:35Z" user="Guillermo Larios Barrios" uid="7620588" lat="18.0085508" lon="-94.5810020"/>
 <node id="5830887932" visible="true" version="1" changeset="61641344" timestamp="2018-08-13T23:21:53Z" user="Guillermo Larios Barrios" uid="7620588" lat="18.0073076" lon="-94.5705470"/>
 <node id="5854865741" visible="true" version="1" changeset="61973867" timestamp="2018-08-24T23:41:04Z" user="Luis M Hernandez" uid="7517555" lat="17.9896544" lon="-94.5870732"/>
 <node id="6302608906" visible="true" version="1" changeset="67569285" timestamp="2019-02-26T04:09:18Z" user="DonMorofok" uid="7540423" lat="18.0045851" lon="-94.5549622"/>
 <node id="6302608907" visible="true" version="1" changeset="67569285" timestamp="2019-02-26T04:09:18Z" user="DonMorofok" uid="7540423" lat="18.0044933" lon="-94.5548523"/>
 <node id="6302608908" visible="true" version="1" changeset="67569285" timestamp="2019-02-26T04:09:18Z" user="DonMorofok" uid="7540423" lat="18.0043249" lon="-94.5550132"/>
 <node id="6302608909" visible="true" version="1" changeset="67569285" timestamp="2019-02-26T04:09:18Z" user="DonMorofok" uid="7540423" lat="18.0044244" lon="-94.5551205"/>
 <node id="6316549126" visible="true" version="1" changeset="67773404" timestamp="2019-03-04T16:31:52Z" user="Gamadarkness" uid="9497207" lat="18.0037563" lon="-94.5492620"/>
 <node id="6332099134" visible="true" version="1" changeset="68042597" timestamp="2019-03-12T00:07:00Z" user="Andrew Matheny" uid="3265371" lat="18.0079296" lon="-94.5590177"/>
 <node id="6332099135" visible="true" version="1" changeset="68042597" timestamp="2019-03-12T00:07:00Z" user="Andrew Matheny" uid="3265371" lat="18.0069756" lon="-94.5587763"/>
 <node id="6332099136" visible="true" version="1" changeset="68042597" timestamp="2019-03-12T00:07:00Z" user="Andrew Matheny" uid="3265371" lat="18.0071338" lon="-94.5577732"/>
 <node id="6332099137" visible="true" version="1" changeset="68042597" timestamp="2019-03-12T00:07:00Z" user="Andrew Matheny" uid="3265371" lat="18.0077586" lon="-94.5578909"/>
 <node id="6332099138" visible="true" version="1" changeset="68042597" timestamp="2019-03-12T00:07:00Z" user="Andrew Matheny" uid="3265371" lat="18.0080389" lon="-94.5583837"/>
 <node id="6332099139" visible="true" version="1" changeset="68042597" timestamp="2019-03-12T00:07:00Z" user="Andrew Matheny" uid="3265371" lat="18.0080433" lon="-94.5586752"/>
 <node id="6332099140" visible="true" version="1" changeset="68042597" timestamp="2019-03-12T00:07:00Z" user="Andrew Matheny" uid="3265371" lat="18.0075164" lon="-94.5577490"/>
 <node id="6332099141" visible="true" version="1" changeset="68042597" timestamp="2019-03-12T00:07:00Z" user="Andrew Matheny" uid="3265371" lat="18.0079401" lon="-94.5581113"/>
 <node id="6332099142" visible="true" version="1" changeset="68042597" timestamp="2019-03-12T00:07:00Z" user="Andrew Matheny" uid="3265371" lat="18.0079526" lon="-94.5589507"/>
 <node id="6391747698" visible="true" version="2" changeset="95464816" timestamp="2020-12-08T06:59:57Z" user="BanjaraHills" uid="10811160" lat="18.0002133" lon="-94.5555512"/>
 <node id="6391747700" visible="true" version="1" changeset="69019357" timestamp="2019-04-08T18:57:49Z" user="Gamadarkness" uid="9497207" lat="18.0005709" lon="-94.5552702"/>
 <node id="6391766611" visible="true" version="1" changeset="69019678" timestamp="2019-04-08T19:09:12Z" user="Gamadarkness" uid="9497207" lat="18.0026080" lon="-94.5573159"/>
 <node id="6391766628" visible="true" version="1" changeset="69019678" timestamp="2019-04-08T19:09:13Z" user="Gamadarkness" uid="9497207" lat="18.0026943" lon="-94.5573757"/>
 <node id="6561333550" visible="true" version="1" changeset="71452468" timestamp="2019-06-20T16:43:18Z" user="Andrew Matheny" uid="3265371" lat="18.0091175" lon="-94.5784920"/>
 <node id="6561333551" visible="true" version="1" changeset="71452468" timestamp="2019-06-20T16:43:18Z" user="Andrew Matheny" uid="3265371" lat="18.0091807" lon="-94.5788564"/>
 <node id="6561335476" visible="true" version="2" changeset="139105870" timestamp="2023-07-27T20:17:13Z" user="म्यापर" uid="17365610" lat="18.0116914" lon="-94.5486044"/>
 <node id="6942506555" visible="true" version="1" changeset="76546254" timestamp="2019-11-03T09:29:24Z" user="gscholz" uid="109705" lat="17.9885943" lon="-94.5806911"/>
 <node id="8200953083" visible="true" version="1" changeset="95399064" timestamp="2020-12-07T06:46:58Z" user="BanjaraHills" uid="10811160" lat="18.0062767" lon="-94.5608014"/>
 <node id="8200953086" visible="true" version="1" changeset="95399064" timestamp="2020-12-07T06:46:58Z" user="BanjaraHills" uid="10811160" lat="17.9965130" lon="-94.5587440"/>
 <node id="8201187200" visible="true" version="1" changeset="95403744" timestamp="2020-12-07T08:16:53Z" user="BanjaraHills" uid="10811160" lat="18.0050395" lon="-94.5577866"/>
 <node id="8201187201" visible="true" version="1" changeset="95403744" timestamp="2020-12-07T08:16:53Z" user="BanjaraHills" uid="10811160" lat="18.0052314" lon="-94.5580930"/>
 <node id="8201187202" visible="true" version="1" changeset="95403744" timestamp="2020-12-07T08:16:53Z" user="BanjaraHills" uid="10811160" lat="18.0041795" lon="-94.5563899"/>
 <node id="8201187203" visible="true" version="1" changeset="95403744" timestamp="2020-12-07T08:16:53Z" user="BanjaraHills" uid="10811160" lat="18.0047263" lon="-94.5560307"/>
 <node id="8201187204" visible="true" version="1" changeset="95403744" timestamp="2020-12-07T08:16:53Z" user="BanjaraHills" uid="10811160" lat="18.0048038" lon="-94.5589050"/>
 <node id="8201187205" visible="true" version="1" changeset="95403744" timestamp="2020-12-07T08:16:53Z" user="BanjaraHills" uid="10811160" lat="18.0051926" lon="-94.5595367"/>
 <node id="8201187206" visible="true" version="1" changeset="95403744" timestamp="2020-12-07T08:16:53Z" user="BanjaraHills" uid="10811160" lat="18.0045494" lon="-94.5591276"/>
 <node id="8201187207" visible="true" version="1" changeset="95403744" timestamp="2020-12-07T08:16:53Z" user="BanjaraHills" uid="10811160" lat="18.0051106" lon="-94.5586365"/>
 <node id="8201187208" visible="true" version="1" changeset="95403744" timestamp="2020-12-07T08:16:53Z" user="BanjaraHills" uid="10811160" lat="18.0038520" lon="-94.5561375"/>
 <node id="8201187209" visible="true" version="1" changeset="95403744" timestamp="2020-12-07T08:16:53Z" user="BanjaraHills" uid="10811160" lat="18.0039545" lon="-94.5562476"/>
 <node id="8201353636" visible="true" version="1" changeset="95408246" timestamp="2020-12-07T09:16:33Z" user="BanjaraHills" uid="10811160" lat="18.0004770" lon="-94.5560436">
  <tag k="railway" v="level_crossing"/>
 </node>
 <node id="8201689402" visible="true" version="1" changeset="95417856" timestamp="2020-12-07T11:29:31Z" user="BanjaraHills" uid="10811160" lat="18.0097773" lon="-94.5552166"/>
 <node id="8201689403" visible="true" version="1" changeset="95417856" timestamp="2020-12-07T11:29:31Z" user="BanjaraHills" uid="10811160" lat="18.0097140" lon="-94.5552768"/>
 <node id="8201689404" visible="true" version="1" changeset="95417856" timestamp="2020-12-07T11:29:31Z" user="BanjaraHills" uid="10811160" lat="18.0092327" lon="-94.5557342"/>
 <node id="8201689413" visible="true" version="1" changeset="95417856" timestamp="2020-12-07T11:29:31Z" user="BanjaraHills" uid="10811160" lat="18.0089756" lon="-94.5543115"/>
 <node id="8201689414" visible="true" version="1" changeset="95417856" timestamp="2020-12-07T11:29:31Z" user="BanjaraHills" uid="10811160" lat="18.0098600" lon="-94.5553099"/>
 <node id="8201689415" visible="true" version="1" changeset="95417856" timestamp="2020-12-07T11:29:31Z" user="BanjaraHills" uid="10811160" lat="18.0106063" lon="-94.5562122"/>
 <node id="8201689416" visible="true" version="2" changeset="95420188" timestamp="2020-12-07T12:05:12Z" user="BanjaraHills" uid="10811160" lat="18.0114811" lon="-94.5571990"/>
 <node id="8201712017" visible="true" version="1" changeset="95417856" timestamp="2020-12-07T11:29:31Z" user="BanjaraHills" uid="10811160" lat="18.0122667" lon="-94.5581184"/>
 <node id="8201712018" visible="true" version="1" changeset="95417856" timestamp="2020-12-07T11:29:31Z" user="BanjaraHills" uid="10811160" lat="18.0130770" lon="-94.5590310"/>
 <node id="8201712019" visible="true" version="1" changeset="95417856" timestamp="2020-12-07T11:29:31Z" user="BanjaraHills" uid="10811160" lat="18.0076169" lon="-94.5527309"/>
 <node id="8201712020" visible="true" version="2" changeset="97001860" timestamp="2021-01-05T19:32:19Z" user="127logs" uid="9633823" lat="18.0137097" lon="-94.5597367"/>
 <node id="8201813300" visible="true" version="1" changeset="95420188" timestamp="2020-12-07T12:05:12Z" user="BanjaraHills" uid="10811160" lat="18.0114300" lon="-94.5571413"/>
 <node id="8201813301" visible="true" version="1" changeset="95420188" timestamp="2020-12-07T12:05:12Z" user="BanjaraHills" uid="10811160" lat="18.0113732" lon="-94.5571984"/>
 <node id="8201813302" visible="true" version="1" changeset="95420188" timestamp="2020-12-07T12:05:12Z" user="BanjaraHills" uid="10811160" lat="18.0108970" lon="-94.5576287"/>
 <node id="8201813312" visible="true" version="1" changeset="95420188" timestamp="2020-12-07T12:05:12Z" user="BanjaraHills" uid="10811160" lat="18.0082615" lon="-94.5585416"/>
 <node id="8201813314" visible="true" version="2" changeset="95546504" timestamp="2020-12-09T10:40:48Z" user="Caravanserai" uid="10019202" lat="18.0063073" lon="-94.5583391"/>
 <node id="8201813315" visible="true" version="1" changeset="95420188" timestamp="2020-12-07T12:05:12Z" user="BanjaraHills" uid="10811160" lat="18.0063398" lon="-94.5577987"/>
 <node id="8201813316" visible="true" version="2" changeset="171845725" timestamp="2025-09-12T18:31:44Z" user="AndresSM30" uid="23279192" lat="18.0067770" lon="-94.5577446"/>
 <node id="8201819817" visible="true" version="1" changeset="95420188" timestamp="2020-12-07T12:05:12Z" user="BanjaraHills" uid="10811160" lat="18.0067744" lon="-94.5579066"/>
 <node id="8201819818" visible="true" version="1" changeset="95420188" timestamp="2020-12-07T12:05:12Z" user="BanjaraHills" uid="10811160" lat="18.0062901" lon="-94.5579274"/>
 <node id="8201819819" visible="true" version="2" changeset="95546504" timestamp="2020-12-09T10:40:48Z" user="Caravanserai" uid="10019202" lat="18.0062843" lon="-94.5584062"/>
 <node id="8201819820" visible="true" version="1" changeset="95420188" timestamp="2020-12-07T12:05:12Z" user="BanjaraHills" uid="10811160" lat="18.0061494" lon="-94.5585286"/>
 <node id="8204197233" visible="true" version="1" changeset="95456561" timestamp="2020-12-08T04:19:49Z" user="BanjaraHills" uid="10811160" lat="18.0083966" lon="-94.5572173"/>
 <node id="8204576578" visible="true" version="1" changeset="95464816" timestamp="2020-12-08T06:59:57Z" user="BanjaraHills" uid="10811160" lat="18.0005324" lon="-94.5560083"/>
 <node id="8204576583" visible="true" version="1" changeset="95464816" timestamp="2020-12-08T06:59:57Z" user="BanjaraHills" uid="10811160" lat="18.0060829" lon="-94.5540019"/>
 <node id="8204576584" visible="true" version="1" changeset="95464816" timestamp="2020-12-08T06:59:57Z" user="BanjaraHills" uid="10811160" lat="18.0061769" lon="-94.5541137"/>
 <node id="8204606195" visible="true" version="1" changeset="95467152" timestamp="2020-12-08T07:28:59Z" user="BanjaraHills" uid="10811160" lat="18.0048581" lon="-94.5533111"/>
 <node id="8204606196" visible="true" version="1" changeset="95467152" timestamp="2020-12-08T07:28:59Z" user="BanjaraHills" uid="10811160" lat="18.0041261" lon="-94.5539190"/>
 <node id="8204662677" visible="true" version="2" changeset="172639095" timestamp="2025-09-30T02:40:57Z" user="TecNM campus Minatitlán" uid="23257776" lat="18.0055902" lon="-94.5548957"/>
 <node id="8204662678" visible="true" version="2" changeset="172639095" timestamp="2025-09-30T02:40:57Z" user="TecNM campus Minatitlán" uid="23257776" lat="18.0054262" lon="-94.5550570"/>
 <node id="8204662679" visible="true" version="2" changeset="172639095" timestamp="2025-09-30T02:40:57Z" user="TecNM campus Minatitlán" uid="23257776" lat="18.0054286" lon="-94.5552166"/>
 <node id="8204662680" visible="true" version="2" changeset="172639095" timestamp="2025-09-30T02:40:57Z" user="TecNM campus Minatitlán" uid="23257776" lat="18.0055905" lon="-94.5551077"/>
 <node id="8204662681" visible="true" version="1" changeset="95467780" timestamp="2020-12-08T07:39:21Z" user="BanjaraHills" uid="10811160" lat="18.0056014" lon="-94.5546663"/>
 <node id="8205003683" visible="true" version="2" changeset="139105870" timestamp="2023-07-27T20:17:13Z" user="म्यापर" uid="17365610" lat="18.0098249" lon="-94.5503813"/>
 <node id="8205003684" visible="true" version="2" changeset="139105870" timestamp="2023-07-27T20:17:13Z" user="म्यापर" uid="17365610" lat="18.0100316" lon="-94.5501845"/>
 <node id="8205003707" visible="true" version="1" changeset="95476359" timestamp="2020-12-08T09:54:40Z" user="BanjaraHills" uid="10811160" lat="18.0083066" lon="-94.5536530"/>
 <node id="8205003708" visible="true" version="1" changeset="95476359" timestamp="2020-12-08T09:54:40Z" user="BanjaraHills" uid="10811160" lat="18.0083615" lon="-94.5535971"/>
 <node id="8205145390" visible="true" version="2" changeset="139105870" timestamp="2023-07-27T20:17:13Z" user="म्यापर" uid="17365610" lat="18.0070403" lon="-94.5530319"/>
 <node id="8205145391" visible="true" version="1" changeset="95479400" timestamp="2020-12-08T10:36:41Z" user="BanjaraHills" uid="10811160" lat="18.0071610" lon="-94.5531688"/>
 <node id="8205223551" visible="true" version="2" changeset="139105870" timestamp="2023-07-27T20:17:13Z" user="म्यापर" uid="17365610" lat="18.0099153" lon="-94.5502952"/>
 <node id="8205368042" visible="true" version="1" changeset="95485872" timestamp="2020-12-08T12:06:48Z" user="BanjaraHills" uid="10811160" lat="18.0077377" lon="-94.5551949"/>
 <node id="8209110170" visible="true" version="1" changeset="95546244" timestamp="2020-12-09T10:37:23Z" user="Caravanserai" uid="10019202" lat="18.0068022" lon="-94.5595421"/>
 <node id="8209110171" visible="true" version="1" changeset="95546244" timestamp="2020-12-09T10:37:23Z" user="Caravanserai" uid="10019202" lat="18.0083684" lon="-94.5606002"/>
 <node id="8209110172" visible="true" version="1" changeset="95546244" timestamp="2020-12-09T10:37:23Z" user="Caravanserai" uid="10019202" lat="18.0046237" lon="-94.5557293"/>
 <node id="8209110173" visible="true" version="1" changeset="95546244" timestamp="2020-12-09T10:37:23Z" user="Caravanserai" uid="10019202" lat="18.0057321" lon="-94.5576163"/>
 <node id="8209110174" visible="true" version="1" changeset="95546244" timestamp="2020-12-09T10:37:23Z" user="Caravanserai" uid="10019202" lat="18.0050000" lon="-94.5563744"/>
 <node id="8209110175" visible="true" version="1" changeset="95546244" timestamp="2020-12-09T10:37:23Z" user="Caravanserai" uid="10019202" lat="18.0065356" lon="-94.5555697"/>
 <node id="8209110176" visible="true" version="1" changeset="95546244" timestamp="2020-12-09T10:37:23Z" user="Caravanserai" uid="10019202" lat="18.0062537" lon="-94.5550333"/>
 <node id="8209110177" visible="true" version="1" changeset="95546244" timestamp="2020-12-09T10:37:23Z" user="Caravanserai" uid="10019202" lat="18.0059476" lon="-94.5544486"/>
 <node id="8209110178" visible="true" version="1" changeset="95546244" timestamp="2020-12-09T10:37:23Z" user="Caravanserai" uid="10019202" lat="18.0077281" lon="-94.5612185"/>
 <node id="8209110179" visible="true" version="1" changeset="95546244" timestamp="2020-12-09T10:37:23Z" user="Caravanserai" uid="10019202" lat="18.0068723" lon="-94.5561451"/>
 <node id="8209110180" visible="true" version="1" changeset="95546244" timestamp="2020-12-09T10:37:23Z" user="Caravanserai" uid="10019202" lat="18.0081541" lon="-94.5584652"/>
 <node id="8209110181" visible="true" version="1" changeset="95546244" timestamp="2020-12-09T10:37:23Z" user="Caravanserai" uid="10019202" lat="18.0087523" lon="-94.5595609"/>
 <node id="8209110182" visible="true" version="1" changeset="95546244" timestamp="2020-12-09T10:37:23Z" user="Caravanserai" uid="10019202" lat="18.0081885" lon="-94.5602556"/>
 <node id="8209139030" visible="true" version="1" changeset="95546504" timestamp="2020-12-09T10:40:48Z" user="Caravanserai" uid="10019202" lat="18.0068098" lon="-94.5577262"/>
 <node id="8209139031" visible="true" version="1" changeset="95546504" timestamp="2020-12-09T10:40:48Z" user="Caravanserai" uid="10019202" lat="18.0063124" lon="-94.5577437"/>
 <node id="8209139032" visible="true" version="1" changeset="95546504" timestamp="2020-12-09T10:40:48Z" user="Caravanserai" uid="10019202" lat="18.0062371" lon="-94.5578469"/>
 <node id="8209139033" visible="true" version="1" changeset="95546504" timestamp="2020-12-09T10:40:48Z" user="Caravanserai" uid="10019202" lat="18.0062065" lon="-94.5579623"/>
 <node id="8209139034" visible="true" version="1" changeset="95546504" timestamp="2020-12-09T10:40:48Z" user="Caravanserai" uid="10019202" lat="18.0062346" lon="-94.5583633"/>
 <node id="8209139035" visible="true" version="1" changeset="95546504" timestamp="2020-12-09T10:40:48Z" user="Caravanserai" uid="10019202" lat="18.0063927" lon="-94.5583901"/>
 <node id="8209139036" visible="true" version="1" changeset="95546504" timestamp="2020-12-09T10:40:48Z" user="Caravanserai" uid="10019202" lat="18.0063787" lon="-94.5579717"/>
 <node id="8209139037" visible="true" version="1" changeset="95546504" timestamp="2020-12-09T10:40:48Z" user="Caravanserai" uid="10019202" lat="18.0068098" lon="-94.5579676"/>
 <node id="8209139038" visible="true" version="1" changeset="95546504" timestamp="2020-12-09T10:40:48Z" user="Caravanserai" uid="10019202" lat="18.0055573" lon="-94.5552948"/>
 <node id="8209139039" visible="true" version="1" changeset="95546504" timestamp="2020-12-09T10:40:48Z" user="Caravanserai" uid="10019202" lat="18.0055573" lon="-94.5551701"/>
 <node id="8209139040" visible="true" version="1" changeset="95546504" timestamp="2020-12-09T10:40:48Z" user="Caravanserai" uid="10019202" lat="18.0056709" lon="-94.5551647"/>
 <node id="8209139041" visible="true" version="1" changeset="95546504" timestamp="2020-12-09T10:40:48Z" user="Caravanserai" uid="10019202" lat="18.0056647" lon="-94.5547223"/>
 <node id="8209139042" visible="true" version="2" changeset="172639095" timestamp="2025-09-30T02:40:57Z" user="TecNM campus Minatitlán" uid="23257776" lat="18.0053665" lon="-94.5550057"/>
 <node id="8209139043" visible="true" version="2" changeset="172639095" timestamp="2025-09-30T02:40:57Z" user="TecNM campus Minatitlán" uid="23257776" lat="18.0053724" lon="-94.5552945"/>
 <node id="8294577468" visible="true" version="1" changeset="97001860" timestamp="2021-01-05T19:32:19Z" user="127logs" uid="9633823" lat="18.0136625" lon="-94.5598371"/>
 <node id="8297956878" visible="true" version="1" changeset="97070320" timestamp="2021-01-06T20:29:13Z" user="127logs" uid="9633823" lat="18.0083684" lon="-94.5537351"/>
 <node id="8297956881" visible="true" version="1" changeset="97070320" timestamp="2021-01-06T20:29:13Z" user="127logs" uid="9633823" lat="18.0079628" lon="-94.5563516"/>
 <node id="8297956882" visible="true" version="1" changeset="97070320" timestamp="2021-01-06T20:29:13Z" user="127logs" uid="9633823" lat="18.0078710" lon="-94.5563838"/>
 <node id="8297956883" visible="true" version="1" changeset="97070320" timestamp="2021-01-06T20:29:13Z" user="127logs" uid="9633823" lat="18.0078212" lon="-94.5563851"/>
 <node id="8297956884" visible="true" version="1" changeset="97070320" timestamp="2021-01-06T20:29:13Z" user="127logs" uid="9633823" lat="18.0077523" lon="-94.5563449"/>
 <node id="8297956885" visible="true" version="1" changeset="97070320" timestamp="2021-01-06T20:29:13Z" user="127logs" uid="9633823" lat="18.0076873" lon="-94.5563543"/>
 <node id="8297956886" visible="true" version="1" changeset="97070320" timestamp="2021-01-06T20:29:13Z" user="127logs" uid="9633823" lat="18.0072176" lon="-94.5566500"/>
 <node id="8297956888" visible="true" version="1" changeset="97070320" timestamp="2021-01-06T20:29:13Z" user="127logs" uid="9633823" lat="18.0081579" lon="-94.5551513"/>
 <node id="8297956889" visible="true" version="1" changeset="97070320" timestamp="2021-01-06T20:29:13Z" user="127logs" uid="9633823" lat="18.0081949" lon="-94.5553498"/>
 <node id="8297956890" visible="true" version="1" changeset="97070320" timestamp="2021-01-06T20:29:13Z" user="127logs" uid="9633823" lat="18.0082255" lon="-94.5552760"/>
 <node id="8297976268" visible="true" version="1" changeset="97070097" timestamp="2021-01-06T20:22:38Z" user="127logs" uid="9633823" lat="18.0077160" lon="-94.5538251"/>
 <node id="8297976269" visible="true" version="1" changeset="97070097" timestamp="2021-01-06T20:22:38Z" user="127logs" uid="9633823" lat="18.0076133" lon="-94.5538236"/>
 <node id="8297976270" visible="true" version="1" changeset="97070097" timestamp="2021-01-06T20:22:38Z" user="127logs" uid="9633823" lat="18.0077474" lon="-94.5538255"/>
 <node id="8298067489" visible="true" version="1" changeset="97071233" timestamp="2021-01-06T20:57:33Z" user="127logs" uid="9633823" lat="18.0066522" lon="-94.5512047"/>
 <node id="8298119725" visible="true" version="1" changeset="97071705" timestamp="2021-01-06T21:11:23Z" user="127logs" uid="9633823" lat="18.0074973" lon="-94.5535769"/>
 <node id="8298119726" visible="true" version="1" changeset="97071705" timestamp="2021-01-06T21:11:23Z" user="127logs" uid="9633823" lat="18.0072728" lon="-94.5530615"/>
 <node id="8298124299" visible="true" version="1" changeset="97071858" timestamp="2021-01-06T21:17:31Z" user="127logs" uid="9633823" lat="18.0069858" lon="-94.5555952"/>
 <node id="8298124300" visible="true" version="1" changeset="97071858" timestamp="2021-01-06T21:17:31Z" user="127logs" uid="9633823" lat="18.0068506" lon="-94.5553377"/>
 <node id="8298124301" visible="true" version="1" changeset="97071858" timestamp="2021-01-06T21:17:31Z" user="127logs" uid="9633823" lat="18.0072945" lon="-94.5563892"/>
 <node id="8298124302" visible="true" version="1" changeset="97071858" timestamp="2021-01-06T21:17:31Z" user="127logs" uid="9633823" lat="18.0071364" lon="-94.5565033"/>
 <node id="8298140169" visible="true" version="1" changeset="97072023" timestamp="2021-01-06T21:23:15Z" user="127logs" uid="9633823" lat="18.0060216" lon="-94.5592564"/>
 <node id="8298140170" visible="true" version="1" changeset="97072023" timestamp="2021-01-06T21:23:15Z" user="127logs" uid="9633823" lat="18.0058172" lon="-94.5588970"/>
 <node id="9210651297" visible="true" version="1" changeset="113135791" timestamp="2021-10-29T18:06:11Z" user="juan manuel hevyx" uid="14374108" lat="18.0052734" lon="-94.5553704"/>
 <node id="9210651298" visible="true" version="1" changeset="113135791" timestamp="2021-10-29T18:06:11Z" user="juan manuel hevyx" uid="14374108" lat="18.0052940" lon="-94.5551116"/>
 <node id="9210651299" visible="true" version="1" changeset="113135791" timestamp="2021-10-29T18:06:11Z" user="juan manuel hevyx" uid="14374108" lat="18.0049921" lon="-94.5553935"/>
 <node id="9210651300" visible="true" version="1" changeset="113135791" timestamp="2021-10-29T18:06:11Z" user="juan manuel hevyx" uid="14374108" lat="18.0050317" lon="-94.5554212"/>
 <node id="9210651301" visible="true" version="1" changeset="113135791" timestamp="2021-10-29T18:06:11Z" user="juan manuel hevyx" uid="14374108" lat="18.0052423" lon="-94.5554139"/>
 <node id="9210651302" visible="true" version="2" changeset="172639095" timestamp="2025-09-30T02:40:57Z" user="TecNM campus Minatitlán" uid="23257776" lat="18.0052652" lon="-94.5554204"/>
 <node id="9210651303" visible="true" version="1" changeset="113135791" timestamp="2021-10-29T18:06:11Z" user="juan manuel hevyx" uid="14374108" lat="18.0052954" lon="-94.5553627"/>
 <node id="9210651304" visible="true" version="1" changeset="113135791" timestamp="2021-10-29T18:06:11Z" user="juan manuel hevyx" uid="14374108" lat="18.0050864" lon="-94.5551608"/>
 <node id="9210651305" visible="true" version="1" changeset="113135791" timestamp="2021-10-29T18:06:11Z" user="juan manuel hevyx" uid="14374108" lat="18.0051426" lon="-94.5552530"/>
 <node id="9210651306" visible="true" version="1" changeset="113135791" timestamp="2021-10-29T18:06:11Z" user="juan manuel hevyx" uid="14374108" lat="18.0051670" lon="-94.5552960"/>
 <node id="9210651307" visible="true" version="1" changeset="113135791" timestamp="2021-10-29T18:06:11Z" user="juan manuel hevyx" uid="14374108" lat="18.0052596" lon="-94.5551986"/>
 <node id="9210651308" visible="true" version="2" changeset="172639095" timestamp="2025-09-30T02:40:57Z" user="TecNM campus Minatitlán" uid="23257776" lat="18.0052802" lon="-94.5553454"/>
 <node id="9210651310" visible="true" version="1" changeset="113135791" timestamp="2021-10-29T18:06:11Z" user="juan manuel hevyx" uid="14374108" lat="18.0050688" lon="-94.5553896"/>
 <node id="11071924657" visible="true" version="1" changeset="139105870" timestamp="2023-07-27T20:17:13Z" user="म्यापर" uid="17365610" lat="18.0082808" lon="-94.5520937"/>
 <node id="11071924658" visible="true" version="1" changeset="139105870" timestamp="2023-07-27T20:17:13Z" user="म्यापर" uid="17365610" lat="18.0070493" lon="-94.5530235"/>
 <node id="11071924686" visible="true" version="1" changeset="139105870" timestamp="2023-07-27T20:17:13Z" user="म्यापर" uid="17365610" lat="18.0212676" lon="-94.5395673"/>
 <node id="11071924792" visible="true" version="1" changeset="139105870" timestamp="2023-07-27T20:17:13Z" user="म्यापर" uid="17365610" lat="18.0037516" lon="-94.5562261">
  <tag k="highway" v="crossing"/>
 </node>
 <node id="11071924793" visible="true" version="1" changeset="139105870" timestamp="2023-07-27T20:17:13Z" user="म्यापर" uid="17365610" lat="18.0038529" lon="-94.5563452">
  <tag k="highway" v="crossing"/>
 </node>
 <node id="13134953756" visible="true" version="1" changeset="171755106" timestamp="2025-09-10T20:25:50Z" user="AndresSM30" uid="23279192" lat="18.0067849" lon="-94.5590118"/>
 <node id="13134953757" visible="true" version="1" changeset="171755106" timestamp="2025-09-10T20:25:50Z" user="AndresSM30" uid="23279192" lat="18.0066508" lon="-94.5587393"/>
 <node id="13134953758" visible="true" version="1" changeset="171755106" timestamp="2025-09-10T20:25:50Z" user="AndresSM30" uid="23279192" lat="18.0064912" lon="-94.5588242"/>
 <node id="13134953759" visible="true" version="1" changeset="171755106" timestamp="2025-09-10T20:25:50Z" user="AndresSM30" uid="23279192" lat="18.0066338" lon="-94.5591090"/>
 <node id="13134953760" visible="true" version="1" changeset="171755106" timestamp="2025-09-10T20:25:50Z" user="AndresSM30" uid="23279192" lat="18.0069948" lon="-94.5583335"/>
 <node id="13134953761" visible="true" version="1" changeset="171755106" timestamp="2025-09-10T20:25:50Z" user="AndresSM30" uid="23279192" lat="18.0070984" lon="-94.5578625"/>
 <node id="13134953762" visible="true" version="1" changeset="171755106" timestamp="2025-09-10T20:25:50Z" user="AndresSM30" uid="23279192" lat="18.0068985" lon="-94.5578063"/>
 <node id="13134953763" visible="true" version="1" changeset="171755106" timestamp="2025-09-10T20:25:50Z" user="AndresSM30" uid="23279192" lat="18.0068268" lon="-94.5583116"/>
 <node id="13139673259" visible="true" version="1" changeset="171845725" timestamp="2025-09-12T18:31:44Z" user="AndresSM30" uid="23279192" lat="18.0060325" lon="-94.5576709">
  <tag k="leisure" v="sports_centre"/>
  <tag k="name" v="Domo"/>
 </node>
 <node id="13139673260" visible="true" version="2" changeset="172667502" timestamp="2025-09-30T15:53:11Z" user="TecNM campus Minatitlán" uid="23257776" lat="18.0064814" lon="-94.5574778">
  <tag k="name" v="Edificio. LISC"/>
  <tag k="office" v="it"/>
 </node>
 <node id="13139673261" visible="true" version="1" changeset="171845725" timestamp="2025-09-12T18:31:44Z" user="AndresSM30" uid="23279192" lat="18.0064557" lon="-94.5571071">
  <tag k="amenity" v="cafe"/>
  <tag k="name" v="Cafeteria"/>
 </node>
 <node id="13139673262" visible="true" version="2" changeset="172667502" timestamp="2025-09-30T15:53:11Z" user="TecNM campus Minatitlán" uid="23257776" lat="18.0062283" lon="-94.5571291">
  <tag k="addr:city" v="Minatitlán"/>
  <tag k="addr:postcode" v="96848"/>
  <tag k="addr:state" v="Ver"/>
  <tag k="addr:street" v="Boulevard Instituto Tecnológico (Carretera Transístmica)"/>
  <tag k="amenity" v="school"/>
  <tag k="grades" v="2"/>
  <tag k="name" v="Edificio H"/>
  <tag k="operator" v="Aulas de Clases"/>
  <tag k="operator:type" v="clases"/>
 </node>
 <node id="13139673263" visible="true" version="1" changeset="171845725" timestamp="2025-09-12T18:31:44Z" user="AndresSM30" uid="23279192" lat="18.0059792" lon="-94.5571236">
  <tag k="amenity" v="school"/>
  <tag k="name" v="Edificio G"/>
 </node>
 <node id="13139673264" visible="true" version="1" changeset="171845725" timestamp="2025-09-12T18:31:44Z" user="AndresSM30" uid="23279192" lat="18.0067100" lon="-94.5574720">
  <tag k="amenity" v="research_institute"/>
  <tag k="name" v="Edificio LIE-2"/>
 </node>
 <node id="13139673265" visible="true" version="2" changeset="173294474" timestamp="2025-10-14T21:24:17Z" user="AndresSM30" uid="23279192" lat="18.0069005" lon="-94.5574331">
  <tag k="amenity" v="research_institute"/>
  <tag k="name" v="Edificio LIE-1"/>
 </node>
 <node id="13139673266" visible="true" version="1" changeset="171845725" timestamp="2025-09-12T18:31:44Z" user="AndresSM30" uid="23279192" lat="18.0071819" lon="-94.5574421">
  <tag k="amenity" v="school"/>
  <tag k="name" v="Edificio CECT"/>
 </node>
 <node id="13139673267" visible="true" version="1" changeset="171845725" timestamp="2025-09-12T18:31:44Z" user="AndresSM30" uid="23279192" lat="18.0066718" lon="-94.5570638">
  <tag k="name" v="Suabastacion"/>
  <tag k="power" v="substation"/>
 </node>
 <node id="13139673268" visible="true" version="1" changeset="171845725" timestamp="2025-09-12T18:31:44Z" user="AndresSM30" uid="23279192" lat="18.0061041" lon="-94.5567783"/>
 <node id="13139673269" visible="true" version="1" changeset="171845725" timestamp="2025-09-12T18:31:44Z" user="AndresSM30" uid="23279192" lat="18.0061049" lon="-94.5565778"/>
 <node id="13139673270" visible="true" version="2" changeset="172667502" timestamp="2025-09-30T15:53:11Z" user="TecNM campus Minatitlán" uid="23257776" lat="18.0059212" lon="-94.5565702">
  <tag k="crossing" v="unmarked"/>
  <tag k="crossing:markings" v="no"/>
  <tag k="highway" v="crossing"/>
 </node>
 <node id="13139673271" visible="true" version="1" changeset="171845725" timestamp="2025-09-12T18:31:44Z" user="AndresSM30" uid="23279192" lat="18.0059194" lon="-94.5567823"/>
 <node id="13139673272" visible="true" version="1" changeset="171845725" timestamp="2025-09-12T18:31:44Z" user="AndresSM30" uid="23279192" lat="18.0063285" lon="-94.5566627">
  <tag k="amenity" v="library"/>
  <tag k="name" v="Edificio O"/>
 </node>
 <node id="13139673273" visible="true" version="1" changeset="171845725" timestamp="2025-09-12T18:31:44Z" user="AndresSM30" uid="23279192" lat="18.0067243" lon="-94.5566346">
  <tag k="amenity" v="school"/>
  <tag k="name" v="Edificio J"/>
 </node>
 <node id="13139673274" visible="true" version="1" changeset="171845725" timestamp="2025-09-12T18:31:44Z" user="AndresSM30" uid="23279192" lat="18.0069246" lon="-94.5567560">
  <tag k="amenity" v="school"/>
  <tag k="name" v="Edificio I"/>
 </node>
 <node id="13139673275" visible="true" version="1" changeset="171845725" timestamp="2025-09-12T18:31:44Z" user="AndresSM30" uid="23279192" lat="18.0056146" lon="-94.5571032">
  <tag k="amenity" v="research_institute"/>
  <tag k="name" v="Edificio de LII"/>
 </node>
 <node id="13139673276" visible="true" version="1" changeset="171845725" timestamp="2025-09-12T18:31:44Z" user="AndresSM30" uid="23279192" lat="18.0055757" lon="-94.5567752">
  <tag k="amenity" v="school"/>
  <tag k="name" v="Edificio E"/>
 </node>
 <node id="13139673277" visible="true" version="1" changeset="171845725" timestamp="2025-09-12T18:31:44Z" user="AndresSM30" uid="23279192" lat="18.0054216" lon="-94.5567909">
  <tag k="amenity" v="language_school"/>
  <tag k="name" v="Edificio CI"/>
 </node>
 <node id="13139673278" visible="true" version="1" changeset="171845725" timestamp="2025-09-12T18:31:44Z" user="AndresSM30" uid="23279192" lat="18.0055249" lon="-94.5563057">
  <tag k="amenity" v="school"/>
  <tag k="name" v="Edificio D"/>
 </node>
 <node id="13139673279" visible="true" version="1" changeset="171845725" timestamp="2025-09-12T18:31:44Z" user="AndresSM30" uid="23279192" lat="18.0052848" lon="-94.5564048">
  <tag k="amenity" v="school"/>
  <tag k="name" v="Edificio C"/>
 </node>
 <node id="13139673280" visible="true" version="1" changeset="171845725" timestamp="2025-09-12T18:31:44Z" user="AndresSM30" uid="23279192" lat="18.0057926" lon="-94.5565833">
  <tag k="amenity" v="school"/>
  <tag k="name" v="Edificio F"/>
 </node>
 <node id="13139673281" visible="true" version="1" changeset="171845725" timestamp="2025-09-12T18:31:44Z" user="AndresSM30" uid="23279192" lat="18.0060021" lon="-94.5562137">
  <tag k="amenity" v="school"/>
  <tag k="name" v="Edificio DPI"/>
 </node>
 <node id="13139673282" visible="true" version="1" changeset="171845725" timestamp="2025-09-12T18:31:44Z" user="AndresSM30" uid="23279192" lat="18.0057126" lon="-94.5560406">
  <tag k="amenity" v="school"/>
  <tag k="name" v="Edificio LQG"/>
 </node>
 <node id="13139673283" visible="true" version="1" changeset="171845725" timestamp="2025-09-12T18:31:44Z" user="AndresSM30" uid="23279192" lat="18.0059295" lon="-94.5557874">
  <tag k="amenity" v="research_institute"/>
  <tag k="name" v="Edificio UVMA"/>
 </node>
 <node id="13139673284" visible="true" version="2" changeset="172639095" timestamp="2025-09-30T02:40:57Z" user="TecNM campus Minatitlán" uid="23257776" lat="18.0056381" lon="-94.5560885"/>
 <node id="13139673285" visible="true" version="2" changeset="172639095" timestamp="2025-09-30T02:40:57Z" user="TecNM campus Minatitlán" uid="23257776" lat="18.0056372" lon="-94.5558704"/>
 <node id="13139673286" visible="true" version="2" changeset="172639095" timestamp="2025-09-30T02:40:57Z" user="TecNM campus Minatitlán" uid="23257776" lat="18.0053774" lon="-94.5558710"/>
 <node id="13139673287" visible="true" version="2" changeset="172639095" timestamp="2025-09-30T02:40:57Z" user="TecNM campus Minatitlán" uid="23257776" lat="18.0053736" lon="-94.5560861"/>
 <node id="13139673288" visible="true" version="1" changeset="171845725" timestamp="2025-09-12T18:31:44Z" user="AndresSM30" uid="23279192" lat="18.0050462" lon="-94.5563930">
  <tag k="amenity" v="school"/>
  <tag k="name" v="Edificio AC"/>
 </node>
 <node id="13139673289" visible="true" version="2" changeset="172639812" timestamp="2025-09-30T03:24:35Z" user="TecNM campus Minatitlán" uid="23257776" lat="18.0049725" lon="-94.5562700">
  <tag k="amenity" v="school"/>
  <tag k="name" v="Entrada lateral"/>
 </node>
 <node id="13139673290" visible="true" version="1" changeset="171845725" timestamp="2025-09-12T18:31:44Z" user="AndresSM30" uid="23279192" lat="18.0053377" lon="-94.5554330">
  <tag k="amenity" v="school"/>
  <tag k="name" v="Entrada principal"/>
 </node>
 <node id="13139673291" visible="true" version="2" changeset="172639095" timestamp="2025-09-30T02:40:57Z" user="TecNM campus Minatitlán" uid="23257776" lat="18.0051780" lon="-94.5558909">
  <tag k="addr:city" v="Minatitlán"/>
  <tag k="addr:postcode" v="96848"/>
  <tag k="addr:state" v="Ver"/>
  <tag k="addr:street" v="Boulevard Instituto Tecnológico (Carretera Transístmica)"/>
  <tag k="name" v="Edificio ACB"/>
  <tag k="office" v="educational_institution"/>
  <tag k="opening_hours" v="Mo-Fr 09:00-18:00"/>
  <tag k="phone" v="9222224345"/>
  <tag k="website" v="https://minatitlan.tecnm.mx/"/>
 </node>
 <node id="13139673292" visible="true" version="1" changeset="171845725" timestamp="2025-09-12T18:31:44Z" user="AndresSM30" uid="23279192" lat="18.0049462" lon="-94.5558862">
  <tag k="name" v="Edificio ACA"/>
  <tag k="office" v="educational_institution"/>
 </node>
 <node id="13139673293" visible="true" version="1" changeset="171845725" timestamp="2025-09-12T18:31:44Z" user="AndresSM30" uid="23279192" lat="18.0054250" lon="-94.5556422">
  <tag k="amenity" v="school"/>
  <tag k="name" v="Edificio B"/>
 </node>
 <node id="13139673294" visible="true" version="1" changeset="171845725" timestamp="2025-09-12T18:31:44Z" user="AndresSM30" uid="23279192" lat="18.0056457" lon="-94.5553636">
  <tag k="amenity" v="school"/>
  <tag k="name" v="Edificio A"/>
 </node>
 <node id="13139673295" visible="true" version="1" changeset="171845725" timestamp="2025-09-12T18:31:44Z" user="AndresSM30" uid="23279192" lat="18.0058157" lon="-94.5549459">
  <tag k="amenity" v="research_institute"/>
  <tag k="name" v="Edificio LIQP"/>
 </node>
 <node id="13139673296" visible="true" version="1" changeset="171845725" timestamp="2025-09-12T18:31:44Z" user="AndresSM30" uid="23279192" lat="18.0060110" lon="-94.5553519">
  <tag k="amenity" v="research_institute"/>
  <tag k="name" v="Edificio LCI"/>
 </node>
 <node id="13139673297" visible="true" version="1" changeset="171845725" timestamp="2025-09-12T18:31:44Z" user="AndresSM30" uid="23279192" lat="18.0062752" lon="-94.5557267">
  <tag k="amenity" v="school"/>
  <tag k="name" v="Edificio LIEM"/>
 </node>
 <node id="13139673298" visible="true" version="1" changeset="171845725" timestamp="2025-09-12T18:31:44Z" user="AndresSM30" uid="23279192" lat="18.0066420" lon="-94.5562375">
  <tag k="amenity" v="school"/>
  <tag k="name" v="Edificio LAI"/>
 </node>
 <node id="13139673299" visible="true" version="1" changeset="171845725" timestamp="2025-09-12T18:31:44Z" user="AndresSM30" uid="23279192" lat="18.0066074" lon="-94.5560301">
  <tag k="amenity" v="cafe"/>
  <tag k="name" v="Palapa"/>
 </node>
 <node id="13139673300" visible="true" version="1" changeset="171845725" timestamp="2025-09-12T18:31:44Z" user="AndresSM30" uid="23279192" lat="18.0065110" lon="-94.5559496">
  <tag k="amenity" v="school"/>
  <tag k="name" v="Edificio V"/>
 </node>
 <node id="13139686801" visible="true" version="1" changeset="171845725" timestamp="2025-09-12T18:31:44Z" user="AndresSM30" uid="23279192" lat="18.0065002" lon="-94.5556790">
  <tag k="amenity" v="school"/>
  <tag k="name" v="Edificio S.G"/>
 </node>
 <node id="13139686802" visible="true" version="1" changeset="171845725" timestamp="2025-09-12T18:31:44Z" user="AndresSM30" uid="23279192" lat="18.0059472" lon="-94.5546294">
  <tag k="amenity" v="school"/>
  <tag k="name" v="Edificio X"/>
 </node>
 <node id="13182425683" visible="true" version="1" changeset="172639095" timestamp="2025-09-30T02:40:57Z" user="TecNM campus Minatitlán" uid="23257776" lat="18.0052702" lon="-94.5557474"/>
 <node id="13182425684" visible="true" version="1" changeset="172639095" timestamp="2025-09-30T02:40:57Z" user="TecNM campus Minatitlán" uid="23257776" lat="18.0052662" lon="-94.5560408"/>
 <node id="13182425685" visible="true" version="1" changeset="172639095" timestamp="2025-09-30T02:40:57Z" user="TecNM campus Minatitlán" uid="23257776" lat="18.0050907" lon="-94.5560346"/>
 <node id="13182425686" visible="true" version="1" changeset="172639095" timestamp="2025-09-30T02:40:57Z" user="TecNM campus Minatitlán" uid="23257776" lat="18.0050915" lon="-94.5557475"/>
 <node id="13182425687" visible="true" version="1" changeset="172639095" timestamp="2025-09-30T02:40:57Z" user="TecNM campus Minatitlán" uid="23257776" lat="18.0050135" lon="-94.5560340"/>
 <node id="13182425688" visible="true" version="1" changeset="172639095" timestamp="2025-09-30T02:40:57Z" user="TecNM campus Minatitlán" uid="23257776" lat="18.0050116" lon="-94.5557564"/>
 <node id="13182425689" visible="true" version="1" changeset="172639095" timestamp="2025-09-30T02:40:57Z" user="TecNM campus Minatitlán" uid="23257776" lat="18.0048987" lon="-94.5557528"/>
 <node id="13182425690" visible="true" version="1" changeset="172639095" timestamp="2025-09-30T02:40:57Z" user="TecNM campus Minatitlán" uid="23257776" lat="18.0048992" lon="-94.5560323"/>
 <node id="13182425691" visible="true" version="1" changeset="172639095" timestamp="2025-09-30T02:40:57Z" user="TecNM campus Minatitlán" uid="23257776" lat="18.0052110" lon="-94.5554186"/>
 <node id="13182425692" visible="true" version="1" changeset="172639095" timestamp="2025-09-30T02:40:57Z" user="TecNM campus Minatitlán" uid="23257776" lat="18.0051160" lon="-94.5554171"/>
 <node id="13182425693" visible="true" version="1" changeset="172639095" timestamp="2025-09-30T02:40:57Z" user="TecNM campus Minatitlán" uid="23257776" lat="18.0053283" lon="-94.5549285"/>
 <node id="13182425694" visible="true" version="1" changeset="172639095" timestamp="2025-09-30T02:40:57Z" user="TecNM campus Minatitlán" uid="23257776" lat="18.0053398" lon="-94.5556973">
  <tag k="crossing" v="unmarked"/>
  <tag k="crossing:markings" v="no"/>
  <tag k="highway" v="crossing"/>
 </node>
 <node id="13182425695" visible="true" version="1" changeset="172639095" timestamp="2025-09-30T02:40:57Z" user="TecNM campus Minatitlán" uid="23257776" lat="18.0050758" lon="-94.5557000"/>
 <node id="13182425696" visible="true" version="1" changeset="172639095" timestamp="2025-09-30T02:40:57Z" user="TecNM campus Minatitlán" uid="23257776" lat="18.0050745" lon="-94.5560997"/>
 <node id="13182425697" visible="true" version="1" changeset="172639095" timestamp="2025-09-30T02:40:57Z" user="TecNM campus Minatitlán" uid="23257776" lat="18.0053372" lon="-94.5560956"/>
 <node id="13182425698" visible="true" version="1" changeset="172639095" timestamp="2025-09-30T02:40:57Z" user="TecNM campus Minatitlán" uid="23257776" lat="18.0053393" lon="-94.5557751"/>
 <node id="13182425699" visible="true" version="1" changeset="172639095" timestamp="2025-09-30T02:40:57Z" user="TecNM campus Minatitlán" uid="23257776" lat="18.0053395" lon="-94.5557362"/>
 <node id="13182425700" visible="true" version="1" changeset="172639095" timestamp="2025-09-30T02:40:57Z" user="TecNM campus Minatitlán" uid="23257776" lat="18.0049142" lon="-94.5553262"/>
 <node id="13182469801" visible="true" version="1" changeset="172639095" timestamp="2025-09-30T02:40:57Z" user="TecNM campus Minatitlán" uid="23257776" lat="18.0049905" lon="-94.5554310"/>
 <node id="13182469802" visible="true" version="1" changeset="172639095" timestamp="2025-09-30T02:40:57Z" user="TecNM campus Minatitlán" uid="23257776" lat="18.0053358" lon="-94.5554340"/>
 <node id="13182469803" visible="true" version="1" changeset="172639095" timestamp="2025-09-30T02:40:57Z" user="TecNM campus Minatitlán" uid="23257776" lat="18.0052908" lon="-94.5554336"/>
 <node id="13182469804" visible="true" version="1" changeset="172639095" timestamp="2025-09-30T02:40:57Z" user="TecNM campus Minatitlán" uid="23257776" lat="18.0055202" lon="-94.5551291"/>
 <node id="13182469805" visible="true" version="1" changeset="172639095" timestamp="2025-09-30T02:40:57Z" user="TecNM campus Minatitlán" uid="23257776" lat="18.0054812" lon="-94.5551917"/>
 <node id="13182469806" visible="true" version="1" changeset="172639095" timestamp="2025-09-30T02:40:57Z" user="TecNM campus Minatitlán" uid="23257776" lat="18.0055015" lon="-94.5549753"/>
 <node id="13182469807" visible="true" version="2" changeset="172665393" timestamp="2025-09-30T15:11:48Z" user="TecNM campus Minatitlán" uid="23257776" lat="18.0054933" lon="-94.5558462"/>
 <node id="13182469808" visible="true" version="1" changeset="172639095" timestamp="2025-09-30T02:40:57Z" user="TecNM campus Minatitlán" uid="23257776" lat="18.0054917" lon="-94.5554390"/>
 <node id="13182469809" visible="true" version="1" changeset="172639095" timestamp="2025-09-30T02:40:57Z" user="TecNM campus Minatitlán" uid="23257776" lat="18.0053718" lon="-94.5554402"/>
 <node id="13182469810" visible="true" version="1" changeset="172639095" timestamp="2025-09-30T02:40:57Z" user="TecNM campus Minatitlán" uid="23257776" lat="18.0053718" lon="-94.5558453"/>
 <node id="13182469811" visible="true" version="1" changeset="172639095" timestamp="2025-09-30T02:40:57Z" user="TecNM campus Minatitlán" uid="23257776" lat="18.0053907" lon="-94.5558476"/>
 <node id="13182469812" visible="true" version="1" changeset="172639095" timestamp="2025-09-30T02:40:57Z" user="TecNM campus Minatitlán" uid="23257776" lat="18.0055095" lon="-94.5558695"/>
 <node id="13182469813" visible="true" version="1" changeset="172639095" timestamp="2025-09-30T02:40:57Z" user="TecNM campus Minatitlán" uid="23257776" lat="18.0053387" lon="-94.5558605">
  <tag k="crossing" v="unmarked"/>
  <tag k="crossing:markings" v="no"/>
  <tag k="highway" v="crossing"/>
 </node>
 <node id="13182469814" visible="true" version="1" changeset="172639095" timestamp="2025-09-30T02:40:57Z" user="TecNM campus Minatitlán" uid="23257776" lat="18.0058989" lon="-94.5558675">
  <tag k="crossing" v="unmarked"/>
  <tag k="crossing:markings" v="no"/>
  <tag k="highway" v="crossing"/>
 </node>
 <node id="13182469815" visible="true" version="1" changeset="172639095" timestamp="2025-09-30T02:40:57Z" user="TecNM campus Minatitlán" uid="23257776" lat="18.0057967" lon="-94.5558665">
  <tag k="crossing" v="unmarked"/>
  <tag k="crossing:markings" v="no"/>
  <tag k="highway" v="crossing"/>
 </node>
 <node id="13182469816" visible="true" version="1" changeset="172639095" timestamp="2025-09-30T02:40:57Z" user="TecNM campus Minatitlán" uid="23257776" lat="18.0057658" lon="-94.5558661"/>
 <node id="13182469817" visible="true" version="1" changeset="172639095" timestamp="2025-09-30T02:40:57Z" user="TecNM campus Minatitlán" uid="23257776" lat="18.0053362" lon="-94.5554566"/>
 <node id="13182469818" visible="true" version="1" changeset="172639095" timestamp="2025-09-30T02:40:57Z" user="TecNM campus Minatitlán" uid="23257776" lat="18.0053593" lon="-94.5554542">
  <tag k="crossing" v="unmarked"/>
  <tag k="crossing:markings" v="no"/>
  <tag k="highway" v="crossing"/>
 </node>
 <node id="13182469819" visible="true" version="1" changeset="172639095" timestamp="2025-09-30T02:40:57Z" user="TecNM campus Minatitlán" uid="23257776" lat="18.0053837" lon="-94.5554239"/>
 <node id="13182469820" visible="true" version="2" changeset="172639812" timestamp="2025-09-30T03:24:35Z" user="TecNM campus Minatitlán" uid="23257776" lat="18.0055077" lon="-94.5554239"/>
 <node id="13182469821" visible="true" version="2" changeset="172639812" timestamp="2025-09-30T03:24:35Z" user="TecNM campus Minatitlán" uid="23257776" lat="18.0055048" lon="-94.5555110"/>
 <node id="13182469822" visible="true" version="1" changeset="172639095" timestamp="2025-09-30T02:40:57Z" user="TecNM campus Minatitlán" uid="23257776" lat="18.0058012" lon="-94.5555126">
  <tag k="crossing" v="unmarked"/>
  <tag k="crossing:markings" v="no"/>
  <tag k="highway" v="crossing"/>
 </node>
 <node id="13182469823" visible="true" version="1" changeset="172639095" timestamp="2025-09-30T02:40:57Z" user="TecNM campus Minatitlán" uid="23257776" lat="18.0057236" lon="-94.5555107"/>
 <node id="13182469824" visible="true" version="1" changeset="172639095" timestamp="2025-09-30T02:40:57Z" user="TecNM campus Minatitlán" uid="23257776" lat="18.0057811" lon="-94.5563064"/>
 <node id="13182469825" visible="true" version="2" changeset="172639812" timestamp="2025-09-30T03:24:35Z" user="TecNM campus Minatitlán" uid="23257776" lat="18.0057803" lon="-94.5558398"/>
 <node id="13182469826" visible="true" version="2" changeset="172639812" timestamp="2025-09-30T03:24:35Z" user="TecNM campus Minatitlán" uid="23257776" lat="18.0056532" lon="-94.5558391"/>
 <node id="13182469827" visible="true" version="1" changeset="172639095" timestamp="2025-09-30T02:40:57Z" user="TecNM campus Minatitlán" uid="23257776" lat="18.0056536" lon="-94.5563064"/>
 <node id="13182505579" visible="true" version="1" changeset="172639812" timestamp="2025-09-30T03:24:35Z" user="TecNM campus Minatitlán" uid="23257776" lat="18.0062692" lon="-94.5554780"/>
 <node id="13182505580" visible="true" version="1" changeset="172639812" timestamp="2025-09-30T03:24:35Z" user="TecNM campus Minatitlán" uid="23257776" lat="18.0058110" lon="-94.5554759"/>
 <node id="13182505581" visible="true" version="1" changeset="172639812" timestamp="2025-09-30T03:24:35Z" user="TecNM campus Minatitlán" uid="23257776" lat="18.0058071" lon="-94.5552056"/>
 <node id="13182505582" visible="true" version="1" changeset="172639812" timestamp="2025-09-30T03:24:35Z" user="TecNM campus Minatitlán" uid="23257776" lat="18.0062672" lon="-94.5552137"/>
 <node id="13182505583" visible="true" version="1" changeset="172639812" timestamp="2025-09-30T03:24:35Z" user="TecNM campus Minatitlán" uid="23257776" lat="18.0053413" lon="-94.5566966"/>
 <node id="13182505584" visible="true" version="1" changeset="172639812" timestamp="2025-09-30T03:24:35Z" user="TecNM campus Minatitlán" uid="23257776" lat="18.0053402" lon="-94.5561946"/>
 <node id="13182505585" visible="true" version="1" changeset="172639812" timestamp="2025-09-30T03:24:35Z" user="TecNM campus Minatitlán" uid="23257776" lat="18.0052302" lon="-94.5561922"/>
 <node id="13182505586" visible="true" version="1" changeset="172639812" timestamp="2025-09-30T03:24:35Z" user="TecNM campus Minatitlán" uid="23257776" lat="18.0052269" lon="-94.5566954"/>
 <node id="13182505587" visible="true" version="1" changeset="172639812" timestamp="2025-09-30T03:24:35Z" user="TecNM campus Minatitlán" uid="23257776" lat="18.0050726" lon="-94.5562266">
  <tag k="crossing" v="unmarked"/>
  <tag k="crossing:markings" v="no"/>
  <tag k="highway" v="crossing"/>
 </node>
 <node id="13182505588" visible="true" version="1" changeset="172639812" timestamp="2025-09-30T03:24:35Z" user="TecNM campus Minatitlán" uid="23257776" lat="18.0056535" lon="-94.5562385">
  <tag k="crossing" v="unmarked"/>
  <tag k="crossing:markings" v="no"/>
  <tag k="highway" v="crossing"/>
 </node>
 <node id="13182505589" visible="true" version="1" changeset="172639812" timestamp="2025-09-30T03:24:35Z" user="TecNM campus Minatitlán" uid="23257776" lat="18.0054230" lon="-94.5562338"/>
 <node id="13182505590" visible="true" version="1" changeset="172639812" timestamp="2025-09-30T03:24:35Z" user="TecNM campus Minatitlán" uid="23257776" lat="18.0059221" lon="-94.5562465">
  <tag k="crossing" v="unmarked"/>
  <tag k="crossing:markings" v="no"/>
  <tag k="highway" v="crossing"/>
 </node>
 <node id="13182505591" visible="true" version="2" changeset="172667502" timestamp="2025-09-30T15:53:11Z" user="TecNM campus Minatitlán" uid="23257776" lat="18.0059271" lon="-94.5564093">
  <tag k="crossing" v="uncontrolled"/>
  <tag k="crossing:markings" v="yes"/>
  <tag k="highway" v="crossing"/>
 </node>
 <node id="13182505592" visible="true" version="1" changeset="172639812" timestamp="2025-09-30T03:24:35Z" user="TecNM campus Minatitlán" uid="23257776" lat="18.0061493" lon="-94.5566694">
  <tag k="crossing" v="unmarked"/>
  <tag k="crossing:markings" v="no"/>
  <tag k="highway" v="crossing"/>
 </node>
 <node id="13182505593" visible="true" version="1" changeset="172639812" timestamp="2025-09-30T03:24:35Z" user="TecNM campus Minatitlán" uid="23257776" lat="18.0061493" lon="-94.5574664">
  <tag k="crossing" v="unmarked"/>
  <tag k="crossing:markings" v="no"/>
  <tag k="highway" v="crossing"/>
 </node>
 <node id="13182505594" visible="true" version="2" changeset="172665393" timestamp="2025-09-30T15:11:48Z" user="TecNM campus Minatitlán" uid="23257776" lat="18.0063259" lon="-94.5574680"/>
 <node id="13182505595" visible="true" version="1" changeset="172639812" timestamp="2025-09-30T03:24:35Z" user="TecNM campus Minatitlán" uid="23257776" lat="18.0058612" lon="-94.5562447"/>
 <node id="13182505596" visible="true" version="1" changeset="172639812" timestamp="2025-09-30T03:24:35Z" user="TecNM campus Minatitlán" uid="23257776" lat="18.0053688" lon="-94.5562327">
  <tag k="crossing" v="unmarked"/>
  <tag k="crossing:markings" v="no"/>
  <tag k="highway" v="crossing"/>
 </node>
 <node id="13182505597" visible="true" version="1" changeset="172639812" timestamp="2025-09-30T03:24:35Z" user="TecNM campus Minatitlán" uid="23257776" lat="18.0049682" lon="-94.5563198"/>
 <node id="13182505598" visible="true" version="1" changeset="172639812" timestamp="2025-09-30T03:24:35Z" user="TecNM campus Minatitlán" uid="23257776" lat="18.0050034" lon="-94.5562883"/>
 <node id="13182505599" visible="true" version="2" changeset="172720992" timestamp="2025-10-01T19:07:16Z" user="Angel H Cervantes" uid="23254573" lat="18.0055050" lon="-94.5558627"/>
 <node id="13182505600" visible="true" version="1" changeset="172639812" timestamp="2025-09-30T03:24:35Z" user="TecNM campus Minatitlán" uid="23257776" lat="18.0055050" lon="-94.5557795"/>
 <node id="13182720922" visible="true" version="1" changeset="172639882" timestamp="2025-09-30T03:28:46Z" user="TecNM campus Minatitlán" uid="23257776" lat="18.0053690" lon="-94.5561828"/>
 <node id="13182727301" visible="true" version="1" changeset="172639812" timestamp="2025-09-30T03:24:35Z" user="TecNM campus Minatitlán" uid="23257776" lat="18.0050752" lon="-94.5558712"/>
 <node id="13182727302" visible="true" version="1" changeset="172639812" timestamp="2025-09-30T03:24:35Z" user="TecNM campus Minatitlán" uid="23257776" lat="18.0050124" lon="-94.5558712"/>
 <node id="13182727303" visible="true" version="1" changeset="172639812" timestamp="2025-09-30T03:24:35Z" user="TecNM campus Minatitlán" uid="23257776" lat="18.0050740" lon="-94.5561302"/>
 <node id="13182727304" visible="true" version="1" changeset="172639812" timestamp="2025-09-30T03:24:35Z" user="TecNM campus Minatitlán" uid="23257776" lat="18.0053692" lon="-94.5561329"/>
 <node id="13182727305" visible="true" version="1" changeset="172639812" timestamp="2025-09-30T03:24:35Z" user="TecNM campus Minatitlán" uid="23257776" lat="18.0054444" lon="-94.5561329"/>
 <node id="13182727306" visible="true" version="1" changeset="172639812" timestamp="2025-09-30T03:24:35Z" user="TecNM campus Minatitlán" uid="23257776" lat="18.0054725" lon="-94.5561115"/>
 <node id="13182727307" visible="true" version="1" changeset="172639812" timestamp="2025-09-30T03:24:35Z" user="TecNM campus Minatitlán" uid="23257776" lat="18.0055388" lon="-94.5561115"/>
 <node id="13182727308" visible="true" version="1" changeset="172639812" timestamp="2025-09-30T03:24:35Z" user="TecNM campus Minatitlán" uid="23257776" lat="18.0056383" lon="-94.5561423"/>
 <node id="13182727309" visible="true" version="1" changeset="172639812" timestamp="2025-09-30T03:24:35Z" user="TecNM campus Minatitlán" uid="23257776" lat="18.0056442" lon="-94.5561797"/>
 <node id="13184307336" visible="true" version="1" changeset="172665393" timestamp="2025-09-30T15:11:48Z" user="TecNM campus Minatitlán" uid="23257776" lat="18.0055618" lon="-94.5558634"/>
 <node id="13184307337" visible="true" version="1" changeset="172665393" timestamp="2025-09-30T15:11:48Z" user="TecNM campus Minatitlán" uid="23257776" lat="18.0056988" lon="-94.5555573"/>
 <node id="13184307338" visible="true" version="1" changeset="172665393" timestamp="2025-09-30T15:11:48Z" user="TecNM campus Minatitlán" uid="23257776" lat="18.0056988" lon="-94.5552163"/>
 <node id="13184307339" visible="true" version="1" changeset="172665393" timestamp="2025-09-30T15:11:48Z" user="TecNM campus Minatitlán" uid="23257776" lat="18.0055815" lon="-94.5552133"/>
 <node id="13184307340" visible="true" version="1" changeset="172665393" timestamp="2025-09-30T15:11:48Z" user="TecNM campus Minatitlán" uid="23257776" lat="18.0055845" lon="-94.5555573"/>
 <node id="13184307341" visible="true" version="1" changeset="172665393" timestamp="2025-09-30T15:11:48Z" user="TecNM campus Minatitlán" uid="23257776" lat="18.0056304" lon="-94.5555583"/>
 <node id="13184307342" visible="true" version="1" changeset="172665393" timestamp="2025-09-30T15:11:48Z" user="TecNM campus Minatitlán" uid="23257776" lat="18.0057979" lon="-94.5551718">
  <tag k="crossing" v="unmarked"/>
  <tag k="crossing:markings" v="no"/>
  <tag k="highway" v="crossing"/>
 </node>
 <node id="13184307343" visible="true" version="1" changeset="172665393" timestamp="2025-09-30T15:11:48Z" user="TecNM campus Minatitlán" uid="23257776" lat="18.0058727" lon="-94.5551799"/>
 <node id="13184307344" visible="true" version="1" changeset="172665393" timestamp="2025-09-30T15:11:48Z" user="TecNM campus Minatitlán" uid="23257776" lat="18.0058779" lon="-94.5552068"/>
 <node id="13184307345" visible="true" version="1" changeset="172665393" timestamp="2025-09-30T15:11:48Z" user="TecNM campus Minatitlán" uid="23257776" lat="18.0058387" lon="-94.5551762"/>
 <node id="13184307346" visible="true" version="1" changeset="172665393" timestamp="2025-09-30T15:11:48Z" user="TecNM campus Minatitlán" uid="23257776" lat="18.0057996" lon="-94.5553422"/>
 <node id="13184307347" visible="true" version="1" changeset="172665393" timestamp="2025-09-30T15:11:48Z" user="TecNM campus Minatitlán" uid="23257776" lat="18.0058327" lon="-94.5550498"/>
 <node id="13184307348" visible="true" version="1" changeset="172665393" timestamp="2025-09-30T15:11:48Z" user="TecNM campus Minatitlán" uid="23257776" lat="18.0058349" lon="-94.5550956"/>
 <node id="13184307349" visible="true" version="1" changeset="172665393" timestamp="2025-09-30T15:11:48Z" user="TecNM campus Minatitlán" uid="23257776" lat="18.0059049" lon="-94.5550525"/>
 <node id="13184307350" visible="true" version="1" changeset="172665393" timestamp="2025-09-30T15:11:48Z" user="TecNM campus Minatitlán" uid="23257776" lat="18.0057399" lon="-94.5550539"/>
 <node id="13184307351" visible="true" version="1" changeset="172665393" timestamp="2025-09-30T15:11:48Z" user="TecNM campus Minatitlán" uid="23257776" lat="18.0057388" lon="-94.5547896"/>
 <node id="13184307352" visible="true" version="1" changeset="172665393" timestamp="2025-09-30T15:11:48Z" user="TecNM campus Minatitlán" uid="23257776" lat="18.0059033" lon="-94.5547898"/>
 <node id="13184307353" visible="true" version="1" changeset="172665393" timestamp="2025-09-30T15:11:48Z" user="TecNM campus Minatitlán" uid="23257776" lat="18.0061736" lon="-94.5573975"/>
 <node id="13184307354" visible="true" version="1" changeset="172665393" timestamp="2025-09-30T15:11:48Z" user="TecNM campus Minatitlán" uid="23257776" lat="18.0061736" lon="-94.5570018"/>
 <node id="13184307355" visible="true" version="1" changeset="172665393" timestamp="2025-09-30T15:11:48Z" user="TecNM campus Minatitlán" uid="23257776" lat="18.0063076" lon="-94.5570072"/>
 <node id="13184307356" visible="true" version="1" changeset="172665393" timestamp="2025-09-30T15:11:48Z" user="TecNM campus Minatitlán" uid="23257776" lat="18.0063063" lon="-94.5573989"/>
 <node id="13184307357" visible="true" version="1" changeset="172665393" timestamp="2025-09-30T15:11:48Z" user="TecNM campus Minatitlán" uid="23257776" lat="18.0063066" lon="-94.5573338"/>
 <node id="13184363250" visible="true" version="1" changeset="172667502" timestamp="2025-09-30T15:53:11Z" user="TecNM campus Minatitlán" uid="23257776" lat="18.0066005" lon="-94.5573730"/>
 <node id="13184363251" visible="true" version="1" changeset="172667502" timestamp="2025-09-30T15:53:11Z" user="TecNM campus Minatitlán" uid="23257776" lat="18.0066023" lon="-94.5576182"/>
 <node id="13184363252" visible="true" version="1" changeset="172667502" timestamp="2025-09-30T15:53:11Z" user="TecNM campus Minatitlán" uid="23257776" lat="18.0063664" lon="-94.5576191"/>
 <node id="13184363253" visible="true" version="1" changeset="172667502" timestamp="2025-09-30T15:53:11Z" user="TecNM campus Minatitlán" uid="23257776" lat="18.0063636" lon="-94.5573730"/>
 <node id="13184363254" visible="true" version="1" changeset="172667502" timestamp="2025-09-30T15:53:11Z" user="TecNM campus Minatitlán" uid="23257776" lat="18.0053720" lon="-94.5565503"/>
 <node id="13184363255" visible="true" version="1" changeset="172667502" timestamp="2025-09-30T15:53:11Z" user="TecNM campus Minatitlán" uid="23257776" lat="18.0057259" lon="-94.5565619">
  <tag k="crossing" v="unmarked"/>
  <tag k="crossing:markings" v="no"/>
  <tag k="highway" v="crossing"/>
 </node>
 <node id="13184363256" visible="true" version="1" changeset="172667502" timestamp="2025-09-30T15:53:11Z" user="TecNM campus Minatitlán" uid="23257776" lat="18.0054497" lon="-94.5562343">
  <tag k="crossing" v="unmarked"/>
  <tag k="crossing:markings" v="no"/>
  <tag k="highway" v="crossing"/>
 </node>
 <node id="13184363257" visible="true" version="1" changeset="172667502" timestamp="2025-09-30T15:53:11Z" user="TecNM campus Minatitlán" uid="23257776" lat="18.0054541" lon="-94.5565529">
  <tag k="crossing" v="unmarked"/>
  <tag k="crossing:markings" v="no"/>
  <tag k="highway" v="crossing"/>
 </node>
 <node id="13184363258" visible="true" version="1" changeset="172667502" timestamp="2025-09-30T15:53:11Z" user="TecNM campus Minatitlán" uid="23257776" lat="18.0058388" lon="-94.5568296"/>
 <node id="13184363259" visible="true" version="1" changeset="172667502" timestamp="2025-09-30T15:53:11Z" user="TecNM campus Minatitlán" uid="23257776" lat="18.0058375" lon="-94.5564196"/>
 <node id="13184363260" visible="true" version="1" changeset="172667502" timestamp="2025-09-30T15:53:11Z" user="TecNM campus Minatitlán" uid="23257776" lat="18.0057289" lon="-94.5564196"/>
 <node id="13184363261" visible="true" version="1" changeset="172667502" timestamp="2025-09-30T15:53:11Z" user="TecNM campus Minatitlán" uid="23257776" lat="18.0057315" lon="-94.5568282"/>
 <node id="13184363262" visible="true" version="1" changeset="172667502" timestamp="2025-09-30T15:53:11Z" user="TecNM campus Minatitlán" uid="23257776" lat="18.0061332" lon="-94.5569493"/>
 <node id="13184363263" visible="true" version="1" changeset="172667502" timestamp="2025-09-30T15:53:11Z" user="TecNM campus Minatitlán" uid="23257776" lat="18.0061309" lon="-94.5572895"/>
 <node id="13184363264" visible="true" version="1" changeset="172667502" timestamp="2025-09-30T15:53:11Z" user="TecNM campus Minatitlán" uid="23257776" lat="18.0058336" lon="-94.5572823"/>
 <node id="13184363265" visible="true" version="1" changeset="172667502" timestamp="2025-09-30T15:53:11Z" user="TecNM campus Minatitlán" uid="23257776" lat="18.0058324" lon="-94.5569446"/>
 <node id="13184363266" visible="true" version="1" changeset="172667502" timestamp="2025-09-30T15:53:11Z" user="TecNM campus Minatitlán" uid="23257776" lat="18.0059532" lon="-94.5569458"/>
 <node id="13184363267" visible="true" version="1" changeset="172667502" timestamp="2025-09-30T15:53:11Z" user="TecNM campus Minatitlán" uid="23257776" lat="18.0059543" lon="-94.5570691"/>
 <node id="13184363268" visible="true" version="1" changeset="172667502" timestamp="2025-09-30T15:53:11Z" user="TecNM campus Minatitlán" uid="23257776" lat="18.0060193" lon="-94.5570691"/>
 <node id="13184363269" visible="true" version="1" changeset="172667502" timestamp="2025-09-30T15:53:11Z" user="TecNM campus Minatitlán" uid="23257776" lat="18.0060204" lon="-94.5569493"/>
 <node id="13189413010" visible="true" version="1" changeset="172764439" timestamp="2025-10-02T20:01:16Z" user="Angel H Cervantes" uid="23254573" lat="18.0061399" lon="-94.5558623"/>
 <node id="13189413011" visible="true" version="1" changeset="172764439" timestamp="2025-10-02T20:01:16Z" user="Angel H Cervantes" uid="23254573" lat="18.0061330" lon="-94.5555154"/>
 <node id="13189413012" visible="true" version="1" changeset="172764439" timestamp="2025-10-02T20:01:16Z" user="Angel H Cervantes" uid="23254573" lat="18.0058474" lon="-94.5558670"/>
 <node id="13189413013" visible="true" version="1" changeset="172764439" timestamp="2025-10-02T20:01:16Z" user="Angel H Cervantes" uid="23254573" lat="18.0061463" lon="-94.5564114"/>
 <node id="13189413014" visible="true" version="1" changeset="172764439" timestamp="2025-10-02T20:01:16Z" user="Angel H Cervantes" uid="23254573" lat="18.0068031" lon="-94.5564220"/>
 <node id="13189413015" visible="true" version="1" changeset="172764439" timestamp="2025-10-02T20:01:16Z" user="Angel H Cervantes" uid="23254573" lat="18.0068065" lon="-94.5568816"/>
 <node id="13189413016" visible="true" version="1" changeset="172764439" timestamp="2025-10-02T20:01:16Z" user="Angel H Cervantes" uid="23254573" lat="18.0061493" lon="-94.5568655"/>
 <node id="13189413017" visible="true" version="1" changeset="172764439" timestamp="2025-10-02T20:01:16Z" user="Angel H Cervantes" uid="23254573" lat="18.0065957" lon="-94.5568764"/>
 <node id="13189413018" visible="true" version="1" changeset="172764439" timestamp="2025-10-02T20:01:16Z" user="Angel H Cervantes" uid="23254573" lat="18.0065958" lon="-94.5564187"/>
 <node id="13189413019" visible="true" version="1" changeset="172764439" timestamp="2025-10-02T20:01:16Z" user="Angel H Cervantes" uid="23254573" lat="18.0065548" lon="-94.5561037"/>
 <node id="13189413020" visible="true" version="1" changeset="172764439" timestamp="2025-10-02T20:01:16Z" user="Angel H Cervantes" uid="23254573" lat="18.0065548" lon="-94.5564180"/>
 <node id="13189413021" visible="true" version="1" changeset="172764439" timestamp="2025-10-02T20:01:16Z" user="Angel H Cervantes" uid="23254573" lat="18.0062267" lon="-94.5568674"/>
 <node id="13189413022" visible="true" version="1" changeset="172764439" timestamp="2025-10-02T20:01:16Z" user="Angel H Cervantes" uid="23254573" lat="18.0063252" lon="-94.5569602"/>
 <node id="13189413023" visible="true" version="1" changeset="172764439" timestamp="2025-10-02T20:01:16Z" user="Angel H Cervantes" uid="23254573" lat="18.0067844" lon="-94.5569656"/>
 <node id="13189413024" visible="true" version="1" changeset="172764439" timestamp="2025-10-02T20:01:16Z" user="Angel H Cervantes" uid="23254573" lat="18.0067878" lon="-94.5577270"/>
 <node id="13189413025" visible="true" version="1" changeset="172764439" timestamp="2025-10-02T20:01:16Z" user="Angel H Cervantes" uid="23254573" lat="18.0067861" lon="-94.5568811"/>
 <node id="13189413026" visible="true" version="1" changeset="172764439" timestamp="2025-10-02T20:01:16Z" user="Angel H Cervantes" uid="23254573" lat="18.0070275" lon="-94.5576701"/>
 <node id="13189413027" visible="true" version="1" changeset="172764439" timestamp="2025-10-02T20:01:16Z" user="Angel H Cervantes" uid="23254573" lat="18.0070224" lon="-94.5572231"/>
 <node id="13189413028" visible="true" version="1" changeset="172764439" timestamp="2025-10-02T20:01:16Z" user="Angel H Cervantes" uid="23254573" lat="18.0067855" lon="-94.5572196"/>
 <node id="13189413029" visible="true" version="1" changeset="172764439" timestamp="2025-10-02T20:01:16Z" user="Angel H Cervantes" uid="23254573" lat="18.0057419" lon="-94.5574574"/>
 <node id="13189413030" visible="true" version="1" changeset="172764439" timestamp="2025-10-02T20:01:16Z" user="Angel H Cervantes" uid="23254573" lat="18.0057313" lon="-94.5568619"/>
 <node id="13189413031" visible="true" version="1" changeset="172764439" timestamp="2025-10-02T20:01:16Z" user="Angel H Cervantes" uid="23254573" lat="18.0061493" lon="-94.5573143"/>
 <node id="13189413032" visible="true" version="1" changeset="172764439" timestamp="2025-10-02T20:01:16Z" user="Angel H Cervantes" uid="23254573" lat="18.0057393" lon="-94.5573091"/>
 <node id="13189413033" visible="true" version="1" changeset="172764439" timestamp="2025-10-02T20:01:16Z" user="Angel H Cervantes" uid="23254573" lat="18.0065956" lon="-94.5569634"/>
 <node id="13189413034" visible="true" version="1" changeset="172764439" timestamp="2025-10-02T20:01:16Z" user="Angel H Cervantes" uid="23254573" lat="18.0050974" lon="-94.5554582"/>
 <node id="13189413035" visible="true" version="1" changeset="172764439" timestamp="2025-10-02T20:01:16Z" user="Angel H Cervantes" uid="23254573" lat="18.0050957" lon="-94.5556746"/>
 <node id="13189413036" visible="true" version="1" changeset="172764439" timestamp="2025-10-02T20:01:16Z" user="Angel H Cervantes" uid="23254573" lat="18.0053083" lon="-94.5556692"/>
 <node id="13189413037" visible="true" version="1" changeset="172764439" timestamp="2025-10-02T20:01:16Z" user="Angel H Cervantes" uid="23254573" lat="18.0053066" lon="-94.5554672"/>
 <node id="13189413038" visible="true" version="1" changeset="172764439" timestamp="2025-10-02T20:01:16Z" user="Angel H Cervantes" uid="23254573" lat="18.0064253" lon="-94.5561237"/>
 <node id="13189413039" visible="true" version="1" changeset="172764439" timestamp="2025-10-02T20:01:16Z" user="Angel H Cervantes" uid="23254573" lat="18.0064241" lon="-94.5559691"/>
 <node id="13189413040" visible="true" version="1" changeset="172764439" timestamp="2025-10-02T20:01:16Z" user="Angel H Cervantes" uid="23254573" lat="18.0061787" lon="-94.5559645"/>
 <node id="13189413041" visible="true" version="1" changeset="172764439" timestamp="2025-10-02T20:01:16Z" user="Angel H Cervantes" uid="23254573" lat="18.0061753" lon="-94.5561290"/>
 <node id="13189413042" visible="true" version="1" changeset="172764439" timestamp="2025-10-02T20:01:16Z" user="Angel H Cervantes" uid="23254573" lat="18.0064185" lon="-94.5562328"/>
 <node id="13189413043" visible="true" version="1" changeset="172764439" timestamp="2025-10-02T20:01:16Z" user="Angel H Cervantes" uid="23254573" lat="18.0061856" lon="-94.5562293"/>
 <node id="13189413044" visible="true" version="1" changeset="172764439" timestamp="2025-10-02T20:01:16Z" user="Angel H Cervantes" uid="23254573" lat="18.0061879" lon="-94.5563811"/>
 <node id="13189413045" visible="true" version="1" changeset="172764439" timestamp="2025-10-02T20:01:16Z" user="Angel H Cervantes" uid="23254573" lat="18.0064219" lon="-94.5563794"/>
 <node id="13198605663" visible="true" version="1" changeset="172933602" timestamp="2025-10-06T20:55:22Z" user="Angel H Cervantes" uid="23254573" lat="18.0073088" lon="-94.5576988"/>
 <node id="13198605664" visible="true" version="1" changeset="172933602" timestamp="2025-10-06T20:55:22Z" user="Angel H Cervantes" uid="23254573" lat="18.0070691" lon="-94.5577006"/>
 <node id="13198605665" visible="true" version="1" changeset="172933602" timestamp="2025-10-06T20:55:22Z" user="Angel H Cervantes" uid="23254573" lat="18.0070623" lon="-94.5572535"/>
 <node id="13198605666" visible="true" version="1" changeset="172933602" timestamp="2025-10-06T20:55:22Z" user="Angel H Cervantes" uid="23254573" lat="18.0073003" lon="-94.5572678"/>
 <node id="13198605667" visible="true" version="1" changeset="172933602" timestamp="2025-10-06T20:55:22Z" user="Angel H Cervantes" uid="23254573" lat="18.0069959" lon="-94.5576326"/>
 <node id="13198605668" visible="true" version="1" changeset="172933602" timestamp="2025-10-06T20:55:22Z" user="Angel H Cervantes" uid="23254573" lat="18.0068752" lon="-94.5576362"/>
 <node id="13198605669" visible="true" version="1" changeset="172933602" timestamp="2025-10-06T20:55:22Z" user="Angel H Cervantes" uid="23254573" lat="18.0068735" lon="-94.5573018"/>
 <node id="13198605670" visible="true" version="1" changeset="172933602" timestamp="2025-10-06T20:55:22Z" user="Angel H Cervantes" uid="23254573" lat="18.0069959" lon="-94.5573054"/>
 <node id="13198605671" visible="true" version="1" changeset="172933602" timestamp="2025-10-06T20:55:22Z" user="Angel H Cervantes" uid="23254573" lat="18.0068786" lon="-94.5565311"/>
 <node id="13198605672" visible="true" version="1" changeset="172933602" timestamp="2025-10-06T20:55:22Z" user="Angel H Cervantes" uid="23254573" lat="18.0069840" lon="-94.5565383"/>
 <node id="13198605673" visible="true" version="1" changeset="172933602" timestamp="2025-10-06T20:55:22Z" user="Angel H Cervantes" uid="23254573" lat="18.0069857" lon="-94.5569853"/>
 <node id="13198605674" visible="true" version="1" changeset="172933602" timestamp="2025-10-06T20:55:22Z" user="Angel H Cervantes" uid="23254573" lat="18.0068735" lon="-94.5569853"/>
 <node id="13198605675" visible="true" version="1" changeset="172933602" timestamp="2025-10-06T20:55:22Z" user="Angel H Cervantes" uid="23254573" lat="18.0067579" lon="-94.5568315"/>
 <node id="13198605676" visible="true" version="1" changeset="172933602" timestamp="2025-10-06T20:55:22Z" user="Angel H Cervantes" uid="23254573" lat="18.0066490" lon="-94.5568315"/>
 <node id="13198605677" visible="true" version="1" changeset="172933602" timestamp="2025-10-06T20:55:22Z" user="Angel H Cervantes" uid="23254573" lat="18.0066439" lon="-94.5564721"/>
 <node id="13198605678" visible="true" version="1" changeset="172933602" timestamp="2025-10-06T20:55:22Z" user="Angel H Cervantes" uid="23254573" lat="18.0067579" lon="-94.5564739"/>
 <node id="13198605679" visible="true" version="1" changeset="172933602" timestamp="2025-10-06T20:55:22Z" user="Angel H Cervantes" uid="23254573" lat="18.0064851" lon="-94.5568409"/>
 <node id="13198605680" visible="true" version="1" changeset="172933602" timestamp="2025-10-06T20:55:22Z" user="Angel H Cervantes" uid="23254573" lat="18.0064766" lon="-94.5565423"/>
 <node id="13198605681" visible="true" version="1" changeset="172933602" timestamp="2025-10-06T20:55:22Z" user="Angel H Cervantes" uid="23254573" lat="18.0062080" lon="-94.5565334"/>
 <node id="13198605682" visible="true" version="1" changeset="172933602" timestamp="2025-10-06T20:55:22Z" user="Angel H Cervantes" uid="23254573" lat="18.0061960" lon="-94.5568302"/>
 <node id="13198605683" visible="true" version="1" changeset="172933602" timestamp="2025-10-06T20:55:22Z" user="Angel H Cervantes" uid="23254573" lat="18.0067164" lon="-94.5563438"/>
 <node id="13198605684" visible="true" version="1" changeset="172933602" timestamp="2025-10-06T20:55:22Z" user="Angel H Cervantes" uid="23254573" lat="18.0067096" lon="-94.5561596"/>
 <node id="13198605685" visible="true" version="1" changeset="172933602" timestamp="2025-10-06T20:55:22Z" user="Angel H Cervantes" uid="23254573" lat="18.0065906" lon="-94.5561579"/>
 <node id="13198605686" visible="true" version="1" changeset="172933602" timestamp="2025-10-06T20:55:22Z" user="Angel H Cervantes" uid="23254573" lat="18.0066025" lon="-94.5563367"/>
 <node id="13198605687" visible="true" version="1" changeset="172933602" timestamp="2025-10-06T20:55:22Z" user="Angel H Cervantes" uid="23254573" lat="18.0067062" lon="-94.5560917"/>
 <node id="13198605688" visible="true" version="1" changeset="172933602" timestamp="2025-10-06T20:55:22Z" user="Angel H Cervantes" uid="23254573" lat="18.0065719" lon="-94.5560828"/>
 <node id="13198605689" visible="true" version="1" changeset="172933602" timestamp="2025-10-06T20:55:22Z" user="Angel H Cervantes" uid="23254573" lat="18.0065702" lon="-94.5559737"/>
 <node id="13198605690" visible="true" version="1" changeset="172933602" timestamp="2025-10-06T20:55:22Z" user="Angel H Cervantes" uid="23254573" lat="18.0067062" lon="-94.5559826"/>
 <node id="13198605691" visible="true" version="1" changeset="172933602" timestamp="2025-10-06T20:55:22Z" user="Angel H Cervantes" uid="23254573" lat="18.0065566" lon="-94.5560792"/>
 <node id="13198605692" visible="true" version="1" changeset="172933602" timestamp="2025-10-06T20:55:22Z" user="Angel H Cervantes" uid="23254573" lat="18.0065583" lon="-94.5558396"/>
 <node id="13198605693" visible="true" version="1" changeset="172933602" timestamp="2025-10-06T20:55:22Z" user="Angel H Cervantes" uid="23254573" lat="18.0064426" lon="-94.5558342"/>
 <node id="13198605694" visible="true" version="1" changeset="172933602" timestamp="2025-10-06T20:55:22Z" user="Angel H Cervantes" uid="23254573" lat="18.0064443" lon="-94.5560792"/>
 <node id="13198605695" visible="true" version="1" changeset="172933602" timestamp="2025-10-06T20:55:22Z" user="Angel H Cervantes" uid="23254573" lat="18.0064103" lon="-94.5558521"/>
 <node id="13198605696" visible="true" version="1" changeset="172933602" timestamp="2025-10-06T20:55:22Z" user="Angel H Cervantes" uid="23254573" lat="18.0064154" lon="-94.5555928"/>
 <node id="13198605697" visible="true" version="1" changeset="172933602" timestamp="2025-10-06T20:55:22Z" user="Angel H Cervantes" uid="23254573" lat="18.0061620" lon="-94.5555928"/>
 <node id="13198605698" visible="true" version="1" changeset="172933602" timestamp="2025-10-06T20:55:22Z" user="Angel H Cervantes" uid="23254573" lat="18.0061620" lon="-94.5558485"/>
 <node id="13198605699" visible="true" version="1" changeset="172933602" timestamp="2025-10-06T20:55:22Z" user="Angel H Cervantes" uid="23254573" lat="18.0060787" lon="-94.5564279"/>
 <node id="13198605700" visible="true" version="1" changeset="172933602" timestamp="2025-10-06T20:55:22Z" user="Angel H Cervantes" uid="23254573" lat="18.0059614" lon="-94.5564207"/>
 <node id="13198625801" visible="true" version="1" changeset="172933602" timestamp="2025-10-06T20:55:22Z" user="Angel H Cervantes" uid="23254573" lat="18.0059563" lon="-94.5560381"/>
 <node id="13198625802" visible="true" version="1" changeset="172933602" timestamp="2025-10-06T20:55:22Z" user="Angel H Cervantes" uid="23254573" lat="18.0060753" lon="-94.5560470"/>
 <node id="13198625803" visible="true" version="1" changeset="172933602" timestamp="2025-10-06T20:55:22Z" user="Angel H Cervantes" uid="23254573" lat="18.0059971" lon="-94.5560184"/>
 <node id="13198625804" visible="true" version="1" changeset="172933602" timestamp="2025-10-06T20:55:22Z" user="Angel H Cervantes" uid="23254573" lat="18.0058933" lon="-94.5560166"/>
 <node id="13198625805" visible="true" version="1" changeset="172933602" timestamp="2025-10-06T20:55:22Z" user="Angel H Cervantes" uid="23254573" lat="18.0058933" lon="-94.5556017"/>
 <node id="13198625806" visible="true" version="1" changeset="172933602" timestamp="2025-10-06T20:55:22Z" user="Angel H Cervantes" uid="23254573" lat="18.0060022" lon="-94.5556125"/>
 <node id="13198625807" visible="true" version="1" changeset="172933602" timestamp="2025-10-06T20:55:22Z" user="Angel H Cervantes" uid="23254573" lat="18.0055634" lon="-94.5565244"/>
 <node id="13198625808" visible="true" version="1" changeset="172933602" timestamp="2025-10-06T20:55:22Z" user="Angel H Cervantes" uid="23254573" lat="18.0055566" lon="-94.5561453"/>
 <node id="13198625809" visible="true" version="1" changeset="172933602" timestamp="2025-10-06T20:55:22Z" user="Angel H Cervantes" uid="23254573" lat="18.0054699" lon="-94.5561436"/>
 <node id="13198625810" visible="true" version="1" changeset="172933602" timestamp="2025-10-06T20:55:22Z" user="Angel H Cervantes" uid="23254573" lat="18.0054784" lon="-94.5565280"/>
 <node id="13198625811" visible="true" version="1" changeset="172933602" timestamp="2025-10-06T20:55:22Z" user="Angel H Cervantes" uid="23254573" lat="18.0056247" lon="-94.5566568"/>
 <node id="13198625812" visible="true" version="1" changeset="172933602" timestamp="2025-10-06T20:55:22Z" user="Angel H Cervantes" uid="23254573" lat="18.0055039" lon="-94.5566550"/>
 <node id="13198625813" visible="true" version="1" changeset="172933602" timestamp="2025-10-06T20:55:22Z" user="Angel H Cervantes" uid="23254573" lat="18.0055056" lon="-94.5569822"/>
 <node id="13198625814" visible="true" version="1" changeset="172933602" timestamp="2025-10-06T20:55:22Z" user="Angel H Cervantes" uid="23254573" lat="18.0056281" lon="-94.5569786"/>
 <node id="13198625815" visible="true" version="1" changeset="172933602" timestamp="2025-10-06T20:55:22Z" user="Angel H Cervantes" uid="23254573" lat="18.0056995" lon="-94.5572772"/>
 <node id="13198625816" visible="true" version="1" changeset="172933602" timestamp="2025-10-06T20:55:22Z" user="Angel H Cervantes" uid="23254573" lat="18.0057046" lon="-94.5570001"/>
 <node id="13198625817" visible="true" version="1" changeset="172933602" timestamp="2025-10-06T20:55:22Z" user="Angel H Cervantes" uid="23254573" lat="18.0054988" lon="-94.5570037"/>
 <node id="13198625818" visible="true" version="1" changeset="172933602" timestamp="2025-10-06T20:55:22Z" user="Angel H Cervantes" uid="23254573" lat="18.0055481" lon="-94.5572665"/>
 <node id="13198625819" visible="true" version="1" changeset="172933602" timestamp="2025-10-06T20:55:22Z" user="Angel H Cervantes" uid="23254573" lat="18.0054614" lon="-94.5569321"/>
 <node id="13198625820" visible="true" version="1" changeset="172933602" timestamp="2025-10-06T20:55:22Z" user="Angel H Cervantes" uid="23254573" lat="18.0054648" lon="-94.5567032"/>
 <node id="13198625821" visible="true" version="1" changeset="172933602" timestamp="2025-10-06T20:55:22Z" user="Angel H Cervantes" uid="23254573" lat="18.0053628" lon="-94.5566925"/>
 <node id="13198625822" visible="true" version="1" changeset="172933602" timestamp="2025-10-06T20:55:22Z" user="Angel H Cervantes" uid="23254573" lat="18.0053594" lon="-94.5569214"/>
 <node id="13198625823" visible="true" version="1" changeset="172933602" timestamp="2025-10-06T20:55:22Z" user="Angel H Cervantes" uid="23254573" lat="18.0065498" lon="-94.5572343"/>
 <node id="13198625824" visible="true" version="1" changeset="172933602" timestamp="2025-10-06T20:55:22Z" user="Angel H Cervantes" uid="23254573" lat="18.0065481" lon="-94.5570144"/>
 <node id="13198625825" visible="true" version="1" changeset="172933602" timestamp="2025-10-06T20:55:22Z" user="Angel H Cervantes" uid="23254573" lat="18.0063525" lon="-94.5570144"/>
 <node id="13198625826" visible="true" version="1" changeset="172933602" timestamp="2025-10-06T20:55:22Z" user="Angel H Cervantes" uid="23254573" lat="18.0063576" lon="-94.5572272"/>
 <node id="13198625827" visible="true" version="1" changeset="172933602" timestamp="2025-10-06T20:55:22Z" user="Angel H Cervantes" uid="23254573" lat="18.0066518" lon="-94.5573488"/>
 <node id="13198625828" visible="true" version="1" changeset="172933602" timestamp="2025-10-06T20:55:22Z" user="Angel H Cervantes" uid="23254573" lat="18.0067572" lon="-94.5573470"/>
 <node id="13198625829" visible="true" version="1" changeset="172933602" timestamp="2025-10-06T20:55:22Z" user="Angel H Cervantes" uid="23254573" lat="18.0067657" lon="-94.5576760"/>
 <node id="13198625830" visible="true" version="1" changeset="172933602" timestamp="2025-10-06T20:55:22Z" user="Angel H Cervantes" uid="23254573" lat="18.0066552" lon="-94.5576742"/>
 <node id="13198625831" visible="true" version="1" changeset="172933602" timestamp="2025-10-06T20:55:22Z" user="Angel H Cervantes" uid="23254573" lat="18.0067028" lon="-94.5571360"/>
 <node id="13198625832" visible="true" version="1" changeset="172933602" timestamp="2025-10-06T20:55:22Z" user="Angel H Cervantes" uid="23254573" lat="18.0067045" lon="-94.5570036"/>
 <node id="13198625833" visible="true" version="1" changeset="172933602" timestamp="2025-10-06T20:55:22Z" user="Angel H Cervantes" uid="23254573" lat="18.0066178" lon="-94.5570126"/>
 <node id="13198625834" visible="true" version="1" changeset="172933602" timestamp="2025-10-06T20:55:22Z" user="Angel H Cervantes" uid="23254573" lat="18.0066178" lon="-94.5571360"/>
 <node id="13233612929" visible="true" version="1" changeset="173294474" timestamp="2025-10-14T21:24:17Z" user="AndresSM30" uid="23279192" lat="18.0061735" lon="-94.5579386"/>
 <node id="13233612930" visible="true" version="1" changeset="173294474" timestamp="2025-10-14T21:24:17Z" user="AndresSM30" uid="23279192" lat="18.0061735" lon="-94.5575251"/>
 <node id="13233612931" visible="true" version="1" changeset="173294474" timestamp="2025-10-14T21:24:17Z" user="AndresSM30" uid="23279192" lat="18.0058655" lon="-94.5574922"/>
 <node id="13233612932" visible="true" version="1" changeset="173294474" timestamp="2025-10-14T21:24:17Z" user="AndresSM30" uid="23279192" lat="18.0059629" lon="-94.5579752"/>
 <way id="113715653" visible="true" version="3" changeset="97072675" timestamp="2021-01-06T21:46:53Z" user="127logs" uid="9633823">
  <nd ref="1289154050"/>
  <nd ref="1289153765"/>
  <nd ref="1289154285"/>
  <nd ref="1289154129"/>
  <nd ref="1289153539"/>
  <nd ref="1289153922"/>
  <tag k="highway" v="residential"/>
  <tag k="name" v="Calle Agustín de Iturbide"/>
 </way>
 <way id="113715664" visible="true" version="3" changeset="97072675" timestamp="2021-01-06T21:46:53Z" user="127logs" uid="9633823">
  <nd ref="1289153708"/>
  <nd ref="1289153517"/>
  <tag k="highway" v="residential"/>
  <tag k="name" v="Calle Alameda"/>
 </way>
 <way id="113715720" visible="true" version="4" changeset="97071771" timestamp="2021-01-06T21:13:49Z" user="127logs" uid="9633823">
  <nd ref="1289154091"/>
  <nd ref="1289154197"/>
  <nd ref="8204606195"/>
  <nd ref="1289153857"/>
  <nd ref="1289153511"/>
  <nd ref="1289153708"/>
  <nd ref="1289154042"/>
  <tag k="highway" v="residential"/>
  <tag k="name" v="Calle Ignacio Zaragoza"/>
 </way>
 <way id="117839028" visible="true" version="3" changeset="97072337" timestamp="2021-01-06T21:34:28Z" user="127logs" uid="9633823">
  <nd ref="1326556493"/>
  <nd ref="8201187202"/>
  <nd ref="1326556475"/>
  <tag k="highway" v="residential"/>
  <tag k="name" v="Calle 5 de mayo"/>
 </way>
 <way id="117839049" visible="true" version="4" changeset="97072066" timestamp="2021-01-06T21:24:46Z" user="127logs" uid="9633823">
  <nd ref="1326556506"/>
  <nd ref="8201187201"/>
  <nd ref="1326556540"/>
  <tag k="highway" v="residential"/>
  <tag k="name" v="Callejón Los Pinos"/>
 </way>
 <way id="117839080" visible="true" version="4" changeset="97072066" timestamp="2021-01-06T21:24:46Z" user="127logs" uid="9633823">
  <nd ref="1326556550"/>
  <nd ref="8298140170"/>
  <nd ref="1326556532"/>
  <tag k="highway" v="residential"/>
  <tag k="name" v="Calle Miguel Hidalgo"/>
 </way>
 <way id="117839260" visible="true" version="3" changeset="97071936" timestamp="2021-01-06T21:20:09Z" user="127logs" uid="9633823">
  <nd ref="1326556423"/>
  <nd ref="5830754923"/>
  <nd ref="5830754920"/>
  <nd ref="1326556489"/>
  <nd ref="1326556493"/>
  <nd ref="1326556504"/>
  <tag k="highway" v="residential"/>
  <tag k="name" v="Calle Emiliano Zapata"/>
 </way>
 <way id="117839370" visible="true" version="6" changeset="97072066" timestamp="2021-01-06T21:24:46Z" user="127logs" uid="9633823">
  <nd ref="1326556495"/>
  <nd ref="8201187203"/>
  <nd ref="1326556504"/>
  <nd ref="1326556540"/>
  <nd ref="8201819820"/>
  <nd ref="1326556550"/>
  <nd ref="1326556555"/>
  <nd ref="1326556563"/>
  <nd ref="1326556594"/>
  <tag k="highway" v="residential"/>
  <tag k="name" v="Calle 21 de Marzo"/>
 </way>
 <way id="117839371" visible="true" version="7" changeset="97071858" timestamp="2021-01-06T21:17:31Z" user="127logs" uid="9633823">
  <nd ref="1326556546"/>
  <nd ref="5830741997"/>
  <nd ref="5830741996"/>
  <nd ref="5830741993"/>
  <nd ref="8298124302"/>
  <nd ref="8297956886"/>
  <nd ref="5830754918"/>
  <nd ref="8201813312"/>
  <nd ref="1326556635"/>
  <tag k="highway" v="residential"/>
  <tag k="name" v="Avenida Tecnológico"/>
 </way>
 <way id="117839408" visible="true" version="8" changeset="97070625" timestamp="2021-01-06T20:39:09Z" user="127logs" uid="9633823">
  <nd ref="8297976270"/>
  <nd ref="1326556595"/>
  <nd ref="1326556622"/>
  <nd ref="8201689404"/>
  <nd ref="1326556653"/>
  <nd ref="1326556676"/>
  <nd ref="8201813302"/>
  <nd ref="1326556725"/>
  <nd ref="1326556792"/>
  <nd ref="1326556865"/>
  <nd ref="1326556931"/>
  <tag k="highway" v="residential"/>
  <tag k="name" v="Calle Ignacio Allende"/>
 </way>
 <way id="558712711" visible="true" version="8" changeset="172639812" timestamp="2025-09-30T03:24:35Z" user="TecNM campus Minatitlán" uid="23257776">
  <nd ref="8209110178"/>
  <nd ref="8209110171"/>
  <nd ref="8209110182"/>
  <nd ref="8209110181"/>
  <nd ref="8209110180"/>
  <nd ref="8209110179"/>
  <nd ref="8209110175"/>
  <nd ref="8209110176"/>
  <nd ref="8209110177"/>
  <nd ref="8209139041"/>
  <nd ref="8209139042"/>
  <nd ref="8209110172"/>
  <nd ref="13182505597"/>
  <nd ref="8209110174"/>
  <nd ref="8209110173"/>
  <nd ref="8209110170"/>
  <nd ref="8209110178"/>
  <tag k="amenity" v="university"/>
  <tag k="name" v="Instituto Tecnológico de Minatitlán"/>
 </way>
 <way id="616000273" visible="true" version="16" changeset="139105870" timestamp="2023-07-27T20:17:13Z" user="म्यापर" uid="17365610">
  <nd ref="6942506555"/>
  <nd ref="4050466278"/>
  <nd ref="4503870481"/>
  <nd ref="4050466284"/>
  <nd ref="4050466286"/>
  <nd ref="4050466296"/>
  <nd ref="4503870480"/>
  <nd ref="4050466323"/>
  <nd ref="4503870479"/>
  <nd ref="4050466333"/>
  <nd ref="4503870478"/>
  <nd ref="4050466347"/>
  <nd ref="4050466357"/>
  <nd ref="4050466367"/>
  <nd ref="4050466374"/>
  <nd ref="5854865741"/>
  <nd ref="4050466039"/>
  <nd ref="4050466540"/>
  <nd ref="4503870464"/>
  <nd ref="4050466756"/>
  <nd ref="4050466826"/>
  <nd ref="4050467008"/>
  <nd ref="4050467068"/>
  <nd ref="4985737845"/>
  <nd ref="4050467409"/>
  <nd ref="4050467535"/>
  <nd ref="4050467577"/>
  <nd ref="4050467682"/>
  <nd ref="4050467673"/>
  <nd ref="4050467706"/>
  <nd ref="4050467736"/>
  <nd ref="4050467767"/>
  <nd ref="4050467859"/>
  <nd ref="4050467949"/>
  <nd ref="4050468138"/>
  <nd ref="4050468226"/>
  <nd ref="4050468285"/>
  <nd ref="4050468329"/>
  <nd ref="4050468390"/>
  <nd ref="4050468429"/>
  <nd ref="4050468503"/>
  <nd ref="4050468561"/>
  <nd ref="4050468572"/>
  <nd ref="4050468628"/>
  <nd ref="4050468722"/>
  <nd ref="4050468814"/>
  <nd ref="4050468901"/>
  <nd ref="4050468938"/>
  <nd ref="4050468968"/>
  <nd ref="4050469001"/>
  <nd ref="4050469019"/>
  <nd ref="4050469054"/>
  <nd ref="4050469079"/>
  <nd ref="4050469117"/>
  <nd ref="4050469119"/>
  <nd ref="4050469134"/>
  <nd ref="4050469149"/>
  <nd ref="4050469150"/>
  <nd ref="5830824833"/>
  <nd ref="4050469164"/>
  <nd ref="4050469174"/>
  <nd ref="5320944246"/>
  <nd ref="4050469191"/>
  <nd ref="4050469204"/>
  <nd ref="6561333551"/>
  <nd ref="6561333550"/>
  <nd ref="4050469223"/>
  <nd ref="4050469230"/>
  <nd ref="4050469281"/>
  <nd ref="4050469289"/>
  <nd ref="4050469284"/>
  <nd ref="4050469320"/>
  <nd ref="4050469323"/>
  <nd ref="4050469329"/>
  <nd ref="4050469298"/>
  <nd ref="4050469196"/>
  <nd ref="4050469101"/>
  <nd ref="4050469040"/>
  <nd ref="5830887932"/>
  <nd ref="4050468988"/>
  <nd ref="4050468929"/>
  <nd ref="4050468835"/>
  <nd ref="4050468805"/>
  <nd ref="4050468738"/>
  <nd ref="4050468674"/>
  <nd ref="4050468673"/>
  <nd ref="4050468625"/>
  <nd ref="4050468583"/>
  <nd ref="4050468566"/>
  <nd ref="4050468556"/>
  <nd ref="4050468537"/>
  <nd ref="4050468526"/>
  <nd ref="4050468514"/>
  <nd ref="4050468500"/>
  <nd ref="4050468494"/>
  <nd ref="4050468482"/>
  <nd ref="4050468473"/>
  <nd ref="4050468468"/>
  <nd ref="4050468462"/>
  <nd ref="4050468451"/>
  <nd ref="4050468439"/>
  <nd ref="4050468432"/>
  <nd ref="4050468423"/>
  <nd ref="4050468413"/>
  <nd ref="4050468402"/>
  <nd ref="4050467182"/>
  <nd ref="4050467187"/>
  <nd ref="4050468399"/>
  <nd ref="4050468408"/>
  <nd ref="4050468448"/>
  <nd ref="4050468497"/>
  <nd ref="4050468547"/>
  <nd ref="4050468582"/>
  <nd ref="4050468635"/>
  <nd ref="4050468690"/>
  <nd ref="4050468792"/>
  <nd ref="4050468826"/>
  <nd ref="4050468882"/>
  <nd ref="4050468920"/>
  <nd ref="4050469033"/>
  <nd ref="4050469026"/>
  <nd ref="4050469024"/>
  <nd ref="4050469007"/>
  <nd ref="4050469000"/>
  <nd ref="4050468982"/>
  <nd ref="4050468950"/>
  <nd ref="4050468940"/>
  <nd ref="4050468923"/>
  <nd ref="4050468922"/>
  <nd ref="4050468916"/>
  <nd ref="4050468912"/>
  <nd ref="4050468910"/>
  <nd ref="4050468893"/>
  <nd ref="4050468891"/>
  <nd ref="4050468888"/>
  <nd ref="4050468886"/>
  <nd ref="4050468885"/>
  <nd ref="4050468877"/>
  <nd ref="4050468883"/>
  <nd ref="4050468881"/>
  <nd ref="4050468879"/>
  <nd ref="4050468875"/>
  <nd ref="4050468873"/>
  <nd ref="4050468872"/>
  <nd ref="4050468867"/>
  <nd ref="4050468863"/>
  <nd ref="4050468870"/>
  <nd ref="4050468865"/>
  <nd ref="4050468846"/>
  <nd ref="4050468869"/>
  <nd ref="4050468889"/>
  <nd ref="4050468919"/>
  <nd ref="4050468995"/>
  <nd ref="4050469047"/>
  <nd ref="4050469131"/>
  <nd ref="4050469141"/>
  <nd ref="4050469145"/>
  <nd ref="4050469193"/>
  <nd ref="4050469224"/>
  <nd ref="4050469296"/>
  <nd ref="4050469371"/>
  <nd ref="4050469591"/>
  <nd ref="4050469649"/>
  <nd ref="4050469656"/>
  <nd ref="4050469658"/>
  <nd ref="3781235056"/>
  <nd ref="4050469667"/>
  <nd ref="4050469698"/>
  <nd ref="4050469742"/>
  <nd ref="4050469800"/>
  <nd ref="4050469837"/>
  <nd ref="5830811885"/>
  <nd ref="4050469871"/>
  <nd ref="4050469897"/>
  <nd ref="4050469939"/>
  <nd ref="4050470106"/>
  <nd ref="4050470176"/>
  <nd ref="4050470251"/>
  <nd ref="4050470386"/>
  <nd ref="4050470474"/>
  <nd ref="4050470497"/>
  <nd ref="4050470496"/>
  <nd ref="4050470509"/>
  <nd ref="11071924686"/>
  <nd ref="4050471193"/>
  <nd ref="4050471286"/>
  <nd ref="4050471421"/>
  <nd ref="4050471552"/>
  <nd ref="4050472500"/>
  <nd ref="4050472587"/>
  <nd ref="4050472686"/>
  <nd ref="4050472868"/>
  <nd ref="4050472832"/>
  <nd ref="4050472735"/>
  <nd ref="4050472662"/>
  <nd ref="4050472638"/>
  <nd ref="4050472619"/>
  <nd ref="4050472596"/>
  <nd ref="4050472574"/>
  <nd ref="4050472543"/>
  <nd ref="4050472529"/>
  <nd ref="4050472524"/>
  <nd ref="4050472156"/>
  <nd ref="4050472086"/>
  <nd ref="4050472074"/>
  <nd ref="4050472057"/>
  <nd ref="4050472054"/>
  <nd ref="4050471933"/>
  <nd ref="4050471901"/>
  <nd ref="4050471633"/>
  <nd ref="4050471511"/>
  <nd ref="4050471499"/>
  <nd ref="4050471292"/>
  <nd ref="4050471104"/>
  <nd ref="4050471034"/>
  <nd ref="4050470993"/>
  <nd ref="4050470885"/>
  <nd ref="4050470829"/>
  <nd ref="4050469588"/>
  <nd ref="4050469578"/>
  <nd ref="4050470646"/>
  <nd ref="4050470623"/>
  <nd ref="4050470620"/>
  <nd ref="4050470586"/>
  <nd ref="4050470573"/>
  <nd ref="4050470541"/>
  <nd ref="4050470518"/>
  <nd ref="4050470515"/>
  <nd ref="5830740975"/>
  <nd ref="4050470492"/>
  <nd ref="4050470470"/>
  <nd ref="4050470456"/>
  <nd ref="4050470407"/>
  <nd ref="4050470401"/>
  <nd ref="4050470385"/>
  <nd ref="4050470369"/>
  <nd ref="4050470339"/>
 </way>
 <way id="616782774" visible="true" version="3" changeset="97070625" timestamp="2021-01-06T20:39:09Z" user="127logs" uid="9633823">
  <nd ref="5830741991"/>
  <nd ref="8205368042"/>
  <nd ref="5830741995"/>
  <nd ref="5830741998"/>
  <nd ref="5830741992"/>
  <tag k="highway" v="residential"/>
  <tag k="name" v="Calle Isaac Newton"/>
 </way>
 <way id="616782775" visible="true" version="3" changeset="97070625" timestamp="2021-01-06T20:39:09Z" user="127logs" uid="9633823">
  <nd ref="5830741993"/>
  <nd ref="5830741991"/>
  <nd ref="8297956889"/>
  <nd ref="5830741994"/>
  <nd ref="8297956890"/>
  <nd ref="8297956888"/>
  <nd ref="1326556606"/>
  <tag k="highway" v="residential"/>
  <tag k="name" v="Calle Linus Pawling"/>
 </way>
 <way id="616782777" visible="true" version="3" changeset="97071858" timestamp="2021-01-06T21:17:31Z" user="127logs" uid="9633823">
  <nd ref="5830741995"/>
  <nd ref="8298124300"/>
  <nd ref="5830741996"/>
  <tag k="alt_name" v="Calle Alfred Nobel"/>
  <tag k="highway" v="residential"/>
  <tag k="name" v="Alfred novel"/>
 </way>
 <way id="616782778" visible="true" version="2" changeset="97070127" timestamp="2021-01-06T20:23:43Z" user="127logs" uid="9633823">
  <nd ref="5830741997"/>
  <nd ref="5830741998"/>
  <nd ref="5830741990"/>
  <tag k="highway" v="residential"/>
  <tag k="name" v="Calle Albert Einstein"/>
 </way>
 <way id="616784108" visible="true" version="4" changeset="97070845" timestamp="2021-01-06T20:46:24Z" user="127logs" uid="9633823">
  <nd ref="5830754918"/>
  <nd ref="8204197233"/>
  <nd ref="5830754919"/>
  <tag k="highway" v="residential"/>
  <tag k="name" v="Calle Lasser"/>
 </way>
 <way id="616784110" visible="true" version="3" changeset="97072337" timestamp="2021-01-06T21:34:28Z" user="127logs" uid="9633823">
  <nd ref="8201187206"/>
  <nd ref="5830754924"/>
  <nd ref="5830754925"/>
  <tag k="alt_name" v="Calle Cándido Aguilar"/>
  <tag k="highway" v="path"/>
  <tag k="name" v="Candido perez"/>
 </way>
 <way id="616784111" visible="true" version="1" changeset="61639902" timestamp="2018-08-13T21:44:26Z" user="Guillermo Larios Barrios" uid="7620588">
  <nd ref="5830754924"/>
  <nd ref="1326556506"/>
  <tag k="highway" v="residential"/>
  <tag k="name" v="El roble"/>
 </way>
 <way id="616784112" visible="true" version="2" changeset="97072337" timestamp="2021-01-06T21:34:28Z" user="127logs" uid="9633823">
  <nd ref="5830754925"/>
  <nd ref="5830754926"/>
  <nd ref="5830754927"/>
  <nd ref="5830754928"/>
  <tag k="alt_name" v="Calle Los Almendros"/>
  <tag k="highway" v="residential"/>
  <tag k="name" v="Los robles"/>
 </way>
 <way id="673017930" visible="true" version="1" changeset="67569285" timestamp="2019-02-26T04:09:18Z" user="DonMorofok" uid="7540423">
  <nd ref="6302608906"/>
  <nd ref="6302608907"/>
  <nd ref="6302608908"/>
  <nd ref="6302608909"/>
  <nd ref="6302608906"/>
  <tag k="leisure" v="sports_centre"/>
  <tag k="sport" v="swimming"/>
 </way>
 <way id="674485362" visible="true" version="2" changeset="97072883" timestamp="2021-01-06T21:53:51Z" user="127logs" uid="9633823">
  <nd ref="1289154155"/>
  <nd ref="1289153547"/>
  <nd ref="1289153603"/>
  <nd ref="1289154074"/>
  <nd ref="1289153694"/>
  <nd ref="1289153826"/>
  <nd ref="6316549126"/>
  <tag k="highway" v="residential"/>
  <tag k="name" v="Calle José María Pino Suárez"/>
 </way>
 <way id="676143282" visible="true" version="1" changeset="68042597" timestamp="2019-03-12T00:07:00Z" user="Andrew Matheny" uid="3265371">
  <nd ref="6332099142"/>
  <nd ref="6332099139"/>
  <nd ref="6332099138"/>
  <nd ref="6332099141"/>
  <nd ref="6332099137"/>
  <nd ref="6332099140"/>
  <nd ref="6332099136"/>
  <nd ref="5394569259"/>
  <nd ref="6332099135"/>
  <nd ref="6332099134"/>
  <nd ref="6332099142"/>
  <tag k="leisure" v="pitch"/>
  <tag k="sport" v="baseball"/>
 </way>
 <way id="881872570" visible="true" version="2" changeset="97072066" timestamp="2021-01-06T21:24:46Z" user="127logs" uid="9633823">
  <nd ref="8201187201"/>
  <nd ref="8201187200"/>
  <tag k="highway" v="residential"/>
  <tag k="name" v="Privada Los Pinos"/>
 </way>
 <way id="881872571" visible="true" version="2" changeset="97072538" timestamp="2021-01-06T21:41:27Z" user="127logs" uid="9633823">
  <nd ref="8201187203"/>
  <nd ref="8201187202"/>
  <tag k="highway" v="residential"/>
  <tag k="name" v="Calle Independencia"/>
 </way>
 <way id="881872572" visible="true" version="2" changeset="97072066" timestamp="2021-01-06T21:24:46Z" user="127logs" uid="9633823">
  <nd ref="8201187205"/>
  <nd ref="8201187204"/>
  <tag k="highway" v="residential"/>
  <tag k="name" v="Privada Colima"/>
 </way>
 <way id="881872573" visible="true" version="2" changeset="97072066" timestamp="2021-01-06T21:24:46Z" user="127logs" uid="9633823">
  <nd ref="8201187207"/>
  <nd ref="8201187204"/>
  <nd ref="8201187206"/>
  <tag k="highway" v="residential"/>
  <tag k="name" v="Calle El Roble"/>
 </way>
 <way id="881936255" visible="true" version="1" changeset="95420188" timestamp="2020-12-07T12:05:12Z" user="BanjaraHills" uid="10811160">
  <nd ref="8201819820"/>
  <nd ref="8201819819"/>
  <nd ref="8201813314"/>
  <nd ref="8201819818"/>
  <tag k="highway" v="service"/>
 </way>
 <way id="881936256" visible="true" version="2" changeset="107422327" timestamp="2021-07-05T07:17:58Z" user="AlQuoz" uid="10652799">
  <nd ref="8201819818"/>
  <nd ref="8201819817"/>
  <nd ref="8201813316"/>
  <tag k="highway" v="service"/>
 </way>
 <way id="882238213" visible="true" version="3" changeset="134549116" timestamp="2023-04-05T18:02:40Z" user="Abr_mx" uid="6766137">
  <nd ref="8204576584"/>
  <nd ref="8204576583"/>
  <tag k="highway" v="primary_link"/>
  <tag k="oneway" v="no"/>
 </way>
 <way id="882245211" visible="true" version="2" changeset="97072538" timestamp="2021-01-06T21:41:27Z" user="127logs" uid="9633823">
  <nd ref="8204606196"/>
  <nd ref="8204606195"/>
  <tag k="highway" v="residential"/>
  <tag k="name" v="Calle Chapultepec"/>
 </way>
 <way id="882248992" visible="true" version="2" changeset="172639095" timestamp="2025-09-30T02:40:57Z" user="TecNM campus Minatitlán" uid="23257776">
  <nd ref="8204662679"/>
  <nd ref="8204662678"/>
  <nd ref="13182469806"/>
  <nd ref="8204662677"/>
  <tag k="highway" v="service"/>
 </way>
 <way id="882248993" visible="true" version="1" changeset="95467780" timestamp="2020-12-08T07:39:21Z" user="BanjaraHills" uid="10811160">
  <nd ref="8204662681"/>
  <nd ref="8204662677"/>
  <tag k="highway" v="service"/>
 </way>
 <way id="882248994" visible="true" version="2" changeset="172639095" timestamp="2025-09-30T02:40:57Z" user="TecNM campus Minatitlán" uid="23257776">
  <nd ref="8204662677"/>
  <nd ref="8204662680"/>
  <nd ref="13182469804"/>
  <nd ref="13182469805"/>
  <nd ref="8204662679"/>
  <tag k="highway" v="service"/>
 </way>
 <way id="882297098" visible="true" version="3" changeset="134549116" timestamp="2023-04-05T18:02:40Z" user="Abr_mx" uid="6766137">
  <nd ref="8205145391"/>
  <nd ref="8205145390"/>
  <tag k="highway" v="primary_link"/>
  <tag k="oneway" v="no"/>
 </way>
 <way id="882714954" visible="true" version="2" changeset="172764439" timestamp="2025-10-02T20:01:16Z" user="Angel H Cervantes" uid="23254573">
  <nd ref="8209139037"/>
  <nd ref="8209139036"/>
  <nd ref="8209139035"/>
  <nd ref="8209139034"/>
  <nd ref="8209139033"/>
  <nd ref="8209139032"/>
  <nd ref="8209139031"/>
  <nd ref="13189413024"/>
  <nd ref="8209139030"/>
  <nd ref="8209139037"/>
  <tag k="amenity" v="parking"/>
 </way>
 <way id="882714955" visible="true" version="1" changeset="95546504" timestamp="2020-12-09T10:40:48Z" user="Caravanserai" uid="10019202">
  <nd ref="8209139043"/>
  <nd ref="8209139042"/>
  <nd ref="8209139041"/>
  <nd ref="8209139040"/>
  <nd ref="8209139039"/>
  <nd ref="8209139038"/>
  <nd ref="8209139043"/>
  <tag k="amenity" v="parking"/>
 </way>
 <way id="892438728" visible="true" version="4" changeset="97070625" timestamp="2021-01-06T20:39:09Z" user="127logs" uid="9633823">
  <nd ref="1326556939"/>
  <nd ref="8294577468"/>
  <nd ref="1326556902"/>
  <nd ref="1326556844"/>
  <nd ref="1326556773"/>
  <nd ref="8201813301"/>
  <nd ref="1326556701"/>
  <nd ref="1326556667"/>
  <nd ref="8201689403"/>
  <nd ref="1326556640"/>
  <nd ref="8297956878"/>
  <nd ref="8205003707"/>
  <nd ref="1326556585"/>
  <tag k="alt_name" v="Calle Miguel Hidalgo"/>
  <tag k="highway" v="residential"/>
  <tag k="name" v="Avenida Miguel Hidalgo"/>
  <tag k="oneway" v="yes"/>
 </way>
 <way id="892443836" visible="true" version="2" changeset="97070625" timestamp="2021-01-06T20:39:09Z" user="127logs" uid="9633823">
  <nd ref="8201712019"/>
  <nd ref="8205003708"/>
  <nd ref="8201689413"/>
  <nd ref="8201689402"/>
  <nd ref="8201689414"/>
  <nd ref="8201689415"/>
  <nd ref="8201813300"/>
  <nd ref="8201689416"/>
  <nd ref="8201712017"/>
  <nd ref="8201712018"/>
  <nd ref="8201712020"/>
  <nd ref="1326556939"/>
  <tag k="alt_name" v="Calle Miguel Hidalgo"/>
  <tag k="highway" v="residential"/>
  <tag k="name" v="Avenida Miguel Hidalgo"/>
  <tag k="oneway" v="yes"/>
 </way>
 <way id="892805231" visible="true" version="1" changeset="97070097" timestamp="2021-01-06T20:22:38Z" user="127logs" uid="9633823">
  <nd ref="8297976269"/>
  <nd ref="8297976268"/>
  <tag k="bridge" v="yes"/>
  <tag k="highway" v="pedestrian"/>
  <tag k="layer" v="1"/>
 </way>
 <way id="892805232" visible="true" version="1" changeset="97070097" timestamp="2021-01-06T20:22:38Z" user="127logs" uid="9633823">
  <nd ref="8297976268"/>
  <nd ref="8297976270"/>
  <tag k="highway" v="pedestrian"/>
 </way>
 <way id="892805233" visible="true" version="1" changeset="97070097" timestamp="2021-01-06T20:22:38Z" user="127logs" uid="9633823">
  <nd ref="5830741990"/>
  <nd ref="8297976269"/>
  <tag k="highway" v="pedestrian"/>
 </way>
 <way id="892807161" visible="true" version="2" changeset="97070625" timestamp="2021-01-06T20:39:09Z" user="127logs" uid="9633823">
  <nd ref="8297956886"/>
  <nd ref="8297956885"/>
  <nd ref="8297956884"/>
  <nd ref="8297956883"/>
  <nd ref="8297956882"/>
  <nd ref="8297956881"/>
  <tag k="highway" v="residential"/>
  <tag k="name" v="Calle Gay Lussac"/>
 </way>
 <way id="892816503" visible="true" version="2" changeset="97071771" timestamp="2021-01-06T21:13:49Z" user="127logs" uid="9633823">
  <nd ref="1289154053"/>
  <nd ref="1289153528"/>
  <nd ref="1289153622"/>
  <nd ref="1289153918"/>
  <nd ref="1289153520"/>
  <nd ref="1289153473"/>
  <nd ref="1289153574"/>
  <tag k="highway" v="residential"/>
  <tag k="name" v="Privada Managua"/>
 </way>
 <way id="892822870" visible="true" version="2" changeset="97071771" timestamp="2021-01-06T21:13:49Z" user="127logs" uid="9633823">
  <nd ref="8298119726"/>
  <nd ref="8298119725"/>
  <tag k="highway" v="residential"/>
  <tag k="name" v="Calle Ignacio Allende"/>
 </way>
 <way id="892823941" visible="true" version="2" changeset="97072538" timestamp="2021-01-06T21:41:27Z" user="127logs" uid="9633823">
  <nd ref="1289153658"/>
  <nd ref="1289154143"/>
  <nd ref="1289153554"/>
  <nd ref="3782161894"/>
  <nd ref="1289153472"/>
  <nd ref="1289153568"/>
  <nd ref="1289153765"/>
  <nd ref="1289153777"/>
  <nd ref="1289154197"/>
  <nd ref="1289153547"/>
  <nd ref="1289153473"/>
  <nd ref="1289153614"/>
  <nd ref="1289154253"/>
  <tag k="highway" v="residential"/>
  <tag k="name" v="Calle Miguel Hidalgo"/>
 </way>
 <way id="892824398" visible="true" version="1" changeset="97071858" timestamp="2021-01-06T21:17:31Z" user="127logs" uid="9633823">
  <nd ref="8298124300"/>
  <nd ref="8298124299"/>
  <tag k="highway" v="residential"/>
 </way>
 <way id="892824399" visible="true" version="2" changeset="97071936" timestamp="2021-01-06T21:20:09Z" user="127logs" uid="9633823">
  <nd ref="8298124302"/>
  <nd ref="8298124301"/>
  <tag k="highway" v="residential"/>
  <tag k="name" v="Privada John Dalton"/>
 </way>
 <way id="892824636" visible="true" version="2" changeset="97072538" timestamp="2021-01-06T21:41:27Z" user="127logs" uid="9633823">
  <nd ref="1289153790"/>
  <nd ref="1289153777"/>
  <nd ref="8204606196"/>
  <nd ref="1289154176"/>
  <tag k="highway" v="residential"/>
  <tag k="name" v="Calle Úrsulo Galván"/>
 </way>
 <way id="892825351" visible="true" version="2" changeset="97072066" timestamp="2021-01-06T21:24:46Z" user="127logs" uid="9633823">
  <nd ref="8298140170"/>
  <nd ref="8298140169"/>
  <tag k="highway" v="residential"/>
  <tag k="name" v="Privada Hidalgo"/>
 </way>
 <way id="892825542" visible="true" version="2" changeset="97125389" timestamp="2021-01-07T18:23:00Z" user="127logs" uid="9633823">
  <nd ref="1326556552"/>
  <nd ref="8200953083"/>
  <nd ref="1326556547"/>
  <nd ref="1326556532"/>
  <nd ref="8201187207"/>
  <nd ref="1326556506"/>
  <nd ref="5830754928"/>
  <nd ref="1326556489"/>
  <tag k="highway" v="residential"/>
  <tag k="name" v="Calle 5 de mayo"/>
 </way>
 <way id="892828827" visible="true" version="2" changeset="97073751" timestamp="2021-01-06T22:30:08Z" user="127logs" uid="9633823">
  <nd ref="6391747698"/>
  <nd ref="6391747700"/>
  <nd ref="1289153627"/>
  <nd ref="1289154144"/>
  <nd ref="1289154095"/>
  <nd ref="1289154232"/>
  <nd ref="1289153507"/>
  <nd ref="1289154129"/>
  <nd ref="1289154022"/>
  <nd ref="1289153511"/>
  <nd ref="1289154074"/>
  <nd ref="1289153918"/>
  <nd ref="1289153565"/>
  <nd ref="8298067489"/>
  <nd ref="1289153942"/>
  <tag k="highway" v="residential"/>
  <tag k="name" v="Calle Emiliano Zapata"/>
 </way>
 <way id="892836010" visible="true" version="2" changeset="97133285" timestamp="2021-01-07T22:47:37Z" user="127logs" uid="9633823">
  <nd ref="8200953086"/>
  <nd ref="1289154119"/>
  <nd ref="1289153693"/>
  <nd ref="1289153544"/>
  <nd ref="1289153593"/>
  <nd ref="1289154222"/>
  <nd ref="5830269155"/>
  <nd ref="8201353636"/>
  <nd ref="8204576578"/>
  <nd ref="1289153580"/>
  <nd ref="1289153524"/>
  <nd ref="1289153762"/>
  <nd ref="3782161893"/>
  <nd ref="1289154229"/>
  <nd ref="1289153505"/>
  <nd ref="1289154285"/>
  <nd ref="1289154176"/>
  <nd ref="1289153857"/>
  <nd ref="1289153603"/>
  <nd ref="1289153520"/>
  <nd ref="1289153488"/>
  <nd ref="1289153715"/>
  <tag k="highway" v="residential"/>
  <tag k="name" v="Calle Benito Juárez"/>
 </way>
 <way id="961515180" visible="true" version="1" changeset="107422327" timestamp="2021-07-05T07:17:58Z" user="AlQuoz" uid="10652799">
  <nd ref="8201813316"/>
  <nd ref="8201813315"/>
  <nd ref="8201819818"/>
  <tag k="highway" v="service"/>
 </way>
 <way id="997525032" visible="true" version="2" changeset="172639095" timestamp="2025-09-30T02:40:57Z" user="TecNM campus Minatitlán" uid="23257776">
  <nd ref="9210651297"/>
  <nd ref="9210651303"/>
  <nd ref="9210651298"/>
  <nd ref="9210651305"/>
  <nd ref="9210651299"/>
  <nd ref="9210651300"/>
  <nd ref="13182425692"/>
  <nd ref="13182425691"/>
  <nd ref="9210651301"/>
  <nd ref="9210651302"/>
  <nd ref="9210651297"/>
  <tag k="access" v="private"/>
  <tag k="amenity" v="parking"/>
  <tag k="image" v="https://www.google.com.mx/url?sa=i&amp;url=https%3A%2F%2Fwww.veracruzenred.mx%2Ftag%2Finstituto-tecnologico-de-minatitlan%2F&amp;psig=AOvVaw3RTkcgTqtuYLMxpQhNOn6p&amp;ust=1635616711748000&amp;source=images&amp;cd=vfe&amp;ved=0CAsQjRxqFwoTCMiJ3aCZ8PMCFQAAAAAdAAAAABAE"/>
  <tag k="operator" v="Inatituto Tecnológico de Minatitlán"/>
  <tag k="operator:type" v="school"/>
  <tag k="parking" v="surface"/>
  <tag k="surface" v="concrete"/>
 </way>
 <way id="997525033" visible="true" version="2" changeset="172639095" timestamp="2025-09-30T02:40:57Z" user="TecNM campus Minatitlán" uid="23257776">
  <nd ref="9210651304"/>
  <nd ref="9210651305"/>
  <nd ref="9210651306"/>
  <nd ref="9210651307"/>
  <nd ref="9210651308"/>
  <nd ref="13182425691"/>
  <nd ref="9210651310"/>
  <nd ref="9210651306"/>
  <tag k="highway" v="service"/>
  <tag k="service" v="driveway"/>
  <tag k="surface" v="concrete"/>
 </way>
 <way id="1192739698" visible="true" version="2" changeset="139269953" timestamp="2023-07-31T20:03:42Z" user="म्यापर" uid="17365610">
  <nd ref="11071924658"/>
  <nd ref="1326556654"/>
  <nd ref="8205003683"/>
  <nd ref="8205223551"/>
  <nd ref="8205003684"/>
  <nd ref="1326556709"/>
  <nd ref="6561335476"/>
  <nd ref="1289153686"/>
  <nd ref="4050469658"/>
  <tag k="alt_name" v="Boulevard Instituto Tecnológico"/>
  <tag k="highway" v="primary"/>
  <tag k="lanes" v="4"/>
  <tag k="name" v="Boulevard Instituto Tecnológico (Carretera Transístmica)"/>
  <tag k="oneway" v="yes"/>
  <tag k="ref" v="MEX 185"/>
  <tag k="surface" v="asphalt"/>
 </way>
 <way id="1250114948" visible="true" version="2" changeset="172639095" timestamp="2025-09-30T02:40:57Z" user="TecNM campus Minatitlán" uid="23257776">
  <nd ref="11071924657"/>
  <nd ref="1326556605"/>
  <nd ref="8201712019"/>
  <nd ref="1326556585"/>
  <nd ref="8298119726"/>
  <nd ref="8205145391"/>
  <nd ref="5830741992"/>
  <nd ref="8204576584"/>
  <nd ref="1326556546"/>
  <nd ref="8204662681"/>
  <nd ref="13182425693"/>
  <nd ref="9210651304"/>
  <nd ref="13182425700"/>
  <nd ref="1326556495"/>
  <nd ref="1326556475"/>
  <nd ref="8201187209"/>
  <nd ref="11071924793"/>
  <nd ref="5830754921"/>
  <nd ref="6391766628"/>
  <nd ref="1289153569"/>
  <tag k="alt_name" v="Boulevard Instituto Tecnológico"/>
  <tag k="highway" v="primary"/>
  <tag k="lanes" v="2"/>
  <tag k="name" v="Boulevard Instituto Tecnológico (Carretera Transístmica)"/>
  <tag k="oneway" v="yes"/>
  <tag k="ref" v="MEX 185"/>
  <tag k="surface" v="asphalt"/>
 </way>
 <way id="1250114949" visible="true" version="1" changeset="147432533" timestamp="2024-02-14T02:28:59Z" user="Ferrocarriles de México" uid="19456985">
  <nd ref="1289153569"/>
  <nd ref="6391766611"/>
  <nd ref="3782161895"/>
  <nd ref="1289154171"/>
  <nd ref="11071924792"/>
  <nd ref="8201187208"/>
  <nd ref="1289153625"/>
  <nd ref="1289154050"/>
  <nd ref="1289153790"/>
  <nd ref="1289154091"/>
  <nd ref="8204576583"/>
  <nd ref="1289154155"/>
  <nd ref="1289153574"/>
  <nd ref="8205145390"/>
  <nd ref="11071924658"/>
  <tag k="alt_name" v="Boulevard Instituto Tecnológico"/>
  <tag k="highway" v="primary"/>
  <tag k="lanes" v="2"/>
  <tag k="name" v="Boulevard Instituto Tecnológico (Carretera Transístmica)"/>
  <tag k="oneway" v="yes"/>
  <tag k="ref" v="MEX 185"/>
  <tag k="surface" v="asphalt"/>
 </way>
 <way id="1428860569" visible="true" version="1" changeset="171755106" timestamp="2025-09-10T20:25:50Z" user="AndresSM30" uid="23279192">
  <nd ref="13134953756"/>
  <nd ref="13134953757"/>
  <nd ref="13134953758"/>
  <nd ref="13134953759"/>
  <nd ref="13134953756"/>
  <tag k="access" v="private"/>
  <tag k="leisure" v="pitch"/>
  <tag k="name" v="Campo de voleibol"/>
  <tag k="sport" v="volleyball"/>
  <tag k="surface" v="sand"/>
 </way>
 <way id="1428860570" visible="true" version="1" changeset="171755106" timestamp="2025-09-10T20:25:50Z" user="AndresSM30" uid="23279192">
  <nd ref="13134953760"/>
  <nd ref="13134953761"/>
  <nd ref="13134953762"/>
  <nd ref="13134953763"/>
  <nd ref="13134953760"/>
  <tag k="access" v="private"/>
  <tag k="leisure" v="pitch"/>
  <tag k="lit" v="no"/>
  <tag k="name" v="Cancha de futbol"/>
  <tag k="sport" v="soccer"/>
  <tag k="surface" v="asphalt"/>
 </way>
 <way id="1429350116" visible="true" version="1" changeset="171845725" timestamp="2025-09-12T18:31:44Z" user="AndresSM30" uid="23279192">
  <nd ref="13139673268"/>
  <nd ref="13139673269"/>
  <nd ref="13139673270"/>
  <nd ref="13139673271"/>
  <nd ref="13139673268"/>
  <tag k="leisure" v="park"/>
  <tag k="name" v="Plaza"/>
 </way>
 <way id="1429350117" visible="true" version="2" changeset="172639095" timestamp="2025-09-30T02:40:57Z" user="TecNM campus Minatitlán" uid="23257776">
  <nd ref="13139673284"/>
  <nd ref="13139673285"/>
  <nd ref="13182469812"/>
  <nd ref="13139673286"/>
  <nd ref="13139673287"/>
  <nd ref="13139673284"/>
  <tag k="leisure" v="park"/>
  <tag k="name" v="Explanada"/>
 </way>
 <way id="1434248966" visible="true" version="1" changeset="172639095" timestamp="2025-09-30T02:40:57Z" user="TecNM campus Minatitlán" uid="23257776">
  <nd ref="13182425683"/>
  <nd ref="13182425684"/>
  <nd ref="13182425685"/>
  <nd ref="13182425686"/>
  <nd ref="13182425683"/>
  <tag k="addr:city" v="Minatitlán"/>
  <tag k="addr:postcode" v="96848"/>
  <tag k="addr:state" v="Ver"/>
  <tag k="addr:street" v="Boulevard Instituto Tecnológico (Carretera Transístmica)"/>
  <tag k="architect" v="Moderna Funcional"/>
  <tag k="building" v="school"/>
  <tag k="building:levels" v="2"/>
  <tag k="height" v="8"/>
  <tag k="name" v="Edificio ACB"/>
 </way>
 <way id="1434248967" visible="true" version="2" changeset="172639812" timestamp="2025-09-30T03:24:35Z" user="TecNM campus Minatitlán" uid="23257776">
  <nd ref="13182425687"/>
  <nd ref="13182727302"/>
  <nd ref="13182425688"/>
  <nd ref="13182425689"/>
  <nd ref="13182425690"/>
  <nd ref="13182425687"/>
  <tag k="addr:city" v="Minatitlán"/>
  <tag k="addr:postcode" v="96848"/>
  <tag k="addr:state" v="Ver"/>
  <tag k="addr:street" v="Boulevard Instituto Tecnológico (Carretera Transístmica)"/>
  <tag k="building" v="school"/>
  <tag k="building:levels" v="1"/>
  <tag k="height" v="3.5"/>
  <tag k="name" v="Edificio ACA"/>
 </way>
 <way id="1434248968" visible="true" version="5" changeset="172723131" timestamp="2025-10-01T20:04:23Z" user="Angel H Cervantes" uid="23254573">
  <nd ref="13182425693"/>
  <nd ref="13182469802"/>
  <nd ref="13182469817"/>
  <nd ref="13182425694"/>
  <nd ref="13182425695"/>
  <nd ref="13182727301"/>
  <nd ref="13182425696"/>
  <nd ref="13182425697"/>
  <nd ref="13182469813"/>
  <nd ref="13182425698"/>
  <nd ref="13182425699"/>
  <nd ref="13182425694"/>
  <tag k="bicycle" v="no"/>
  <tag k="foot" v="yes"/>
  <tag k="highway" v="service"/>
  <tag k="horse" v="no"/>
  <tag k="incline" v="0%"/>
  <tag k="motor_vehicle" v="no"/>
  <tag k="name" v="Acera Principal"/>
  <tag k="surface" v="ground"/>
  <tag k="width" v="2"/>
 </way>
 <way id="1434248969" visible="true" version="4" changeset="172723131" timestamp="2025-10-01T20:04:23Z" user="Angel H Cervantes" uid="23254573">
  <nd ref="13182425700"/>
  <nd ref="13182469801"/>
  <nd ref="13182469803"/>
  <nd ref="13182469802"/>
  <tag k="access" v="permit"/>
  <tag k="bicycle" v="no"/>
  <tag k="foot" v="yes"/>
  <tag k="highway" v="service"/>
  <tag k="horse" v="no"/>
  <tag k="incline" v="0%"/>
  <tag k="motor_vehicle" v="no"/>
  <tag k="name" v="Acera Principal Izquierda"/>
  <tag k="surface" v="ground"/>
  <tag k="wheelchair" v="yes"/>
  <tag k="width" v="1"/>
 </way>
 <way id="1434248970" visible="true" version="1" changeset="172639095" timestamp="2025-09-30T02:40:57Z" user="TecNM campus Minatitlán" uid="23257776">
  <nd ref="13182469807"/>
  <nd ref="13182469808"/>
  <nd ref="13182469809"/>
  <nd ref="13182469810"/>
  <nd ref="13182469811"/>
  <nd ref="13182469807"/>
  <tag k="addr:city" v="Minatitlán"/>
  <tag k="addr:postcode" v="96848"/>
  <tag k="addr:state" v="Ver"/>
  <tag k="addr:street" v="Boulevard Instituto Tecnológico (Carretera Transístmica)"/>
  <tag k="building" v="school"/>
  <tag k="building:levels" v="1"/>
  <tag k="height" v="3"/>
  <tag k="name" v="Edificio B"/>
 </way>
 <way id="1434248971" visible="true" version="7" changeset="172764439" timestamp="2025-10-02T20:01:16Z" user="Angel H Cervantes" uid="23254573">
  <nd ref="13182469813"/>
  <nd ref="13182505599"/>
  <nd ref="13184307336"/>
  <nd ref="13182469816"/>
  <nd ref="13182469815"/>
  <nd ref="13189413012"/>
  <nd ref="13182469814"/>
  <tag k="access" v="permit"/>
  <tag k="bicycle" v="no"/>
  <tag k="foot" v="yes"/>
  <tag k="highway" v="service"/>
  <tag k="horse" v="no"/>
  <tag k="incline" v="0%"/>
  <tag k="motor_vehicle" v="no"/>
  <tag k="name" v="Acera 1"/>
  <tag k="surface" v="ground"/>
  <tag k="width" v="0"/>
 </way>
 <way id="1434248972" visible="true" version="4" changeset="172723131" timestamp="2025-10-01T20:04:23Z" user="Angel H Cervantes" uid="23254573">
  <nd ref="13182469817"/>
  <nd ref="13182469818"/>
  <nd ref="13182469819"/>
  <nd ref="13182469820"/>
  <nd ref="13182469821"/>
  <nd ref="13182469823"/>
  <nd ref="13182469822"/>
  <nd ref="13182469815"/>
  <tag k="access" v="permit"/>
  <tag k="bicycle" v="no"/>
  <tag k="foot" v="yes"/>
  <tag k="highway" v="service"/>
  <tag k="horse" v="no"/>
  <tag k="incline" v="0%"/>
  <tag k="motor_vehicle" v="no"/>
  <tag k="name" v="Acera 2"/>
  <tag k="surface" v="ground"/>
 </way>
 <way id="1434248973" visible="true" version="2" changeset="172639812" timestamp="2025-09-30T03:24:35Z" user="TecNM campus Minatitlán" uid="23257776">
  <nd ref="13182469824"/>
  <nd ref="13182469825"/>
  <nd ref="13182469826"/>
  <nd ref="13182505588"/>
  <nd ref="13182469827"/>
  <nd ref="13182469824"/>
  <tag k="addr:city" v="Minatitlán"/>
  <tag k="addr:postcode" v="96848"/>
  <tag k="addr:state" v="Ver"/>
  <tag k="addr:street" v="Avenida Tecnológico"/>
  <tag k="building" v="school"/>
  <tag k="height" v="3"/>
  <tag k="layer" v="1"/>
  <tag k="name" v="Edificio LQG"/>
 </way>
 <way id="1434260880" visible="true" version="2" changeset="172665393" timestamp="2025-09-30T15:11:48Z" user="TecNM campus Minatitlán" uid="23257776">
  <nd ref="13182505579"/>
  <nd ref="13182505580"/>
  <nd ref="13182505581"/>
  <nd ref="13184307344"/>
  <nd ref="13182505582"/>
  <nd ref="13182505579"/>
  <tag k="addr:city" v="Minatitlán"/>
  <tag k="addr:postcode" v="96848"/>
  <tag k="addr:state" v="Ver"/>
  <tag k="addr:street" v="Boulevard Instituto Tecnológico (Carretera Transístmica)"/>
  <tag k="building" v="college"/>
  <tag k="building:levels" v="2"/>
  <tag k="height" v="6"/>
  <tag k="name" v="Edificio SUM"/>
 </way>
 <way id="1434260881" visible="true" version="1" changeset="172639812" timestamp="2025-09-30T03:24:35Z" user="TecNM campus Minatitlán" uid="23257776">
  <nd ref="13182505583"/>
  <nd ref="13182505584"/>
  <nd ref="13182505585"/>
  <nd ref="13182505586"/>
  <nd ref="13182505583"/>
  <tag k="addr:city" v="Minatitlán"/>
  <tag k="addr:postcode" v="96848"/>
  <tag k="addr:state" v="Ver"/>
  <tag k="addr:street" v="Boulevard Instituto Tecnológico (Carretera Transístmica)"/>
  <tag k="building" v="college"/>
  <tag k="building:levels" v="1"/>
  <tag k="height" v="3"/>
  <tag k="name" v="Edificio C"/>
 </way>
 <way id="1434260882" visible="true" version="6" changeset="172764439" timestamp="2025-10-02T20:01:16Z" user="Angel H Cervantes" uid="23254573">
  <nd ref="13182425696"/>
  <nd ref="13182727303"/>
  <nd ref="13182505587"/>
  <nd ref="13182505596"/>
  <nd ref="13182505589"/>
  <nd ref="13184363256"/>
  <nd ref="13182505588"/>
  <nd ref="13182505595"/>
  <nd ref="13182505590"/>
  <nd ref="13182505591"/>
  <nd ref="13182505592"/>
  <nd ref="13189413016"/>
  <nd ref="13189413031"/>
  <nd ref="13182505593"/>
  <nd ref="13182505594"/>
  <tag k="access" v="permit"/>
  <tag k="bicycle" v="no"/>
  <tag k="foot" v="yes"/>
  <tag k="highway" v="service"/>
  <tag k="horse" v="no"/>
  <tag k="incline" v="0%"/>
  <tag k="layer" v="-1"/>
  <tag k="motor_vehicle" v="no"/>
  <tag k="name" v="Acera Columna"/>
  <tag k="surface" v="ground"/>
  <tag k="width" v="2.5"/>
 </way>
 <way id="1434260883" visible="true" version="3" changeset="172723131" timestamp="2025-10-01T20:04:23Z" user="Angel H Cervantes" uid="23254573">
  <nd ref="13182505587"/>
  <nd ref="13182505598"/>
  <nd ref="13182505597"/>
  <tag k="access" v="permit"/>
  <tag k="bicycle" v="no"/>
  <tag k="foot" v="yes"/>
  <tag k="highway" v="service"/>
  <tag k="horse" v="no"/>
  <tag k="incline" v="-10%"/>
  <tag k="motor_vehicle" v="no"/>
  <tag k="name" v="Acera Entrada Lateral"/>
  <tag k="surface" v="ground"/>
  <tag k="width" v="2"/>
 </way>
 <way id="1434260884" visible="true" version="3" changeset="172721744" timestamp="2025-10-01T19:27:57Z" user="Angel H Cervantes" uid="23254573">
  <nd ref="13182469821"/>
  <nd ref="13182505600"/>
  <nd ref="13182505599"/>
  <tag k="highway" v="footway"/>
  <tag k="name" v="Acera 3"/>
  <tag k="surface" v="ground"/>
 </way>
 <way id="1434260885" visible="true" version="1" changeset="172639812" timestamp="2025-09-30T03:24:35Z" user="TecNM campus Minatitlán" uid="23257776">
  <nd ref="13182727301"/>
  <nd ref="13182727302"/>
  <tag k="access" v="permit"/>
  <tag k="bicycle" v="no"/>
  <tag k="foot" v="yes"/>
  <tag k="footway" v="sidewalk"/>
  <tag k="highway" v="footway"/>
  <tag k="horse" v="no"/>
  <tag k="motor_vehicle" v="no"/>
  <tag k="name" v="Cruce Edificio Principal"/>
  <tag k="surface" v="asphalt"/>
  <tag k="width" v="3"/>
 </way>
 <way id="1434260886" visible="true" version="4" changeset="172723131" timestamp="2025-10-01T20:04:23Z" user="Angel H Cervantes" uid="23254573">
  <nd ref="13182727303"/>
  <nd ref="13182727304"/>
  <nd ref="13182727305"/>
  <nd ref="13182727306"/>
  <nd ref="13182727307"/>
  <nd ref="13182727308"/>
  <nd ref="13182727309"/>
  <nd ref="13182505588"/>
  <tag k="highway" v="service"/>
  <tag k="surface" v="ground"/>
 </way>
 <way id="1434261187" visible="true" version="3" changeset="172723131" timestamp="2025-10-01T20:04:23Z" user="Angel H Cervantes" uid="23254573">
  <nd ref="13182727304"/>
  <nd ref="13182720922"/>
  <nd ref="13182505596"/>
  <tag k="access" v="no"/>
  <tag k="highway" v="service"/>
  <tag k="name" v="Conector"/>
  <tag k="surface" v="ground"/>
  <tag k="width" v="2"/>
 </way>
 <way id="1434394328" visible="true" version="1" changeset="172665393" timestamp="2025-09-30T15:11:48Z" user="TecNM campus Minatitlán" uid="23257776">
  <nd ref="13184307337"/>
  <nd ref="13184307338"/>
  <nd ref="13184307339"/>
  <nd ref="13184307340"/>
  <nd ref="13184307341"/>
  <nd ref="13184307337"/>
  <tag k="addr:city" v="Minatitlán"/>
  <tag k="addr:postcode" v="96848"/>
  <tag k="addr:state" v="Ver"/>
  <tag k="addr:street" v="Boulevard Instituto Tecnológico (Carretera Transístmica)"/>
  <tag k="building" v="college"/>
  <tag k="building:levels" v="1"/>
  <tag k="height" v="3"/>
  <tag k="layer" v="1"/>
  <tag k="name" v="Edificio A"/>
 </way>
 <way id="1434394329" visible="true" version="4" changeset="172723131" timestamp="2025-10-01T20:04:23Z" user="Angel H Cervantes" uid="23254573">
  <nd ref="13182469822"/>
  <nd ref="13184307346"/>
  <nd ref="13184307342"/>
  <tag k="highway" v="service"/>
  <tag k="surface" v="ground"/>
 </way>
 <way id="1434394330" visible="true" version="4" changeset="172723131" timestamp="2025-10-01T20:04:23Z" user="Angel H Cervantes" uid="23254573">
  <nd ref="13184307342"/>
  <nd ref="13184307345"/>
  <nd ref="13184307343"/>
  <nd ref="13184307344"/>
  <tag k="highway" v="service"/>
  <tag k="surface" v="ground"/>
 </way>
 <way id="1434394331" visible="true" version="4" changeset="172723131" timestamp="2025-10-01T20:04:23Z" user="Angel H Cervantes" uid="23254573">
  <nd ref="13184307345"/>
  <nd ref="13184307348"/>
  <nd ref="13184307347"/>
  <tag k="highway" v="service"/>
  <tag k="surface" v="ground"/>
 </way>
 <way id="1434394332" visible="true" version="1" changeset="172665393" timestamp="2025-09-30T15:11:48Z" user="TecNM campus Minatitlán" uid="23257776">
  <nd ref="13184307349"/>
  <nd ref="13184307350"/>
  <nd ref="13184307351"/>
  <nd ref="13184307352"/>
  <nd ref="13184307349"/>
  <tag k="addr:city" v="Minatitlán"/>
  <tag k="addr:neighbourhood" v="Buena Vista Norte"/>
  <tag k="addr:postcode" v="96848"/>
  <tag k="addr:state" v="Ver"/>
  <tag k="addr:street" v="Boulevard Instituto Tecnológico (Carretera Transístmica)"/>
  <tag k="amenity" v="research_institute"/>
  <tag k="internet_access" v="yes"/>
  <tag k="internet_access:fee" v="customers"/>
  <tag k="name" v="Edificio LIQP"/>
  <tag k="operator" v="Practicas de Ingenieria Quimica y Ambiental"/>
  <tag k="operator:type" v="university"/>
 </way>
 <way id="1434394333" visible="true" version="1" changeset="172665393" timestamp="2025-09-30T15:11:48Z" user="TecNM campus Minatitlán" uid="23257776">
  <nd ref="13184307353"/>
  <nd ref="13184307354"/>
  <nd ref="13184307355"/>
  <nd ref="13184307357"/>
  <nd ref="13184307356"/>
  <nd ref="13184307353"/>
  <tag k="addr:city" v="Minatitlán"/>
  <tag k="addr:postcode" v="96848"/>
  <tag k="addr:state" v="Ver"/>
  <tag k="addr:street" v="Boulevard Instituto Tecnológico (Carretera Transístmica)"/>
  <tag k="building" v="college"/>
  <tag k="building:levels" v="2"/>
  <tag k="height" v="6"/>
  <tag k="name" v="Edificio H"/>
 </way>
 <way id="1434402989" visible="true" version="1" changeset="172667502" timestamp="2025-09-30T15:53:11Z" user="TecNM campus Minatitlán" uid="23257776">
  <nd ref="13184363250"/>
  <nd ref="13184363251"/>
  <nd ref="13184363252"/>
  <nd ref="13184363253"/>
  <nd ref="13184363250"/>
  <tag k="addr:city" v="Minatitlán"/>
  <tag k="addr:postcode" v="96848"/>
  <tag k="addr:state" v="Ver"/>
  <tag k="addr:street" v="Boulevard Instituto Tecnológico (Carretera Transístmica)"/>
  <tag k="building" v="college"/>
  <tag k="building:levels" v="2"/>
  <tag k="height" v="8"/>
  <tag k="name" v="Edificio LISC"/>
 </way>
 <way id="1434402990" visible="true" version="4" changeset="172723131" timestamp="2025-10-01T20:04:23Z" user="Angel H Cervantes" uid="23254573">
  <nd ref="13182505596"/>
  <nd ref="13184363254"/>
  <nd ref="13184363257"/>
  <nd ref="13184363255"/>
  <tag k="highway" v="service"/>
  <tag k="surface" v="ground"/>
 </way>
 <way id="1434402991" visible="true" version="3" changeset="172721744" timestamp="2025-10-01T19:27:57Z" user="Angel H Cervantes" uid="23254573">
  <nd ref="13184363255"/>
  <nd ref="13139673270"/>
  <tag k="highway" v="footway"/>
  <tag k="surface" v="ground"/>
 </way>
 <way id="1434402992" visible="true" version="4" changeset="172723131" timestamp="2025-10-01T20:04:23Z" user="Angel H Cervantes" uid="23254573">
  <nd ref="13139673270"/>
  <nd ref="13182505591"/>
  <tag k="highway" v="service"/>
  <tag k="surface" v="ground"/>
 </way>
 <way id="1434402993" visible="true" version="4" changeset="172723131" timestamp="2025-10-01T20:04:23Z" user="Angel H Cervantes" uid="23254573">
  <nd ref="13184363256"/>
  <nd ref="13184363257"/>
  <tag k="highway" v="service"/>
  <tag k="surface" v="ground"/>
 </way>
 <way id="1434402994" visible="true" version="1" changeset="172667502" timestamp="2025-09-30T15:53:11Z" user="TecNM campus Minatitlán" uid="23257776">
  <nd ref="13184363258"/>
  <nd ref="13184363259"/>
  <nd ref="13184363260"/>
  <nd ref="13184363261"/>
  <nd ref="13184363258"/>
  <tag k="addr:city" v="Minatitlán"/>
  <tag k="addr:postcode" v="96848"/>
  <tag k="addr:state" v="Ver"/>
  <tag k="addr:street" v="Boulevard Instituto Tecnológico (Carretera Transístmica)"/>
  <tag k="building" v="college"/>
  <tag k="building:levels" v="2"/>
  <tag k="height" v="6"/>
  <tag k="layer" v="1"/>
  <tag k="name" v="Edificio F"/>
 </way>
 <way id="1434402995" visible="true" version="1" changeset="172667502" timestamp="2025-09-30T15:53:11Z" user="TecNM campus Minatitlán" uid="23257776">
  <nd ref="13184363262"/>
  <nd ref="13184363263"/>
  <nd ref="13184363264"/>
  <nd ref="13184363265"/>
  <nd ref="13184363266"/>
  <nd ref="13184363267"/>
  <nd ref="13184363268"/>
  <nd ref="13184363269"/>
  <nd ref="13184363262"/>
  <tag k="addr:city" v="Minatitlán"/>
  <tag k="addr:postcode" v="96848"/>
  <tag k="addr:state" v="Ver"/>
  <tag k="addr:street" v="Boulevard Instituto Tecnológico (Carretera Transístmica)"/>
  <tag k="building" v="college"/>
  <tag k="building:levels" v="1"/>
  <tag k="height" v="3"/>
  <tag k="name" v="Edificio G - Departamento De Ingenieria Electronica"/>
 </way>
 <way id="1434933619" visible="true" version="1" changeset="172764439" timestamp="2025-10-02T20:01:16Z" user="Angel H Cervantes" uid="23254573">
  <nd ref="13182469814"/>
  <nd ref="13189413010"/>
  <nd ref="13189413011"/>
  <nd ref="13182469822"/>
  <tag k="highway" v="service"/>
 </way>
 <way id="1434933620" visible="true" version="1" changeset="172764439" timestamp="2025-10-02T20:01:16Z" user="Angel H Cervantes" uid="23254573">
  <nd ref="13189413010"/>
  <nd ref="13189413013"/>
  <nd ref="13182505592"/>
  <tag k="highway" v="service"/>
 </way>
 <way id="1434933621" visible="true" version="1" changeset="172764439" timestamp="2025-10-02T20:01:16Z" user="Angel H Cervantes" uid="23254573">
  <nd ref="13189413012"/>
  <nd ref="13182505595"/>
  <tag k="highway" v="service"/>
 </way>
 <way id="1434933622" visible="true" version="1" changeset="172764439" timestamp="2025-10-02T20:01:16Z" user="Angel H Cervantes" uid="23254573">
  <nd ref="13189413013"/>
  <nd ref="13189413020"/>
  <nd ref="13189413018"/>
  <nd ref="13189413014"/>
  <nd ref="13189413015"/>
  <nd ref="13189413025"/>
  <nd ref="13189413017"/>
  <nd ref="13189413021"/>
  <nd ref="13189413016"/>
  <tag k="highway" v="service"/>
 </way>
 <way id="1434933623" visible="true" version="1" changeset="172764439" timestamp="2025-10-02T20:01:16Z" user="Angel H Cervantes" uid="23254573">
  <nd ref="13189413017"/>
  <nd ref="13189413018"/>
  <tag k="highway" v="service"/>
 </way>
 <way id="1434933624" visible="true" version="1" changeset="172764439" timestamp="2025-10-02T20:01:16Z" user="Angel H Cervantes" uid="23254573">
  <nd ref="13189413019"/>
  <nd ref="13189413020"/>
  <tag k="highway" v="service"/>
 </way>
 <way id="1434933625" visible="true" version="1" changeset="172764439" timestamp="2025-10-02T20:01:16Z" user="Angel H Cervantes" uid="23254573">
  <nd ref="13189413021"/>
  <nd ref="13189413022"/>
  <nd ref="13182505594"/>
  <tag k="highway" v="service"/>
 </way>
 <way id="1434933626" visible="true" version="1" changeset="172764439" timestamp="2025-10-02T20:01:16Z" user="Angel H Cervantes" uid="23254573">
  <nd ref="13189413022"/>
  <nd ref="13189413033"/>
  <nd ref="13189413023"/>
  <nd ref="13189413028"/>
  <nd ref="13189413024"/>
  <tag k="highway" v="service"/>
 </way>
 <way id="1434933627" visible="true" version="1" changeset="172764439" timestamp="2025-10-02T20:01:16Z" user="Angel H Cervantes" uid="23254573">
  <nd ref="13189413023"/>
  <nd ref="13189413025"/>
  <tag k="highway" v="service"/>
 </way>
 <way id="1434933628" visible="true" version="1" changeset="172764439" timestamp="2025-10-02T20:01:16Z" user="Angel H Cervantes" uid="23254573">
  <nd ref="13189413026"/>
  <nd ref="13189413027"/>
  <nd ref="13189413028"/>
  <tag k="highway" v="service"/>
 </way>
 <way id="1434933629" visible="true" version="1" changeset="172764439" timestamp="2025-10-02T20:01:16Z" user="Angel H Cervantes" uid="23254573">
  <nd ref="13182505593"/>
  <nd ref="13189413029"/>
  <nd ref="13189413032"/>
  <nd ref="13189413030"/>
  <nd ref="13184363255"/>
  <tag k="highway" v="service"/>
 </way>
 <way id="1434933630" visible="true" version="1" changeset="172764439" timestamp="2025-10-02T20:01:16Z" user="Angel H Cervantes" uid="23254573">
  <nd ref="13189413016"/>
  <nd ref="13189413030"/>
  <tag k="highway" v="service"/>
 </way>
 <way id="1434933631" visible="true" version="1" changeset="172764439" timestamp="2025-10-02T20:01:16Z" user="Angel H Cervantes" uid="23254573">
  <nd ref="13189413031"/>
  <nd ref="13189413032"/>
  <tag k="highway" v="service"/>
 </way>
 <way id="1434933632" visible="true" version="1" changeset="172764439" timestamp="2025-10-02T20:01:16Z" user="Angel H Cervantes" uid="23254573">
  <nd ref="13189413017"/>
  <nd ref="13189413033"/>
  <tag k="highway" v="service"/>
 </way>
 <way id="1434933633" visible="true" version="1" changeset="172764439" timestamp="2025-10-02T20:01:16Z" user="Angel H Cervantes" uid="23254573">
  <nd ref="13189413036"/>
  <nd ref="13189413037"/>
  <nd ref="13189413034"/>
  <nd ref="13189413035"/>
  <nd ref="13189413036"/>
  <tag k="leisure" v="park"/>
 </way>
 <way id="1434933634" visible="true" version="1" changeset="172764439" timestamp="2025-10-02T20:01:16Z" user="Angel H Cervantes" uid="23254573">
  <nd ref="13189413038"/>
  <nd ref="13189413039"/>
  <nd ref="13189413040"/>
  <nd ref="13189413041"/>
  <nd ref="13189413038"/>
  <tag k="leisure" v="pitch"/>
  <tag k="sport" v="volleyball"/>
 </way>
 <way id="1434933635" visible="true" version="1" changeset="172764439" timestamp="2025-10-02T20:01:16Z" user="Angel H Cervantes" uid="23254573">
  <nd ref="13189413042"/>
  <nd ref="13189413043"/>
  <nd ref="13189413044"/>
  <nd ref="13189413045"/>
  <nd ref="13189413042"/>
  <tag k="leisure" v="pitch"/>
  <tag k="sport" v="basketball"/>
 </way>
 <way id="1436001010" visible="true" version="1" changeset="172933602" timestamp="2025-10-06T20:55:22Z" user="Angel H Cervantes" uid="23254573">
  <nd ref="13198605663"/>
  <nd ref="13198605664"/>
  <nd ref="13198605665"/>
  <nd ref="13198605666"/>
  <nd ref="13198605663"/>
  <tag k="building" v="school"/>
 </way>
 <way id="1436001011" visible="true" version="1" changeset="172933602" timestamp="2025-10-06T20:55:22Z" user="Angel H Cervantes" uid="23254573">
  <nd ref="13198605667"/>
  <nd ref="13198605668"/>
  <nd ref="13198605669"/>
  <nd ref="13198605670"/>
  <nd ref="13198605667"/>
  <tag k="building" v="school"/>
 </way>
 <way id="1436001012" visible="true" version="1" changeset="172933602" timestamp="2025-10-06T20:55:22Z" user="Angel H Cervantes" uid="23254573">
  <nd ref="13198605671"/>
  <nd ref="13198605672"/>
  <nd ref="13198605673"/>
  <nd ref="13198605674"/>
  <nd ref="13198605671"/>
  <tag k="building" v="school"/>
 </way>
 <way id="1436001013" visible="true" version="1" changeset="172933602" timestamp="2025-10-06T20:55:22Z" user="Angel H Cervantes" uid="23254573">
  <nd ref="13198605675"/>
  <nd ref="13198605676"/>
  <nd ref="13198605677"/>
  <nd ref="13198605678"/>
  <nd ref="13198605675"/>
  <tag k="building" v="school"/>
 </way>
 <way id="1436001014" visible="true" version="1" changeset="172933602" timestamp="2025-10-06T20:55:22Z" user="Angel H Cervantes" uid="23254573">
  <nd ref="13198605679"/>
  <nd ref="13198605680"/>
  <nd ref="13198605681"/>
  <nd ref="13198605682"/>
  <nd ref="13198605679"/>
  <tag k="building" v="school"/>
 </way>
 <way id="1436001015" visible="true" version="1" changeset="172933602" timestamp="2025-10-06T20:55:22Z" user="Angel H Cervantes" uid="23254573">
  <nd ref="13198605683"/>
  <nd ref="13198605684"/>
  <nd ref="13198605685"/>
  <nd ref="13198605686"/>
  <nd ref="13198605683"/>
  <tag k="building" v="school"/>
 </way>
 <way id="1436001016" visible="true" version="1" changeset="172933602" timestamp="2025-10-06T20:55:22Z" user="Angel H Cervantes" uid="23254573">
  <nd ref="13198605687"/>
  <nd ref="13198605688"/>
  <nd ref="13198605689"/>
  <nd ref="13198605690"/>
  <nd ref="13198605687"/>
  <tag k="amenity" v="fast_food"/>
  <tag k="building" v="yes"/>
  <tag k="fast_food" v="cafeteria"/>
 </way>
 <way id="1436001017" visible="true" version="1" changeset="172933602" timestamp="2025-10-06T20:55:22Z" user="Angel H Cervantes" uid="23254573">
  <nd ref="13198605691"/>
  <nd ref="13198605692"/>
  <nd ref="13198605693"/>
  <nd ref="13198605694"/>
  <nd ref="13198605691"/>
  <tag k="building" v="school"/>
 </way>
 <way id="1436001018" visible="true" version="1" changeset="172933602" timestamp="2025-10-06T20:55:22Z" user="Angel H Cervantes" uid="23254573">
  <nd ref="13198605695"/>
  <nd ref="13198605696"/>
  <nd ref="13198605697"/>
  <nd ref="13198605698"/>
  <nd ref="13198605695"/>
  <tag k="building" v="school"/>
 </way>
 <way id="1436001019" visible="true" version="1" changeset="172933602" timestamp="2025-10-06T20:55:22Z" user="Angel H Cervantes" uid="23254573">
  <nd ref="13198605699"/>
  <nd ref="13198605700"/>
  <nd ref="13198625801"/>
  <nd ref="13198625802"/>
  <nd ref="13198605699"/>
  <tag k="building" v="school"/>
 </way>
 <way id="1436001020" visible="true" version="1" changeset="172933602" timestamp="2025-10-06T20:55:22Z" user="Angel H Cervantes" uid="23254573">
  <nd ref="13198625803"/>
  <nd ref="13198625804"/>
  <nd ref="13198625805"/>
  <nd ref="13198625806"/>
  <nd ref="13198625803"/>
  <tag k="building" v="school"/>
  <tag k="layer" v="1"/>
 </way>
 <way id="1436001021" visible="true" version="1" changeset="172933602" timestamp="2025-10-06T20:55:22Z" user="Angel H Cervantes" uid="23254573">
  <nd ref="13198625807"/>
  <nd ref="13198625808"/>
  <nd ref="13198625809"/>
  <nd ref="13198625810"/>
  <nd ref="13198625807"/>
  <tag k="building" v="school"/>
 </way>
 <way id="1436001022" visible="true" version="1" changeset="172933602" timestamp="2025-10-06T20:55:22Z" user="Angel H Cervantes" uid="23254573">
  <nd ref="13198625811"/>
  <nd ref="13198625812"/>
  <nd ref="13198625813"/>
  <nd ref="13198625814"/>
  <nd ref="13198625811"/>
  <tag k="building" v="school"/>
 </way>
 <way id="1436001023" visible="true" version="1" changeset="172933602" timestamp="2025-10-06T20:55:22Z" user="Angel H Cervantes" uid="23254573">
  <nd ref="13198625815"/>
  <nd ref="13198625816"/>
  <nd ref="13198625817"/>
  <nd ref="13198625818"/>
  <nd ref="13198625815"/>
  <tag k="building" v="school"/>
 </way>
 <way id="1436001024" visible="true" version="1" changeset="172933602" timestamp="2025-10-06T20:55:22Z" user="Angel H Cervantes" uid="23254573">
  <nd ref="13198625819"/>
  <nd ref="13198625820"/>
  <nd ref="13198625821"/>
  <nd ref="13198625822"/>
  <nd ref="13198625819"/>
  <tag k="building" v="school"/>
 </way>
 <way id="1436001025" visible="true" version="1" changeset="172933602" timestamp="2025-10-06T20:55:22Z" user="Angel H Cervantes" uid="23254573">
  <nd ref="13198625823"/>
  <nd ref="13198625824"/>
  <nd ref="13198625825"/>
  <nd ref="13198625826"/>
  <nd ref="13198625823"/>
  <tag k="amenity" v="cafe"/>
  <tag k="building" v="yes"/>
 </way>
 <way id="1436001026" visible="true" version="1" changeset="172933602" timestamp="2025-10-06T20:55:22Z" user="Angel H Cervantes" uid="23254573">
  <nd ref="13198625827"/>
  <nd ref="13198625828"/>
  <nd ref="13198625829"/>
  <nd ref="13198625830"/>
  <nd ref="13198625827"/>
  <tag k="building" v="school"/>
 </way>
 <way id="1436001027" visible="true" version="1" changeset="172933602" timestamp="2025-10-06T20:55:22Z" user="Angel H Cervantes" uid="23254573">
  <nd ref="13198625831"/>
  <nd ref="13198625832"/>
  <nd ref="13198625833"/>
  <nd ref="13198625834"/>
  <nd ref="13198625831"/>
  <tag k="power" v="generator"/>
 </way>
 <way id="1442232408" visible="true" version="1" changeset="173294474" timestamp="2025-10-14T21:24:17Z" user="AndresSM30" uid="23279192">
  <nd ref="13233612929"/>
  <nd ref="13233612930"/>
  <nd ref="13233612931"/>
  <nd ref="13233612932"/>
  <nd ref="13233612929"/>
  <tag k="leisure" v="sports_centre"/>
  <tag k="name" v="Domo"/>
 </way>
 <relation id="2415761" visible="true" version="256" changeset="167417007" timestamp="2025-06-09T20:25:18Z" user="Daniel Vincenc" uid="14476883">
  <member type="node" ref="959618169" role="admin_centre"/>
  <member type="node" ref="305626898" role="label"/>
  <member type="way" ref="402891041" role="outer"/>
  <member type="way" ref="1189775813" role="outer"/>
  <member type="way" ref="1188983779" role="outer"/>
  <member type="way" ref="1189775972" role="outer"/>
  <member type="way" ref="1189775971" role="outer"/>
  <member type="way" ref="1189776221" role="outer"/>
  <member type="way" ref="1189776220" role="outer"/>
  <member type="way" ref="1189777089" role="outer"/>
  <member type="way" ref="1188983777" role="outer"/>
  <member type="way" ref="1189855307" role="outer"/>
  <member type="way" ref="1189855308" role="outer"/>
  <member type="way" ref="1189855304" role="outer"/>
  <member type="way" ref="1189855303" role="outer"/>
  <member type="way" ref="1189855305" role="outer"/>
  <member type="way" ref="1189911668" role="outer"/>
  <member type="way" ref="1188983770" role="outer"/>
  <member type="way" ref="1189911665" role="outer"/>
  <member type="way" ref="1189911669" role="outer"/>
  <member type="way" ref="1189911661" role="outer"/>
  <member type="way" ref="1189911664" role="outer"/>
  <member type="way" ref="1189911918" role="outer"/>
  <member type="way" ref="1189911919" role="outer"/>
  <member type="way" ref="1189911916" role="outer"/>
  <member type="way" ref="1189911917" role="outer"/>
  <member type="way" ref="1189911913" role="outer"/>
  <member type="way" ref="1188983769" role="outer"/>
  <member type="way" ref="1189913066" role="outer"/>
  <member type="way" ref="1189913065" role="outer"/>
  <member type="way" ref="1189913063" role="outer"/>
  <member type="way" ref="1189913062" role="outer"/>
  <member type="way" ref="113606854" role="outer"/>
  <member type="way" ref="1189913060" role="outer"/>
  <member type="way" ref="1189913058" role="outer"/>
  <member type="way" ref="1189912600" role="outer"/>
  <member type="way" ref="1202642702" role="outer"/>
  <member type="way" ref="1189916074" role="outer"/>
  <member type="way" ref="1189916071" role="outer"/>
  <member type="way" ref="1202642701" role="outer"/>
  <member type="way" ref="191186876" role="outer"/>
  <member type="way" ref="1188999174" role="outer"/>
  <member type="way" ref="1189917510" role="outer"/>
  <member type="way" ref="1189917509" role="outer"/>
  <member type="way" ref="1189917507" role="outer"/>
  <member type="way" ref="548292942" role="outer"/>
  <member type="way" ref="1189917504" role="outer"/>
  <member type="way" ref="1189917506" role="outer"/>
  <member type="way" ref="1189917505" role="outer"/>
  <member type="way" ref="1189723524" role="outer"/>
  <member type="way" ref="191186880" role="outer"/>
  <member type="way" ref="1202629911" role="outer"/>
  <member type="way" ref="191187769" role="outer"/>
  <member type="way" ref="1189724765" role="outer"/>
  <member type="way" ref="1189724763" role="outer"/>
  <member type="way" ref="1189724762" role="outer"/>
  <member type="way" ref="1189725852" role="outer"/>
  <member type="way" ref="1189725846" role="outer"/>
  <member type="way" ref="1189725845" role="outer"/>
  <member type="way" ref="1189725844" role="outer"/>
  <member type="way" ref="1189725848" role="outer"/>
  <member type="way" ref="1189725847" role="outer"/>
  <member type="way" ref="1189725851" role="outer"/>
  <member type="way" ref="1190486979" role="outer"/>
  <member type="way" ref="1190486978" role="outer"/>
  <member type="way" ref="1204513785" role="outer"/>
  <member type="way" ref="1204513762" role="outer"/>
  <member type="way" ref="1204513786" role="outer"/>
  <member type="way" ref="982107627" role="outer"/>
  <member type="way" ref="1202642711" role="outer"/>
  <member type="way" ref="1190487940" role="outer"/>
  <member type="way" ref="1190487939" role="outer"/>
  <member type="way" ref="1190487944" role="outer"/>
  <member type="way" ref="1190487943" role="outer"/>
  <member type="way" ref="1190487946" role="outer"/>
  <member type="way" ref="1190487945" role="outer"/>
  <member type="way" ref="1190487950" role="outer"/>
  <member type="way" ref="1202639225" role="outer"/>
  <member type="way" ref="1202642703" role="outer"/>
  <member type="way" ref="1202642704" role="outer"/>
  <member type="way" ref="888076167" role="outer"/>
  <member type="way" ref="22618867" role="outer"/>
  <member type="way" ref="1234515392" role="outer"/>
  <member type="way" ref="1202642707" role="outer"/>
  <member type="way" ref="1190696224" role="outer"/>
  <member type="way" ref="1190696225" role="outer"/>
  <member type="way" ref="1189011513" role="outer"/>
  <member type="way" ref="888139535" role="outer"/>
  <member type="way" ref="1234515391" role="outer"/>
  <member type="way" ref="1234515388" role="outer"/>
  <member type="way" ref="1189712431" role="outer"/>
  <member type="way" ref="1188395106" role="outer"/>
  <member type="way" ref="1188395111" role="outer"/>
  <member type="way" ref="889084170" role="outer"/>
  <member type="way" ref="1188378040" role="outer"/>
  <member type="way" ref="1202629916" role="outer"/>
  <member type="way" ref="1202629917" role="outer"/>
  <member type="way" ref="1234515389" role="outer"/>
  <member type="way" ref="889084629" role="outer"/>
  <member type="way" ref="1202629918" role="outer"/>
  <member type="way" ref="1202642710" role="outer"/>
  <member type="way" ref="768347518" role="outer"/>
  <member type="way" ref="1188378043" role="outer"/>
  <member type="way" ref="1202642709" role="outer"/>
  <member type="way" ref="1202629938" role="outer"/>
  <member type="way" ref="1331349236" role="outer"/>
  <member type="way" ref="1331349239" role="outer"/>
  <member type="way" ref="402697328" role="outer"/>
  <member type="way" ref="1331345469" role="outer"/>
  <member type="way" ref="402695874" role="outer"/>
  <member type="way" ref="402697449" role="outer"/>
  <member type="way" ref="402699274" role="outer"/>
  <member type="way" ref="402697598" role="outer"/>
  <member type="way" ref="402891011" role="outer"/>
  <member type="way" ref="374728531" role="outer"/>
  <member type="way" ref="22631579" role="outer"/>
  <member type="way" ref="375633966" role="outer"/>
  <member type="way" ref="377630732" role="outer"/>
  <member type="way" ref="375633964" role="outer"/>
  <member type="way" ref="375632861" role="outer"/>
  <member type="way" ref="375632862" role="outer"/>
  <member type="way" ref="375632864" role="outer"/>
  <member type="way" ref="375632857" role="outer"/>
  <member type="way" ref="375632867" role="outer"/>
  <member type="way" ref="374477095" role="outer"/>
  <member type="way" ref="1331348220" role="outer"/>
  <member type="way" ref="1331348222" role="outer"/>
  <member type="way" ref="374477325" role="outer"/>
  <member type="way" ref="374637950" role="outer"/>
  <member type="way" ref="1331346550" role="outer"/>
  <member type="way" ref="1331346548" role="outer"/>
  <member type="way" ref="1331340500" role="outer"/>
  <member type="way" ref="1331340504" role="outer"/>
  <member type="way" ref="1331340501" role="outer"/>
  <member type="way" ref="1331340502" role="outer"/>
  <member type="way" ref="374631599" role="outer"/>
  <member type="way" ref="374631602" role="outer"/>
  <member type="way" ref="374631636" role="outer"/>
  <member type="way" ref="1331338519" role="outer"/>
  <member type="way" ref="434319106" role="outer"/>
  <member type="way" ref="377456843" role="outer"/>
  <member type="way" ref="382671049" role="outer"/>
  <member type="way" ref="376220513" role="outer"/>
  <member type="way" ref="376220021" role="outer"/>
  <member type="way" ref="376219667" role="outer"/>
  <member type="way" ref="376223925" role="outer"/>
  <member type="way" ref="376222607" role="outer"/>
  <member type="way" ref="303579057" role="outer"/>
  <member type="way" ref="306195947" role="outer"/>
  <member type="way" ref="306195946" role="outer"/>
  <member type="way" ref="187479043" role="outer"/>
  <member type="way" ref="303579061" role="outer"/>
  <member type="way" ref="318031527" role="outer"/>
  <member type="way" ref="318031511" role="outer"/>
  <member type="way" ref="318031518" role="outer"/>
  <member type="way" ref="318031510" role="outer"/>
  <member type="way" ref="187479153" role="outer"/>
  <member type="way" ref="306195765" role="outer"/>
  <member type="way" ref="318031526" role="outer"/>
  <member type="way" ref="306195875" role="outer"/>
  <member type="way" ref="376223271" role="outer"/>
  <member type="way" ref="187482016" role="outer"/>
  <member type="way" ref="374633370" role="outer"/>
  <member type="way" ref="374633355" role="outer"/>
  <member type="way" ref="306265894" role="outer"/>
  <member type="way" ref="374633391" role="outer"/>
  <member type="way" ref="374633341" role="outer"/>
  <member type="way" ref="374633407" role="outer"/>
  <member type="way" ref="374633412" role="outer"/>
  <member type="way" ref="374633346" role="outer"/>
  <member type="way" ref="306265958" role="outer"/>
  <member type="way" ref="374633367" role="outer"/>
  <member type="way" ref="374633419" role="outer"/>
  <member type="way" ref="318033527" role="outer"/>
  <member type="way" ref="318033522" role="outer"/>
  <member type="way" ref="306265871" role="outer"/>
  <member type="way" ref="374635658" role="outer"/>
  <member type="way" ref="374635677" role="outer"/>
  <member type="way" ref="374636823" role="outer"/>
  <member type="way" ref="306265914" role="outer"/>
  <member type="way" ref="306265945" role="outer"/>
  <member type="way" ref="306265873" role="outer"/>
  <member type="way" ref="374636822" role="outer"/>
  <member type="way" ref="374636825" role="outer"/>
  <member type="way" ref="306265868" role="outer"/>
  <member type="way" ref="306265940" role="outer"/>
  <member type="way" ref="306265934" role="outer"/>
  <member type="way" ref="306265939" role="outer"/>
  <member type="way" ref="306265949" role="outer"/>
  <member type="way" ref="374636824" role="outer"/>
  <member type="way" ref="306265881" role="outer"/>
  <member type="way" ref="374636827" role="outer"/>
  <member type="way" ref="374637292" role="outer"/>
  <member type="way" ref="306265956" role="outer"/>
  <member type="way" ref="187557461" role="outer"/>
  <member type="way" ref="187557446" role="outer"/>
  <member type="way" ref="374706729" role="outer"/>
  <member type="way" ref="385063867" role="outer"/>
  <member type="way" ref="385063868" role="outer"/>
  <member type="way" ref="385063688" role="outer"/>
  <member type="way" ref="385058247" role="outer"/>
  <member type="way" ref="380828361" role="outer"/>
  <member type="way" ref="385058100" role="outer"/>
  <member type="way" ref="385058228" role="outer"/>
  <member type="way" ref="380828308" role="outer"/>
  <member type="way" ref="380836696" role="outer"/>
  <member type="way" ref="380828429" role="outer"/>
  <member type="way" ref="380828292" role="outer"/>
  <member type="way" ref="380836675" role="outer"/>
  <member type="way" ref="380828412" role="outer"/>
  <member type="way" ref="380836650" role="outer"/>
  <member type="way" ref="380828288" role="outer"/>
  <member type="way" ref="380828378" role="outer"/>
  <member type="way" ref="380828347" role="outer"/>
  <member type="way" ref="380828348" role="outer"/>
  <member type="way" ref="380836679" role="outer"/>
  <member type="way" ref="380811128" role="outer"/>
  <member type="way" ref="380811160" role="outer"/>
  <member type="way" ref="380811141" role="outer"/>
  <member type="way" ref="380811166" role="outer"/>
  <member type="way" ref="380811131" role="outer"/>
  <member type="way" ref="380811123" role="outer"/>
  <member type="way" ref="412580863" role="outer"/>
  <member type="way" ref="380811164" role="outer"/>
  <member type="way" ref="380811135" role="outer"/>
  <member type="way" ref="380811106" role="outer"/>
  <member type="way" ref="380811126" role="outer"/>
  <member type="way" ref="380811116" role="outer"/>
  <member type="way" ref="380811139" role="outer"/>
  <member type="way" ref="380692195" role="outer"/>
  <member type="way" ref="380639511" role="outer"/>
  <member type="way" ref="380639503" role="outer"/>
  <member type="way" ref="380639517" role="outer"/>
  <member type="way" ref="380639499" role="outer"/>
  <member type="way" ref="380639494" role="outer"/>
  <member type="way" ref="440880347" role="outer"/>
  <member type="way" ref="355200729" role="outer"/>
  <member type="way" ref="355200728" role="outer"/>
  <member type="way" ref="355200727" role="outer"/>
  <member type="way" ref="385139320" role="outer"/>
  <member type="way" ref="385139213" role="outer"/>
  <member type="way" ref="354956904" role="outer"/>
  <member type="way" ref="355200725" role="outer"/>
  <member type="way" ref="412178078" role="outer"/>
  <member type="way" ref="404403734" role="outer"/>
  <member type="way" ref="404310677" role="outer"/>
  <member type="way" ref="404310683" role="outer"/>
  <member type="way" ref="404310682" role="outer"/>
  <member type="way" ref="404310680" role="outer"/>
  <member type="way" ref="404310679" role="outer"/>
  <member type="way" ref="412178095" role="outer"/>
  <member type="way" ref="404310678" role="outer"/>
  <member type="way" ref="404310676" role="outer"/>
  <member type="way" ref="404310681" role="outer"/>
  <member type="way" ref="404400964" role="outer"/>
  <member type="way" ref="333427924" role="outer"/>
  <member type="way" ref="342755301" role="outer"/>
  <member type="way" ref="401436319" role="outer"/>
  <member type="way" ref="401436314" role="outer"/>
  <member type="way" ref="401444915" role="outer"/>
  <member type="way" ref="401436311" role="outer"/>
  <member type="way" ref="412178086" role="outer"/>
  <member type="way" ref="375151390" role="outer"/>
  <member type="way" ref="338983595" role="outer"/>
  <member type="way" ref="354956715" role="outer"/>
  <member type="way" ref="326803172" role="outer"/>
  <member type="way" ref="326796608" role="outer"/>
  <member type="way" ref="326797031" role="outer"/>
  <member type="way" ref="374494878" role="outer"/>
  <member type="way" ref="374494877" role="outer"/>
  <member type="way" ref="374477138" role="outer"/>
  <member type="way" ref="374477478" role="outer"/>
  <member type="way" ref="374496074" role="outer"/>
  <member type="way" ref="326543373" role="outer"/>
  <member type="way" ref="356054254" role="outer"/>
  <member type="way" ref="333483287" role="outer"/>
  <member type="way" ref="412178102" role="outer"/>
  <member type="way" ref="333483288" role="outer"/>
  <member type="way" ref="1146101241" role="outer"/>
  <member type="way" ref="1146101240" role="outer"/>
  <member type="way" ref="1146101243" role="outer"/>
  <member type="way" ref="1146101242" role="outer"/>
  <member type="way" ref="374506961" role="outer"/>
  <member type="way" ref="1146101244" role="outer"/>
  <member type="way" ref="1146101252" role="outer"/>
  <member type="way" ref="355831765" role="outer"/>
  <member type="way" ref="355831420" role="outer"/>
  <member type="way" ref="403135048" role="outer"/>
  <member type="way" ref="403135051" role="outer"/>
  <member type="way" ref="412178083" role="outer"/>
  <member type="way" ref="412178077" role="outer"/>
  <member type="way" ref="412178100" role="outer"/>
  <member type="way" ref="412178071" role="outer"/>
  <member type="way" ref="412178088" role="outer"/>
  <member type="way" ref="412178101" role="outer"/>
  <member type="way" ref="374586919" role="outer"/>
  <member type="way" ref="331539644" role="outer"/>
  <member type="way" ref="355507033" role="outer"/>
  <member type="way" ref="374488312" role="outer"/>
  <member type="way" ref="374488311" role="outer"/>
  <member type="way" ref="355507060" role="outer"/>
  <member type="way" ref="325571123" role="outer"/>
  <member type="way" ref="374506607" role="outer"/>
  <member type="way" ref="355529419" role="outer"/>
  <member type="way" ref="374506609" role="outer"/>
  <member type="way" ref="374506608" role="outer"/>
  <member type="way" ref="355529424" role="outer"/>
  <member type="way" ref="357203525" role="outer"/>
  <member type="way" ref="357203526" role="outer"/>
  <member type="way" ref="355529432" role="outer"/>
  <member type="way" ref="338067954" role="outer"/>
  <member type="way" ref="357228779" role="outer"/>
  <member type="way" ref="357228778" role="outer"/>
  <member type="way" ref="374506606" role="outer"/>
  <member type="way" ref="355776757" role="outer"/>
  <member type="way" ref="338067945" role="outer"/>
  <member type="way" ref="355775223" role="outer"/>
  <member type="way" ref="338066395" role="outer"/>
  <member type="way" ref="375716800" role="outer"/>
  <member type="way" ref="325489443" role="outer"/>
  <member type="way" ref="374477510" role="outer"/>
  <member type="way" ref="374506790" role="outer"/>
  <member type="way" ref="374477515" role="outer"/>
  <member type="way" ref="555570769" role="outer"/>
  <member type="way" ref="402891045" role="outer"/>
  <member type="way" ref="402694123" role="outer"/>
  <member type="way" ref="402699436" role="outer"/>
  <member type="way" ref="402697406" role="outer"/>
  <member type="way" ref="402699841" role="outer"/>
  <member type="way" ref="402695921" role="outer"/>
  <member type="way" ref="402695841" role="outer"/>
  <member type="way" ref="402695597" role="outer"/>
  <member type="way" ref="402891018" role="outer"/>
  <member type="way" ref="402699163" role="outer"/>
  <member type="way" ref="402698556" role="outer"/>
  <member type="way" ref="402695967" role="outer"/>
  <member type="way" ref="402697270" role="outer"/>
  <member type="way" ref="741323589" role="outer"/>
  <member type="way" ref="741323588" role="outer"/>
  <member type="way" ref="627924884" role="outer"/>
  <member type="way" ref="402697242" role="outer"/>
  <member type="way" ref="627285169" role="outer"/>
  <member type="way" ref="627285166" role="outer"/>
  <member type="way" ref="627285167" role="outer"/>
  <member type="way" ref="627285164" role="outer"/>
  <member type="way" ref="627285163" role="outer"/>
  <member type="way" ref="627285160" role="outer"/>
  <member type="way" ref="627285161" role="outer"/>
  <member type="way" ref="627285158" role="outer"/>
  <member type="way" ref="627285154" role="outer"/>
  <member type="way" ref="627285153" role="outer"/>
  <member type="way" ref="627285157" role="outer"/>
  <member type="way" ref="627285151" role="outer"/>
  <member type="way" ref="627285150" role="outer"/>
  <member type="way" ref="627285148" role="outer"/>
  <member type="way" ref="627285147" role="outer"/>
  <member type="way" ref="627285142" role="outer"/>
  <member type="way" ref="627285145" role="outer"/>
  <member type="way" ref="627285141" role="outer"/>
  <member type="way" ref="627285144" role="outer"/>
  <member type="way" ref="627285139" role="outer"/>
  <member type="way" ref="627285138" role="outer"/>
  <member type="way" ref="627285136" role="outer"/>
  <member type="way" ref="627285135" role="outer"/>
  <member type="way" ref="402695890" role="outer"/>
  <member type="way" ref="402695361" role="outer"/>
  <member type="way" ref="627285133" role="outer"/>
  <member type="way" ref="627285132" role="outer"/>
  <member type="way" ref="402697463" role="outer"/>
  <member type="way" ref="627285120" role="outer"/>
  <member type="way" ref="402695568" role="outer"/>
  <member type="way" ref="402695569" role="outer"/>
  <member type="way" ref="619009122" role="outer"/>
  <member type="way" ref="402695089" role="outer"/>
  <member type="way" ref="402699888" role="outer"/>
  <member type="way" ref="402695668" role="outer"/>
  <member type="way" ref="619009141" role="outer"/>
  <member type="way" ref="619009135" role="outer"/>
  <member type="way" ref="619009138" role="outer"/>
  <member type="way" ref="619009136" role="outer"/>
  <member type="way" ref="619009139" role="outer"/>
  <member type="way" ref="619009124" role="outer"/>
  <member type="way" ref="611281063" role="outer"/>
  <member type="way" ref="619009144" role="outer"/>
  <member type="way" ref="619009145" role="outer"/>
  <member type="way" ref="611281066" role="outer"/>
  <member type="way" ref="619009211" role="outer"/>
  <member type="way" ref="611281054" role="outer"/>
  <member type="way" ref="619009212" role="outer"/>
  <member type="way" ref="611281067" role="outer"/>
  <member type="way" ref="611281052" role="outer"/>
  <member type="way" ref="666187817" role="outer"/>
  <member type="way" ref="402695228" role="outer"/>
  <member type="way" ref="666187821" role="outer"/>
  <member type="way" ref="666187823" role="outer"/>
  <member type="way" ref="666187826" role="outer"/>
  <member type="way" ref="666187820" role="outer"/>
  <member type="way" ref="666187824" role="outer"/>
  <member type="way" ref="666187827" role="outer"/>
  <member type="way" ref="611281046" role="outer"/>
  <member type="way" ref="611281056" role="outer"/>
  <member type="way" ref="611281059" role="outer"/>
  <member type="way" ref="611281060" role="outer"/>
  <member type="way" ref="402696239" role="outer"/>
  <member type="way" ref="402695246" role="outer"/>
  <member type="way" ref="611269825" role="outer"/>
  <member type="way" ref="611269823" role="outer"/>
  <member type="way" ref="611269826" role="outer"/>
  <member type="way" ref="402694786" role="outer"/>
  <member type="way" ref="518992143" role="outer"/>
  <member type="way" ref="518992144" role="outer"/>
  <member type="way" ref="518992159" role="outer"/>
  <member type="way" ref="518992157" role="outer"/>
  <member type="way" ref="518992160" role="outer"/>
  <member type="way" ref="518992158" role="outer"/>
  <member type="way" ref="402698684" role="outer"/>
  <member type="way" ref="518992146" role="outer"/>
  <member type="way" ref="518992147" role="outer"/>
  <member type="way" ref="518992149" role="outer"/>
  <member type="way" ref="518992150" role="outer"/>
  <member type="way" ref="518992151" role="outer"/>
  <member type="way" ref="518992152" role="outer"/>
  <member type="way" ref="518992155" role="outer"/>
  <member type="way" ref="518992156" role="outer"/>
  <member type="way" ref="498397078" role="outer"/>
  <member type="way" ref="498397079" role="outer"/>
  <member type="way" ref="498397076" role="outer"/>
  <member type="way" ref="498397077" role="outer"/>
  <member type="way" ref="498397074" role="outer"/>
  <member type="way" ref="497984488" role="outer"/>
  <member type="way" ref="498397075" role="outer"/>
  <member type="way" ref="498397096" role="outer"/>
  <member type="way" ref="498397098" role="outer"/>
  <member type="way" ref="498397099" role="outer"/>
  <member type="way" ref="498397100" role="outer"/>
  <member type="way" ref="498397097" role="outer"/>
  <member type="way" ref="498397090" role="outer"/>
  <member type="way" ref="498397091" role="outer"/>
  <member type="way" ref="498397092" role="outer"/>
  <member type="way" ref="498397093" role="outer"/>
  <member type="way" ref="498397086" role="outer"/>
  <member type="way" ref="498397088" role="outer"/>
  <member type="way" ref="498397101" role="outer"/>
  <member type="way" ref="498397104" role="outer"/>
  <member type="way" ref="498397105" role="outer"/>
  <member type="way" ref="498397106" role="outer"/>
  <member type="way" ref="498397107" role="outer"/>
  <member type="way" ref="498397108" role="outer"/>
  <member type="way" ref="498397109" role="outer"/>
  <member type="way" ref="498397111" role="outer"/>
  <member type="way" ref="497984477" role="outer"/>
  <member type="way" ref="497984478" role="outer"/>
  <member type="way" ref="497984481" role="outer"/>
  <member type="way" ref="497984482" role="outer"/>
  <member type="way" ref="497984487" role="outer"/>
  <member type="way" ref="518992162" role="outer"/>
  <member type="way" ref="518992163" role="outer"/>
  <member type="way" ref="518992164" role="outer"/>
  <member type="way" ref="498397112" role="outer"/>
  <member type="way" ref="402695540" role="outer"/>
  <member type="way" ref="498397114" role="outer"/>
  <member type="way" ref="498397117" role="outer"/>
  <member type="way" ref="498397124" role="outer"/>
  <member type="way" ref="498397122" role="outer"/>
  <member type="way" ref="498397123" role="outer"/>
  <member type="way" ref="498397121" role="outer"/>
  <member type="way" ref="498397128" role="outer"/>
  <member type="way" ref="498397125" role="outer"/>
  <member type="way" ref="498397126" role="outer"/>
  <member type="way" ref="498397071" role="outer"/>
  <member type="way" ref="498397072" role="outer"/>
  <member type="way" ref="498397068" role="outer"/>
  <member type="way" ref="498397069" role="outer"/>
  <member type="way" ref="498397065" role="outer"/>
  <member type="way" ref="498397066" role="outer"/>
  <member type="way" ref="498397061" role="outer"/>
  <member type="way" ref="498397062" role="outer"/>
  <member type="way" ref="498397059" role="outer"/>
  <member type="way" ref="402699821" role="outer"/>
  <member type="way" ref="498397056" role="outer"/>
  <member type="way" ref="498397057" role="outer"/>
  <member type="way" ref="498397053" role="outer"/>
  <member type="way" ref="498397054" role="outer"/>
  <member type="way" ref="498397047" role="outer"/>
  <member type="way" ref="498397060" role="outer"/>
  <member type="way" ref="498397048" role="outer"/>
  <member type="way" ref="498397049" role="outer"/>
  <member type="way" ref="498397050" role="outer"/>
  <member type="way" ref="498397028" role="outer"/>
  <member type="way" ref="402695620" role="outer"/>
  <member type="way" ref="498397025" role="outer"/>
  <member type="way" ref="498397026" role="outer"/>
  <member type="way" ref="402695761" role="outer"/>
  <member type="way" ref="402695578" role="outer"/>
  <member type="way" ref="402697366" role="outer"/>
  <member type="way" ref="402699547" role="outer"/>
  <member type="way" ref="402695394" role="outer"/>
  <member type="way" ref="402696233" role="outer"/>
  <member type="way" ref="402695745" role="outer"/>
  <member type="way" ref="691097120" role="outer"/>
  <member type="way" ref="691097121" role="outer"/>
  <member type="way" ref="402695211" role="outer"/>
  <member type="way" ref="691097117" role="outer"/>
  <member type="way" ref="691097118" role="outer"/>
  <member type="way" ref="560581847" role="outer"/>
  <member type="way" ref="691097123" role="outer"/>
  <member type="way" ref="402891050" role="outer"/>
  <member type="way" ref="399655578" role="outer"/>
  <member type="way" ref="187672264" role="outer"/>
  <member type="way" ref="399655525" role="outer"/>
  <member type="way" ref="187673491" role="outer"/>
  <member type="way" ref="691097124" role="outer"/>
  <member type="way" ref="691097125" role="outer"/>
  <member type="way" ref="691097136" role="outer"/>
  <member type="way" ref="691097140" role="outer"/>
  <member type="way" ref="691097143" role="outer"/>
  <member type="way" ref="691097146" role="outer"/>
  <member type="way" ref="187673489" role="outer"/>
  <member type="way" ref="187673488" role="outer"/>
  <member type="way" ref="399655589" role="outer"/>
  <member type="way" ref="187813177" role="outer"/>
  <member type="way" ref="187813235" role="outer"/>
  <member type="way" ref="187813267" role="outer"/>
  <member type="way" ref="187813180" role="outer"/>
  <member type="way" ref="399655548" role="outer"/>
  <member type="way" ref="187813203" role="outer"/>
  <member type="way" ref="399655559" role="outer"/>
  <member type="way" ref="187814894" role="outer"/>
  <member type="way" ref="402891043" role="outer"/>
  <member type="way" ref="188166429" role="outer"/>
  <member type="way" ref="188166434" role="outer"/>
  <member type="way" ref="188166431" role="outer"/>
  <member type="way" ref="399655535" role="outer"/>
  <member type="way" ref="188167240" role="outer"/>
  <member type="way" ref="402924520" role="outer"/>
  <member type="way" ref="402891037" role="outer"/>
  <member type="way" ref="402891048" role="outer"/>
  <member type="way" ref="188167239" role="outer"/>
  <member type="way" ref="402891017" role="outer"/>
  <member type="way" ref="399405863" role="outer"/>
  <member type="way" ref="399409116" role="outer"/>
  <member type="way" ref="399406109" role="outer"/>
  <member type="way" ref="188167236" role="outer"/>
  <member type="way" ref="253538284" role="outer"/>
  <member type="way" ref="188351274" role="outer"/>
  <member type="way" ref="188352699" role="outer"/>
  <member type="way" ref="402891005" role="outer"/>
  <member type="way" ref="402891121" role="outer"/>
  <member type="way" ref="253538283" role="outer"/>
  <member type="way" ref="871708117" role="outer"/>
  <member type="way" ref="573542731" role="outer"/>
  <member type="way" ref="399655536" role="outer"/>
  <member type="way" ref="399655489" role="outer"/>
  <member type="way" ref="188804134" role="outer"/>
  <member type="way" ref="544981705" role="outer"/>
  <member type="way" ref="188805610" role="outer"/>
  <member type="way" ref="188805609" role="outer"/>
  <member type="way" ref="189253349" role="outer"/>
  <member type="way" ref="877938547" role="outer"/>
  <member type="way" ref="402694512" role="outer"/>
  <member type="way" ref="402694590" role="outer"/>
  <member type="way" ref="877938550" role="outer"/>
  <member type="way" ref="877938549" role="outer"/>
  <member type="way" ref="402694554" role="outer"/>
  <member type="way" ref="402698724" role="outer"/>
  <member type="way" ref="402920031" role="outer"/>
  <member type="way" ref="402891015" role="outer"/>
  <member type="way" ref="712501487" role="outer"/>
  <member type="way" ref="721783865" role="outer"/>
  <member type="way" ref="402699790" role="outer"/>
  <member type="way" ref="402697342" role="outer"/>
  <member type="way" ref="402697165" role="outer"/>
  <member type="way" ref="402695478" role="outer"/>
  <member type="way" ref="402697403" role="outer"/>
  <member type="way" ref="22628007" role="outer"/>
  <member type="way" ref="402695488" role="outer"/>
  <member type="way" ref="402694827" role="outer"/>
  <member type="way" ref="402698539" role="outer"/>
  <member type="way" ref="1207909909" role="outer"/>
  <member type="way" ref="22632883" role="outer"/>
  <member type="way" ref="1207909912" role="outer"/>
  <member type="way" ref="1207909910" role="outer"/>
  <member type="way" ref="888039535" role="outer"/>
  <member type="way" ref="686138021" role="outer"/>
  <member type="way" ref="1188541425" role="outer"/>
  <member type="way" ref="34172042" role="outer"/>
  <member type="way" ref="1189774970" role="outer"/>
  <member type="way" ref="191186885" role="outer"/>
  <member type="way" ref="1189775481" role="outer"/>
  <member type="way" ref="1202641019" role="outer"/>
  <member type="way" ref="32993947" role="outer"/>
  <member type="way" ref="1189891893" role="outer"/>
  <member type="way" ref="41143662" role="outer"/>
  <member type="way" ref="757209486" role="outer"/>
  <member type="way" ref="757209487" role="outer"/>
  <member type="way" ref="758260565" role="outer"/>
  <member type="way" ref="22618357" role="outer"/>
  <member type="way" ref="563699652" role="outer"/>
  <member type="way" ref="563699646" role="outer"/>
  <member type="way" ref="563699673" role="outer"/>
  <member type="way" ref="1179649375" role="outer"/>
  <member type="relation" ref="6037570" role="subarea"/>
  <member type="relation" ref="6037572" role="subarea"/>
  <member type="relation" ref="6037573" role="subarea"/>
  <member type="relation" ref="6037575" role="subarea"/>
  <member type="relation" ref="6037576" role="subarea"/>
  <member type="relation" ref="6037578" role="subarea"/>
  <member type="relation" ref="6037579" role="subarea"/>
  <member type="relation" ref="5572075" role="subarea"/>
  <member type="relation" ref="6037586" role="subarea"/>
  <member type="relation" ref="6037588" role="subarea"/>
  <member type="relation" ref="6037589" role="subarea"/>
  <member type="relation" ref="6037590" role="subarea"/>
  <member type="relation" ref="6037591" role="subarea"/>
  <member type="relation" ref="6037592" role="subarea"/>
  <member type="relation" ref="6037594" role="subarea"/>
  <member type="relation" ref="6037595" role="subarea"/>
  <member type="relation" ref="6037596" role="subarea"/>
  <member type="relation" ref="6037598" role="subarea"/>
  <member type="relation" ref="6037601" role="subarea"/>
  <member type="relation" ref="6037604" role="subarea"/>
  <member type="relation" ref="6037605" role="subarea"/>
  <member type="relation" ref="6037607" role="subarea"/>
  <member type="relation" ref="6037611" role="subarea"/>
  <member type="relation" ref="6037612" role="subarea"/>
  <member type="relation" ref="5573213" role="subarea"/>
  <member type="relation" ref="6037613" role="subarea"/>
  <member type="relation" ref="6037614" role="subarea"/>
  <member type="relation" ref="6037617" role="subarea"/>
  <member type="relation" ref="6037618" role="subarea"/>
  <member type="relation" ref="6037620" role="subarea"/>
  <member type="relation" ref="6037621" role="subarea"/>
  <member type="relation" ref="5572039" role="subarea"/>
  <member type="relation" ref="6037622" role="subarea"/>
  <member type="relation" ref="4536711" role="subarea"/>
  <member type="relation" ref="5573184" role="subarea"/>
  <member type="relation" ref="6037623" role="subarea"/>
  <member type="relation" ref="5573185" role="subarea"/>
  <member type="relation" ref="5573186" role="subarea"/>
  <member type="relation" ref="6037630" role="subarea"/>
  <member type="relation" ref="5573187" role="subarea"/>
  <member type="relation" ref="6037638" role="subarea"/>
  <member type="relation" ref="5573188" role="subarea"/>
  <member type="relation" ref="6037640" role="subarea"/>
  <member type="relation" ref="5625784" role="subarea"/>
  <member type="relation" ref="4555304" role="subarea"/>
  <member type="relation" ref="5573190" role="subarea"/>
  <member type="relation" ref="6037641" role="subarea"/>
  <member type="relation" ref="4720748" role="subarea"/>
  <member type="relation" ref="6037643" role="subarea"/>
  <member type="relation" ref="6037644" role="subarea"/>
  <member type="relation" ref="4525098" role="subarea"/>
  <member type="relation" ref="6037646" role="subarea"/>
  <member type="relation" ref="6037649" role="subarea"/>
  <member type="relation" ref="6037650" role="subarea"/>
  <member type="relation" ref="6037664" role="subarea"/>
  <member type="relation" ref="6037651" role="subarea"/>
  <member type="relation" ref="6037652" role="subarea"/>
  <member type="relation" ref="6037653" role="subarea"/>
  <member type="relation" ref="6037654" role="subarea"/>
  <member type="relation" ref="6037655" role="subarea"/>
  <member type="relation" ref="4555887" role="subarea"/>
  <member type="relation" ref="4546437" role="subarea"/>
  <member type="relation" ref="6037661" role="subarea"/>
  <member type="relation" ref="6037662" role="subarea"/>
  <member type="relation" ref="5573191" role="subarea"/>
  <member type="relation" ref="6037667" role="subarea"/>
  <member type="relation" ref="4525109" role="subarea"/>
  <member type="relation" ref="5572019" role="subarea"/>
  <member type="relation" ref="6037670" role="subarea"/>
  <member type="relation" ref="4537017" role="subarea"/>
  <member type="relation" ref="6037673" role="subarea"/>
  <member type="relation" ref="6037677" role="subarea"/>
  <member type="relation" ref="5573192" role="subarea"/>
  <member type="relation" ref="6037682" role="subarea"/>
  <member type="relation" ref="6037684" role="subarea"/>
  <member type="relation" ref="6037686" role="subarea"/>
  <member type="relation" ref="5573193" role="subarea"/>
  <member type="relation" ref="6037687" role="subarea"/>
  <member type="relation" ref="5573194" role="subarea"/>
  <member type="relation" ref="6037690" role="subarea"/>
  <member type="relation" ref="6037691" role="subarea"/>
  <member type="relation" ref="6037692" role="subarea"/>
  <member type="relation" ref="6037693" role="subarea"/>
  <member type="relation" ref="5573195" role="subarea"/>
  <member type="relation" ref="6037694" role="subarea"/>
  <member type="relation" ref="6037696" role="subarea"/>
  <member type="relation" ref="6037698" role="subarea"/>
  <member type="relation" ref="6037699" role="subarea"/>
  <member type="relation" ref="6037710" role="subarea"/>
  <member type="relation" ref="6037700" role="subarea"/>
  <member type="relation" ref="6037701" role="subarea"/>
  <member type="relation" ref="6037702" role="subarea"/>
  <member type="relation" ref="6037704" role="subarea"/>
  <member type="relation" ref="6037708" role="subarea"/>
  <member type="relation" ref="6037709" role="subarea"/>
  <member type="relation" ref="6037711" role="subarea"/>
  <member type="relation" ref="6037715" role="subarea"/>
  <member type="relation" ref="6037713" role="subarea"/>
  <member type="relation" ref="6037716" role="subarea"/>
  <member type="relation" ref="6037717" role="subarea"/>
  <member type="relation" ref="6037718" role="subarea"/>
  <member type="relation" ref="6037719" role="subarea"/>
  <member type="relation" ref="6037721" role="subarea"/>
  <member type="relation" ref="6037722" role="subarea"/>
  <member type="relation" ref="6037723" role="subarea"/>
  <member type="relation" ref="6037724" role="subarea"/>
  <member type="relation" ref="6037725" role="subarea"/>
  <member type="relation" ref="4537919" role="subarea"/>
  <member type="relation" ref="5572020" role="subarea"/>
  <member type="relation" ref="6037726" role="subarea"/>
  <member type="relation" ref="6037727" role="subarea"/>
  <member type="relation" ref="6037728" role="subarea"/>
  <member type="relation" ref="6037729" role="subarea"/>
  <member type="relation" ref="6037730" role="subarea"/>
  <member type="relation" ref="6037731" role="subarea"/>
  <member type="relation" ref="6037732" role="subarea"/>
  <member type="relation" ref="6037860" role="subarea"/>
  <member type="relation" ref="6037733" role="subarea"/>
  <member type="relation" ref="6037734" role="subarea"/>
  <member type="relation" ref="6037735" role="subarea"/>
  <member type="relation" ref="5573196" role="subarea"/>
  <member type="relation" ref="6037737" role="subarea"/>
  <member type="relation" ref="6037741" role="subarea"/>
  <member type="relation" ref="6037745" role="subarea"/>
  <member type="relation" ref="6037746" role="subarea"/>
  <member type="relation" ref="6037748" role="subarea"/>
  <member type="relation" ref="6037749" role="subarea"/>
  <member type="relation" ref="6037750" role="subarea"/>
  <member type="relation" ref="5573197" role="subarea"/>
  <member type="relation" ref="6037752" role="subarea"/>
  <member type="relation" ref="5573200" role="subarea"/>
  <member type="relation" ref="4525097" role="subarea"/>
  <member type="relation" ref="6037754" role="subarea"/>
  <member type="relation" ref="6037753" role="subarea"/>
  <member type="relation" ref="6037755" role="subarea"/>
  <member type="relation" ref="5573198" role="subarea"/>
  <member type="relation" ref="6037758" role="subarea"/>
  <member type="relation" ref="5331697" role="subarea"/>
  <member type="relation" ref="5573199" role="subarea"/>
  <member type="relation" ref="6037759" role="subarea"/>
  <member type="relation" ref="6037761" role="subarea"/>
  <member type="relation" ref="6037763" role="subarea"/>
  <member type="relation" ref="6037764" role="subarea"/>
  <member type="relation" ref="6037765" role="subarea"/>
  <member type="relation" ref="6037767" role="subarea"/>
  <member type="relation" ref="6037768" role="subarea"/>
  <member type="relation" ref="6037779" role="subarea"/>
  <member type="relation" ref="5630106" role="subarea"/>
  <member type="relation" ref="6037793" role="subarea"/>
  <member type="relation" ref="6037794" role="subarea"/>
  <member type="relation" ref="6037795" role="subarea"/>
  <member type="relation" ref="6037796" role="subarea"/>
  <member type="relation" ref="6037797" role="subarea"/>
  <member type="relation" ref="6037798" role="subarea"/>
  <member type="relation" ref="6037799" role="subarea"/>
  <member type="relation" ref="6037800" role="subarea"/>
  <member type="relation" ref="5573201" role="subarea"/>
  <member type="relation" ref="5573202" role="subarea"/>
  <member type="relation" ref="5573203" role="subarea"/>
  <member type="relation" ref="5573204" role="subarea"/>
  <member type="relation" ref="5573205" role="subarea"/>
  <member type="relation" ref="5573206" role="subarea"/>
  <member type="relation" ref="6037801" role="subarea"/>
  <member type="relation" ref="6037802" role="subarea"/>
  <member type="relation" ref="4537023" role="subarea"/>
  <member type="relation" ref="6037805" role="subarea"/>
  <member type="relation" ref="5573207" role="subarea"/>
  <member type="relation" ref="6037807" role="subarea"/>
  <member type="relation" ref="6037808" role="subarea"/>
  <member type="relation" ref="6037809" role="subarea"/>
  <member type="relation" ref="6037813" role="subarea"/>
  <member type="relation" ref="6037816" role="subarea"/>
  <member type="relation" ref="5573208" role="subarea"/>
  <member type="relation" ref="6037820" role="subarea"/>
  <member type="relation" ref="5573209" role="subarea"/>
  <member type="relation" ref="6037823" role="subarea"/>
  <member type="relation" ref="6037824" role="subarea"/>
  <member type="relation" ref="6037826" role="subarea"/>
  <member type="relation" ref="6037828" role="subarea"/>
  <member type="relation" ref="4536718" role="subarea"/>
  <member type="relation" ref="6037831" role="subarea"/>
  <member type="relation" ref="6037832" role="subarea"/>
  <member type="relation" ref="6037833" role="subarea"/>
  <member type="relation" ref="6037834" role="subarea"/>
  <member type="relation" ref="5573210" role="subarea"/>
  <member type="relation" ref="6037837" role="subarea"/>
  <member type="relation" ref="6037838" role="subarea"/>
  <member type="relation" ref="6037840" role="subarea"/>
  <member type="relation" ref="6037843" role="subarea"/>
  <member type="relation" ref="6037845" role="subarea"/>
  <member type="relation" ref="6037848" role="subarea"/>
  <member type="relation" ref="6037850" role="subarea"/>
  <member type="relation" ref="6037851" role="subarea"/>
  <member type="relation" ref="6037853" role="subarea"/>
  <member type="relation" ref="6037854" role="subarea"/>
  <member type="relation" ref="5572040" role="subarea"/>
  <member type="relation" ref="6037856" role="subarea"/>
  <member type="relation" ref="6037857" role="subarea"/>
  <member type="relation" ref="6037858" role="subarea"/>
  <member type="relation" ref="6037859" role="subarea"/>
  <member type="relation" ref="6037862" role="subarea"/>
  <member type="relation" ref="6037863" role="subarea"/>
  <member type="relation" ref="6037865" role="subarea"/>
  <member type="relation" ref="6037871" role="subarea"/>
  <member type="relation" ref="6037872" role="subarea"/>
  <member type="relation" ref="6037874" role="subarea"/>
  <member type="relation" ref="5573211" role="subarea"/>
  <member type="relation" ref="6037880" role="subarea"/>
  <member type="relation" ref="6037883" role="subarea"/>
  <member type="relation" ref="6037885" role="subarea"/>
  <member type="relation" ref="5573212" role="subarea"/>
  <member type="relation" ref="4555984" role="subarea"/>
  <tag k="admin_level" v="4"/>
  <tag k="boundary" v="administrative"/>
  <tag k="ISO3166-2" v="MX-VER"/>
  <tag k="name" v="Veracruz"/>
  <tag k="name:en" v="Veracruz"/>
  <tag k="name:es" v="Veracruz"/>
  <tag k="name:ja" v="ベラクルス州"/>
  <tag k="name:pl" v="Veracruz"/>
  <tag k="name:ru" v="Веракрус"/>
  <tag k="name:uk" v="Веракрус"/>
  <tag k="name:zh" v="韦拉克鲁斯州"/>
  <tag k="official_name" v="Veracruz de Ignacio de la Llave"/>
  <tag k="place" v="state"/>
  <tag k="population" v="8062579"/>
  <tag k="population:date" v="2020"/>
  <tag k="ref" v="VER"/>
  <tag k="short_name" v="Ver."/>
  <tag k="source:population" v="https://www.inegi.org.mx/programas/ccpv/2020/#Datos_abiertos"/>
  <tag k="type" v="boundary"/>
  <tag k="wikidata" v="Q60130"/>
  <tag k="wikipedia" v="es:Estado de Veracruz"/>
 </relation>
 <relation id="6037654" visible="true" version="7" changeset="167419002" timestamp="2025-06-09T21:34:47Z" user="Daniel Vincenc" uid="14476883">
  <member type="node" ref="472257753" role="admin_centre"/>
  <member type="way" ref="402695162" role="outer"/>
  <member type="way" ref="402696003" role="outer"/>
  <member type="way" ref="402694698" role="outer"/>
  <member type="way" ref="402699596" role="outer"/>
  <member type="way" ref="402696218" role="outer"/>
  <member type="way" ref="402699601" role="outer"/>
  <member type="way" ref="413038081" role="outer"/>
  <member type="way" ref="413038073" role="outer"/>
  <member type="way" ref="413038092" role="outer"/>
  <member type="way" ref="402693660" role="outer"/>
  <member type="way" ref="616000271" role="outer"/>
  <member type="way" ref="616000244" role="outer"/>
  <member type="way" ref="616000243" role="outer"/>
  <member type="way" ref="616000241" role="outer"/>
  <member type="way" ref="616000273" role="outer"/>
  <member type="way" ref="616782768" role="outer"/>
  <member type="way" ref="616782761" role="outer"/>
  <member type="way" ref="402696984" role="outer"/>
  <member type="way" ref="413038099" role="outer"/>
  <member type="way" ref="402695775" role="outer"/>
  <member type="way" ref="413038071" role="outer"/>
  <tag k="admin_level" v="6"/>
  <tag k="boundary" v="administrative"/>
  <tag k="INEGI:MUNID" v="30048"/>
  <tag k="name" v="Cosoleacaque"/>
  <tag k="official_name" v="Municipio de Cosoleacaque"/>
  <tag k="population" v="130903"/>
  <tag k="population:date" v="2020"/>
  <tag k="source" v="INEGI MGN 2014 v6.2"/>
  <tag k="source:population" v="https://www.inegi.org.mx/programas/ccpv/2020/#Datos_abiertos"/>
  <tag k="type" v="boundary"/>
  <tag k="wikidata" v="Q534620"/>
  <tag k="wikipedia" v="es:Municipio de Cosoleacaque"/>
 </relation>
 <relation id="6037729" visible="true" version="9" changeset="145557368" timestamp="2023-12-27T04:24:59Z" user="Trevor_1" uid="3715012">
  <member type="way" ref="937992232" role="outer"/>
  <member type="way" ref="402694228" role="outer"/>
  <member type="way" ref="978199960" role="outer"/>
  <member type="way" ref="402695975" role="outer"/>
  <member type="way" ref="402694376" role="outer"/>
  <member type="way" ref="402695441" role="outer"/>
  <member type="way" ref="402699599" role="outer"/>
  <member type="way" ref="413038094" role="outer"/>
  <member type="way" ref="413038069" role="outer"/>
  <member type="way" ref="402698806" role="outer"/>
  <member type="way" ref="413038081" role="outer"/>
  <member type="way" ref="413038073" role="outer"/>
  <member type="way" ref="413038092" role="outer"/>
  <member type="way" ref="402693660" role="outer"/>
  <member type="way" ref="616000271" role="outer"/>
  <member type="way" ref="616000244" role="outer"/>
  <member type="way" ref="616000243" role="outer"/>
  <member type="way" ref="616000241" role="outer"/>
  <member type="way" ref="616000273" role="outer"/>
  <member type="way" ref="616782768" role="outer"/>
  <member type="way" ref="616782761" role="outer"/>
  <member type="node" ref="472255720" role="admin_centre"/>
  <tag k="admin_level" v="6"/>
  <tag k="boundary" v="administrative"/>
  <tag k="INEGI:MUNID" v="30108"/>
  <tag k="name" v="Minatitlán"/>
  <tag k="official_name" v="Municipio de Minatitlán"/>
  <tag k="population" v="144776"/>
  <tag k="population:date" v="2020"/>
  <tag k="source" v="INEGI MGN 2014 v6.2"/>
  <tag k="source:population" v="https://www.inegi.org.mx/programas/ccpv/2020/#Datos_abiertos"/>
  <tag k="type" v="boundary"/>
  <tag k="wikidata" v="Q17279074"/>
  <tag k="wikipedia" v="es:Municipio de Minatitlán (Veracruz)"/>
 </relation>
</osm>
