<?xml version="1.0" encoding="UTF-8"?>
<osm version="0.6" generator="Overpass API 0.7.62.8 e802775f">
<note>The data included in this document is from www.openstreetmap.org. The data is made available under ODbL.</note>
<meta osm_base="2025-10-16T05:32:45Z"/>

  <bounds minlat="18.0016210" minlon="-94.5604210" maxlat="18.0092430" maxlon="-94.5463660"/>

  <node id="1111619445" lat="18.0037148" lon="-94.5658496" version="1" timestamp="2011-01-20T13:42:27Z" changeset="7030638" uid="58410" user="tlacuilo"/>
  <node id="1111619450" lat="18.0042454" lon="-94.5665363" version="1" timestamp="2011-01-20T13:42:27Z" changeset="7030638" uid="58410" user="tlacuilo"/>
  <node id="1111619470" lat="18.0130468" lon="-94.5772729" version="3" timestamp="2019-06-20T16:43:18Z" changeset="71452468" uid="3265371" user="Andrew Matheny"/>
  <node id="1111619516" lat="18.0021230" lon="-94.5585540" version="1" timestamp="2011-01-20T13:42:30Z" changeset="7030638" uid="58410" user="tlacuilo"/>
  <node id="1111619542" lat="18.0033883" lon="-94.5646909" version="1" timestamp="2011-01-20T13:42:31Z" changeset="7030638" uid="58410" user="tlacuilo"/>
  <node id="1111619547" lat="18.0026944" lon="-94.5595840" version="1" timestamp="2011-01-20T13:42:31Z" changeset="7030638" uid="58410" user="tlacuilo"/>
  <node id="1111619553" lat="18.0029393" lon="-94.5608285" version="1" timestamp="2011-01-20T13:42:31Z" changeset="7030638" uid="58410" user="tlacuilo"/>
  <node id="1289153463" lat="18.0003543" lon="-94.5539465" version="2" timestamp="2019-04-08T18:57:49Z" changeset="69019357" uid="9497207" user="Gamadarkness"/>
  <node id="1289153466" lat="18.0046744" lon="-94.5718785" version="1" timestamp="2011-05-17T15:31:01Z" changeset="8172859" uid="101422" user="Yorx"/>
  <node id="1289153472" lat="18.0030150" lon="-94.5557856" version="1" timestamp="2011-05-17T15:31:01Z" changeset="8172859" uid="101422" user="Yorx"/>
  <node id="1289153473" lat="18.0061917" lon="-94.5529138" version="2" timestamp="2020-12-08T07:39:21Z" changeset="95467780" uid="10811160" user="BanjaraHills"/>
  <node id="1289153476" lat="18.0156206" lon="-94.5673976" version="1" timestamp="2011-05-17T15:31:01Z" changeset="8172859" uid="101422" user="Yorx"/>
  <node id="1289153488" lat="18.0064772" lon="-94.5519356" version="2" timestamp="2021-01-06T21:11:23Z" changeset="97071705" uid="9633823" user="127logs"/>
  <node id="1289153489" lat="18.0029847" lon="-94.5484412" version="1" timestamp="2011-05-17T15:31:02Z" changeset="8172859" uid="101422" user="Yorx"/>
  <node id="1289153494" lat="18.0014618" lon="-94.5468263" version="3" timestamp="2021-01-21T15:55:39Z" changeset="97916051" uid="10140135" user="AlwaysSunnyInMapadelphia"/>
  <node id="1289153496" lat="17.9999418" lon="-94.5533310" version="1" timestamp="2011-05-17T15:31:03Z" changeset="8172859" uid="101422" user="Yorx"/>
  <node id="1289153497" lat="18.0001920" lon="-94.5719248" version="1" timestamp="2011-05-17T15:31:03Z" changeset="8172859" uid="101422" user="Yorx"/>
  <node id="1289153500" lat="17.9965557" lon="-94.5648286" version="1" timestamp="2011-05-17T15:31:03Z" changeset="8172859" uid="101422" user="Yorx"/>
  <node id="1289153505" lat="18.0028769" lon="-94.5543991" version="1" timestamp="2011-05-17T15:31:03Z" changeset="8172859" uid="101422" user="Yorx"/>
  <node id="1289153506" lat="18.0005335" lon="-94.5538280" version="2" timestamp="2019-04-08T18:57:49Z" changeset="69019357" uid="9497207" user="Gamadarkness"/>
  <node id="1289153507" lat="18.0025701" lon="-94.5539127" version="1" timestamp="2011-05-17T15:31:03Z" changeset="8172859" uid="101422" user="Yorx"/>
  <node id="1289153511" lat="18.0044648" lon="-94.5525936" version="1" timestamp="2011-05-17T15:31:04Z" changeset="8172859" uid="101422" user="Yorx"/>
  <node id="1289153517" lat="18.0033820" lon="-94.5526974" version="1" timestamp="2011-05-17T15:31:04Z" changeset="8172859" uid="101422" user="Yorx"/>
  <node id="1289153518" lat="18.0010455" lon="-94.5570756" version="2" timestamp="2018-08-13T17:54:33Z" changeset="61634110" uid="7620588" user="Guillermo Larios Barrios"/>
  <node id="1289153520" lat="18.0059588" lon="-94.5522853" version="1" timestamp="2011-05-17T15:31:04Z" changeset="8172859" uid="101422" user="Yorx"/>
  <node id="1289153522" lat="18.0156395" lon="-94.5695002" version="1" timestamp="2011-05-17T15:31:05Z" changeset="8172859" uid="101422" user="Yorx"/>
  <node id="1289153524" lat="18.0008336" lon="-94.5558099" version="1" timestamp="2011-05-17T15:31:05Z" changeset="8172859" uid="101422" user="Yorx"/>
  <node id="1289153525" lat="18.0056006" lon="-94.5460469" version="2" timestamp="2019-04-08T18:54:09Z" changeset="69019244" uid="9497207" user="Gamadarkness"/>
  <node id="1289153528" lat="18.0049634" lon="-94.5500985" version="1" timestamp="2011-05-17T15:31:05Z" changeset="8172859" uid="101422" user="Yorx"/>
  <node id="1289153530" lat="17.9990978" lon="-94.5663362" version="1" timestamp="2011-05-17T15:31:05Z" changeset="8172859" uid="101422" user="Yorx"/>
  <node id="1289153533" lat="18.0046875" lon="-94.5468947" version="1" timestamp="2011-05-17T15:31:05Z" changeset="8172859" uid="101422" user="Yorx"/>
  <node id="1289153536" lat="18.0046522" lon="-94.5674464" version="1" timestamp="2011-05-17T15:31:05Z" changeset="8172859" uid="101422" user="Yorx"/>
  <node id="1289153539" lat="18.0024757" lon="-94.5524753" version="2" timestamp="2019-04-08T18:57:49Z" changeset="69019357" uid="9497207" user="Gamadarkness"/>
  <node id="1289153543" lat="18.0027130" lon="-94.5591212" version="1" timestamp="2011-05-17T15:31:06Z" changeset="8172859" uid="101422" user="Yorx"/>
  <node id="1289153544" lat="17.9987902" lon="-94.5571600" version="1" timestamp="2011-05-17T15:31:07Z" changeset="8172859" uid="101422" user="Yorx"/>
  <node id="1289153545" lat="17.9961926" lon="-94.5647592" version="1" timestamp="2011-05-17T15:31:07Z" changeset="8172859" uid="101422" user="Yorx"/>
  <node id="1289153547" lat="18.0058605" lon="-94.5532152" version="1" timestamp="2011-05-17T15:31:07Z" changeset="8172859" uid="101422" user="Yorx"/>
  <node id="1289153554" lat="18.0019616" lon="-94.5565351" version="1" timestamp="2011-05-17T15:31:07Z" changeset="8172859" uid="101422" user="Yorx"/>
  <node id="1289153556" lat="18.0016265" lon="-94.5484881" version="1" timestamp="2011-05-17T15:31:07Z" changeset="8172859" uid="101422" user="Yorx"/>
  <node id="1289153558" lat="18.0046744" lon="-94.5682213" version="1" timestamp="2011-05-17T15:31:07Z" changeset="8172859" uid="101422" user="Yorx"/>
  <node id="1289153562" lat="18.0020774" lon="-94.5470297" version="1" timestamp="2011-05-17T15:31:07Z" changeset="8172859" uid="101422" user="Yorx"/>
  <node id="1289153565" lat="18.0062580" lon="-94.5514366" version="1" timestamp="2011-05-17T15:31:08Z" changeset="8172859" uid="101422" user="Yorx"/>
  <node id="1289153568" lat="18.0035234" lon="-94.5554238" version="1" timestamp="2011-05-17T15:31:08Z" changeset="8172859" uid="101422" user="Yorx"/>
  <node id="1289153569" lat="18.0025268" lon="-94.5575001" version="2" timestamp="2024-02-14T02:28:59Z" changeset="147432533" uid="19456985" user="Ferrocarriles de México"/>
  <node id="1289153573" lat="18.0157809" lon="-94.5687663" version="1" timestamp="2011-05-17T15:31:09Z" changeset="8172859" uid="101422" user="Yorx"/>
  <node id="1289153574" lat="18.0065407" lon="-94.5535638" version="1" timestamp="2011-05-17T15:31:09Z" changeset="8172859" uid="101422" user="Yorx"/>
  <node id="1289153580" lat="18.0007779" lon="-94.5558518" version="2" timestamp="2019-04-08T18:57:50Z" changeset="69019357" uid="9497207" user="Gamadarkness"/>
  <node id="1289153582" lat="17.9992723" lon="-94.5670155" version="1" timestamp="2011-05-17T15:31:09Z" changeset="8172859" uid="101422" user="Yorx"/>
  <node id="1289153585" lat="18.0022556" lon="-94.5487287" version="1" timestamp="2011-05-17T15:31:09Z" changeset="8172859" uid="101422" user="Yorx"/>
  <node id="1289153588" lat="18.0038269" lon="-94.5597911" version="1" timestamp="2011-05-17T15:31:09Z" changeset="8172859" uid="101422" user="Yorx"/>
  <node id="1289153589" lat="18.0001787" lon="-94.5540747" version="2" timestamp="2019-04-08T18:57:49Z" changeset="69019357" uid="9497207" user="Gamadarkness"/>
  <node id="1289153593" lat="17.9992893" lon="-94.5568302" version="1" timestamp="2011-05-17T15:31:10Z" changeset="8172859" uid="101422" user="Yorx"/>
  <node id="1289153597" lat="18.0044784" lon="-94.5470716" version="2" timestamp="2021-01-21T15:55:39Z" changeset="97916051" uid="10140135" user="AlwaysSunnyInMapadelphia"/>
  <node id="1289153603" lat="18.0055258" lon="-94.5525748" version="1" timestamp="2011-05-17T15:31:11Z" changeset="8172859" uid="101422" user="Yorx"/>
  <node id="1289153609" lat="18.0062105" lon="-94.5500880" version="2" timestamp="2021-01-06T20:57:33Z" changeset="97071233" uid="9633823" user="127logs"/>
  <node id="1289153610" lat="18.0008825" lon="-94.5535924" version="2" timestamp="2019-04-08T18:57:49Z" changeset="69019357" uid="9497207" user="Gamadarkness"/>
  <node id="1289153612" lat="18.0014601" lon="-94.5470864" version="1" timestamp="2011-05-17T15:31:11Z" changeset="8172859" uid="101422" user="Yorx"/>
  <node id="1289153614" lat="18.0066178" lon="-94.5525270" version="1" timestamp="2011-05-17T15:31:11Z" changeset="8172859" uid="101422" user="Yorx"/>
  <node id="1289153622" lat="18.0052467" lon="-94.5507210" version="1" timestamp="2011-05-17T15:31:12Z" changeset="8172859" uid="101422" user="Yorx"/>
  <node id="1289153625" lat="18.0039279" lon="-94.5560649" version="1" timestamp="2011-05-17T15:31:12Z" changeset="8172859" uid="101422" user="Yorx"/>
  <node id="1289153627" lat="18.0010096" lon="-94.5549850" version="2" timestamp="2015-10-11T15:38:29Z" changeset="34571880" uid="395925" user="The Black Lord Rayden"/>
  <node id="1289153636" lat="18.0008810" lon="-94.5561278" version="2" timestamp="2019-04-08T18:57:50Z" changeset="69019357" uid="9497207" user="Gamadarkness"/>
  <node id="1289153639" lat="17.9991167" lon="-94.5670006" version="1" timestamp="2011-05-17T15:31:13Z" changeset="8172859" uid="101422" user="Yorx"/>
  <node id="1289153644" lat="18.0021672" lon="-94.5598578" version="1" timestamp="2011-05-17T15:31:14Z" changeset="8172859" uid="101422" user="Yorx"/>
  <node id="1289153648" lat="18.0033881" lon="-94.5480748" version="1" timestamp="2011-05-17T15:31:14Z" changeset="8172859" uid="101422" user="Yorx"/>
  <node id="1289153658" lat="18.0012623" lon="-94.5569621" version="2" timestamp="2019-04-08T18:57:50Z" changeset="69019357" uid="9497207" user="Gamadarkness"/>
  <node id="1289153667" lat="18.0154074" lon="-94.5668335" version="2" timestamp="2019-06-20T16:43:18Z" changeset="71452468" uid="3265371" user="Andrew Matheny"/>
  <node id="1289153682" lat="18.0020418" lon="-94.5467596" version="3" timestamp="2021-01-21T15:55:39Z" changeset="97916051" uid="10140135" user="AlwaysSunnyInMapadelphia"/>
  <node id="1289153685" lat="17.9994374" lon="-94.5698123" version="1" timestamp="2011-05-17T15:31:16Z" changeset="8172859" uid="101422" user="Yorx"/>
  <node id="1289153686" lat="18.0119096" lon="-94.5483967" version="5" timestamp="2023-07-27T20:17:13Z" changeset="139105870" uid="17365610" user="म्यापर"/>
  <node id="1289153687" lat="18.0032177" lon="-94.5466459" version="3" timestamp="2021-01-21T15:55:39Z" changeset="97916051" uid="10140135" user="AlwaysSunnyInMapadelphia"/>
  <node id="1289153689" lat="18.0025890" lon="-94.5597911" version="1" timestamp="2011-05-17T15:31:16Z" changeset="8172859" uid="101422" user="Yorx"/>
  <node id="1289153692" lat="18.0044244" lon="-94.5465608" version="2" timestamp="2021-01-21T15:55:39Z" changeset="97916051" uid="10140135" user="AlwaysSunnyInMapadelphia"/>
  <node id="1289153693" lat="17.9977980" lon="-94.5578778" version="2" timestamp="2020-12-07T06:46:58Z" changeset="95399064" uid="10811160" user="BanjaraHills"/>
  <node id="1289153694" lat="18.0046978" lon="-94.5510580" version="2" timestamp="2021-01-06T20:57:33Z" changeset="97071233" uid="9633823" user="127logs"/>
  <node id="1289153701" lat="18.0008561" lon="-94.5559894" version="2" timestamp="2019-04-08T18:57:49Z" changeset="69019357" uid="9497207" user="Gamadarkness"/>
  <node id="1289153708" lat="18.0042018" lon="-94.5521138" version="1" timestamp="2011-05-17T15:31:18Z" changeset="8172859" uid="101422" user="Yorx"/>
  <node id="1289153713" lat="18.0150140" lon="-94.5662706" version="2" timestamp="2019-06-20T16:43:18Z" changeset="71452468" uid="3265371" user="Andrew Matheny"/>
  <node id="1289153714" lat="18.0050522" lon="-94.5465355" version="2" timestamp="2019-04-08T18:54:09Z" changeset="69019244" uid="9497207" user="Gamadarkness"/>
  <node id="1289153715" lat="18.0070167" lon="-94.5516341" version="3" timestamp="2021-01-06T21:11:23Z" changeset="97071705" uid="9633823" user="127logs"/>
  <node id="1289153719" lat="18.0035193" lon="-94.5509720" version="1" timestamp="2011-05-17T15:31:19Z" changeset="8172859" uid="101422" user="Yorx"/>
  <node id="1289153722" lat="17.9973292" lon="-94.5663510" version="1" timestamp="2011-05-17T15:31:19Z" changeset="8172859" uid="101422" user="Yorx"/>
  <node id="1289153726" lat="18.0100241" lon="-94.5731182" version="1" timestamp="2011-05-17T15:31:19Z" changeset="8172859" uid="101422" user="Yorx"/>
  <node id="1289153730" lat="18.0019307" lon="-94.5528497" version="2" timestamp="2019-04-08T18:57:49Z" changeset="69019357" uid="9497207" user="Gamadarkness"/>
  <node id="1289153733" lat="18.0132344" lon="-94.5652107" version="1" timestamp="2011-05-17T15:31:19Z" changeset="8172859" uid="101422" user="Yorx"/>
  <node id="1289153736" lat="17.9960087" lon="-94.5641394" version="1" timestamp="2011-05-17T15:31:19Z" changeset="8172859" uid="101422" user="Yorx"/>
  <node id="1289153741" lat="17.9995733" lon="-94.5458624" version="2" timestamp="2019-06-20T16:43:18Z" changeset="71452468" uid="3265371" user="Andrew Matheny"/>
  <node id="1289153762" lat="18.0013364" lon="-94.5554691" version="2" timestamp="2015-10-11T15:38:29Z" changeset="34571880" uid="395925" user="The Black Lord Rayden"/>
  <node id="1289153765" lat="18.0040780" lon="-94.5550291" version="1" timestamp="2011-05-17T15:31:21Z" changeset="8172859" uid="101422" user="Yorx"/>
  <node id="1289153777" lat="18.0044844" lon="-94.5545074" version="1" timestamp="2011-05-17T15:31:21Z" changeset="8172859" uid="101422" user="Yorx"/>
  <node id="1289153790" lat="18.0048786" lon="-94.5551548" version="1" timestamp="2011-05-17T15:31:21Z" changeset="8172859" uid="101422" user="Yorx"/>
  <node id="1289153796" lat="18.0157432" lon="-94.5679034" version="1" timestamp="2011-05-17T15:31:21Z" changeset="8172859" uid="101422" user="Yorx"/>
  <node id="1289153826" lat="18.0044153" lon="-94.5504492" version="1" timestamp="2011-05-17T15:31:22Z" changeset="8172859" uid="101422" user="Yorx"/>
  <node id="1289153828" lat="17.9971264" lon="-94.5657163" version="1" timestamp="2011-05-17T15:31:22Z" changeset="8172859" uid="101422" user="Yorx"/>
  <node id="1289153838" lat="18.0004326" lon="-94.5474479" version="1" timestamp="2011-05-17T15:31:23Z" changeset="8172859" uid="101422" user="Yorx"/>
  <node id="1289153841" lat="18.0089483" lon="-94.5630299" version="1" timestamp="2011-05-17T15:31:23Z" changeset="8172859" uid="101422" user="Yorx"/>
  <node id="1289153843" lat="17.9989738" lon="-94.5549186" version="1" timestamp="2011-05-17T15:31:23Z" changeset="8172859" uid="101422" user="Yorx"/>
  <node id="1289153857" lat="18.0047468" lon="-94.5531080" version="1" timestamp="2011-05-17T15:31:23Z" changeset="8172859" uid="101422" user="Yorx"/>
  <node id="1289153909" lat="18.0014225" lon="-94.5532209" version="2" timestamp="2019-04-08T18:57:49Z" changeset="69019357" uid="9497207" user="Gamadarkness"/>
  <node id="1289153918" lat="18.0057173" lon="-94.5517548" version="1" timestamp="2011-05-17T15:31:25Z" changeset="8172859" uid="101422" user="Yorx"/>
  <node id="1289153922" lat="18.0021198" lon="-94.5519304" version="2" timestamp="2019-04-08T18:57:49Z" changeset="69019357" uid="9497207" user="Gamadarkness"/>
  <node id="1289153942" lat="18.0068569" lon="-94.5510824" version="2" timestamp="2021-01-06T20:57:33Z" changeset="97071233" uid="9633823" user="127logs"/>
  <node id="1289153964" lat="18.0010084" lon="-94.5564915" version="2" timestamp="2019-04-08T18:57:50Z" changeset="69019357" uid="9497207" user="Gamadarkness"/>
  <node id="1289153966" lat="17.9989469" lon="-94.5665940" version="1" timestamp="2011-05-17T15:31:26Z" changeset="8172859" uid="101422" user="Yorx"/>
  <node id="1289153978" lat="18.0096556" lon="-94.5635258" version="1" timestamp="2011-05-17T15:31:26Z" changeset="8172859" uid="101422" user="Yorx"/>
  <node id="1289153982" lat="18.0039315" lon="-94.5475813" version="1" timestamp="2011-05-17T15:31:27Z" changeset="8172859" uid="101422" user="Yorx"/>
  <node id="1289154022" lat="18.0036600" lon="-94.5531539" version="1" timestamp="2011-05-17T15:31:28Z" changeset="8172859" uid="101422" user="Yorx"/>
  <node id="1289154028" lat="17.9983316" lon="-94.5553457" version="1" timestamp="2011-05-17T15:31:28Z" changeset="8172859" uid="101422" user="Yorx"/>
  <node id="1289154042" lat="18.0038860" lon="-94.5515367" version="2" timestamp="2020-12-08T06:59:57Z" changeset="95464816" uid="10811160" user="BanjaraHills"/>
  <node id="1289154047" lat="18.0001376" lon="-94.5524967" version="1" timestamp="2011-05-17T15:31:28Z" changeset="8172859" uid="101422" user="Yorx"/>
  <node id="1289154050" lat="18.0044292" lon="-94.5555851" version="1" timestamp="2011-05-17T15:31:29Z" changeset="8172859" uid="101422" user="Yorx"/>
  <node id="1289154052" lat="18.0038314" lon="-94.5466043" version="3" timestamp="2021-01-21T15:55:39Z" changeset="97916051" uid="10140135" user="AlwaysSunnyInMapadelphia"/>
  <node id="1289154053" lat="18.0046794" lon="-94.5494745" version="1" timestamp="2011-05-17T15:31:29Z" changeset="8172859" uid="101422" user="Yorx"/>
  <node id="1289154063" lat="18.0023593" lon="-94.5588187" version="1" timestamp="2011-05-17T15:31:30Z" changeset="8172859" uid="101422" user="Yorx"/>
  <node id="1289154065" lat="18.0026370" lon="-94.5467370" version="2" timestamp="2021-01-21T15:55:39Z" changeset="97916051" uid="10140135" user="AlwaysSunnyInMapadelphia"/>
  <node id="1289154066" lat="18.0011523" lon="-94.5533965" version="2" timestamp="2019-04-08T18:57:49Z" changeset="69019357" uid="9497207" user="Gamadarkness"/>
  <node id="1289154068" lat="18.0030164" lon="-94.5594115" version="1" timestamp="2011-05-17T15:31:30Z" changeset="8172859" uid="101422" user="Yorx"/>
  <node id="1289154074" lat="18.0052500" lon="-94.5520469" version="1" timestamp="2011-05-17T15:31:30Z" changeset="8172859" uid="101422" user="Yorx"/>
  <node id="1289154082" lat="18.0001189" lon="-94.5555858" version="2" timestamp="2018-08-13T17:54:33Z" changeset="61634110" uid="7620588" user="Guillermo Larios Barrios"/>
  <node id="1289154087" lat="18.0058045" lon="-94.5503561" version="1" timestamp="2011-05-17T15:31:32Z" changeset="8172859" uid="101422" user="Yorx"/>
  <node id="1289154090" lat="18.0145690" lon="-94.5658802" version="1" timestamp="2011-05-17T15:31:32Z" changeset="8172859" uid="101422" user="Yorx"/>
  <node id="1289154091" lat="18.0055281" lon="-94.5545331" version="1" timestamp="2011-05-17T15:31:32Z" changeset="8172859" uid="101422" user="Yorx"/>
  <node id="1289154095" lat="18.0016083" lon="-94.5545823" version="1" timestamp="2011-05-17T15:31:32Z" changeset="8172859" uid="101422" user="Yorx"/>
  <node id="1289154102" lat="18.0056219" lon="-94.5499210" version="1" timestamp="2011-05-17T15:31:32Z" changeset="8172859" uid="101422" user="Yorx"/>
  <node id="1289154106" lat="18.0026616" lon="-94.5486546" version="1" timestamp="2011-05-17T15:31:33Z" changeset="8172859" uid="101422" user="Yorx"/>
  <node id="1289154109" lat="18.0063102" lon="-94.5685854" version="1" timestamp="2011-05-17T15:31:33Z" changeset="8172859" uid="101422" user="Yorx"/>
  <node id="1289154116" lat="18.0096645" lon="-94.5633958" version="1" timestamp="2011-05-17T15:31:34Z" changeset="8172859" uid="101422" user="Yorx"/>
  <node id="1289154118" lat="18.0009537" lon="-94.5513504" version="1" timestamp="2011-05-17T15:31:34Z" changeset="8172859" uid="101422" user="Yorx"/>
  <node id="1289154119" lat="17.9972159" lon="-94.5582821" version="2" timestamp="2020-12-07T06:46:58Z" changeset="95399064" uid="10811160" user="BanjaraHills"/>
  <node id="1289154120" lat="17.9967019" lon="-94.5649873" version="1" timestamp="2011-05-17T15:31:34Z" changeset="8172859" uid="101422" user="Yorx"/>
  <node id="1289154129" lat="18.0031278" lon="-94.5535244" version="1" timestamp="2011-05-17T15:31:35Z" changeset="8172859" uid="101422" user="Yorx"/>
  <node id="1289154137" lat="18.0028453" lon="-94.5485333" version="1" timestamp="2011-05-17T15:31:35Z" changeset="8172859" uid="101422" user="Yorx"/>
  <node id="1289154143" lat="18.0014087" lon="-94.5568605" version="2" timestamp="2019-04-08T18:57:50Z" changeset="69019357" uid="9497207" user="Gamadarkness"/>
  <node id="1289154144" lat="18.0015296" lon="-94.5546396" version="2" timestamp="2015-10-11T15:38:29Z" changeset="34571880" uid="395925" user="The Black Lord Rayden"/>
  <node id="1289154147" lat="18.0129126" lon="-94.5751484" version="2" timestamp="2019-06-20T16:43:18Z" changeset="71452468" uid="3265371" user="Andrew Matheny"/>
  <node id="1289154155" lat="18.0062086" lon="-94.5538816" version="1" timestamp="2011-05-17T15:31:37Z" changeset="8172859" uid="101422" user="Yorx"/>
  <node id="1289154161" lat="17.9967538" lon="-94.5652898" version="1" timestamp="2011-05-17T15:31:37Z" changeset="8172859" uid="101422" user="Yorx"/>
  <node id="1289154165" lat="18.0009754" lon="-94.5479925" version="1" timestamp="2011-05-17T15:31:37Z" changeset="8172859" uid="101422" user="Yorx"/>
  <node id="1289154169" lat="18.0052418" lon="-94.5674387" version="1" timestamp="2011-05-17T15:31:37Z" changeset="8172859" uid="101422" user="Yorx"/>
  <node id="1289154171" lat="18.0034756" lon="-94.5564698" version="3" timestamp="2023-07-27T20:17:13Z" changeset="139105870" uid="17365610" user="म्यापर"/>
  <node id="1289154175" lat="18.0061463" lon="-94.5611097" version="1" timestamp="2011-05-17T15:31:37Z" changeset="8172859" uid="101422" user="Yorx"/>
  <node id="1289154176" lat="18.0039621" lon="-94.5536498" version="1" timestamp="2011-05-17T15:31:37Z" changeset="8172859" uid="101422" user="Yorx"/>
  <node id="1289154177" lat="17.9995896" lon="-94.5603073" version="2" timestamp="2024-02-14T02:28:59Z" changeset="147432533" uid="19456985" user="Ferrocarriles de México"/>
  <node id="1289154186" lat="18.0047996" lon="-94.5678958" version="1" timestamp="2011-05-17T15:31:38Z" changeset="8172859" uid="101422" user="Yorx"/>
  <node id="1289154190" lat="18.0026568" lon="-94.5469533" version="2" timestamp="2021-01-21T15:55:39Z" changeset="97916051" uid="10140135" user="AlwaysSunnyInMapadelphia"/>
  <node id="1289154197" lat="18.0051610" lon="-94.5538636" version="1" timestamp="2011-05-17T15:31:39Z" changeset="8172859" uid="101422" user="Yorx"/>
  <node id="1289154206" lat="18.0061492" lon="-94.5455526" version="1" timestamp="2011-05-17T15:31:39Z" changeset="8172859" uid="101422" user="Yorx"/>
  <node id="1289154213" lat="17.9992676" lon="-94.5687958" version="1" timestamp="2011-05-17T15:31:40Z" changeset="8172859" uid="101422" user="Yorx"/>
  <node id="1289154214" lat="18.0017708" lon="-94.5485980" version="1" timestamp="2011-05-17T15:31:40Z" changeset="8172859" uid="101422" user="Yorx"/>
  <node id="1289154217" lat="18.0124336" lon="-94.5648430" version="1" timestamp="2011-05-17T15:31:40Z" changeset="8172859" uid="101422" user="Yorx"/>
  <node id="1289154221" lat="18.0038138" lon="-94.5468407" version="3" timestamp="2021-01-21T15:55:39Z" changeset="97916051" uid="10140135" user="AlwaysSunnyInMapadelphia"/>
  <node id="1289154222" lat="17.9999317" lon="-94.5564057" version="1" timestamp="2011-05-17T15:31:40Z" changeset="8172859" uid="101422" user="Yorx"/>
  <node id="1289154226" lat="18.0042371" lon="-94.5448555" version="3" timestamp="2020-11-30T08:57:05Z" changeset="95030075" uid="10811160" user="BanjaraHills"/>
  <node id="1289154229" lat="18.0023567" lon="-94.5547583" version="1" timestamp="2011-05-17T15:31:41Z" changeset="8172859" uid="101422" user="Yorx"/>
  <node id="1289154232" lat="18.0020479" lon="-94.5542763" version="1" timestamp="2011-05-17T15:31:41Z" changeset="8172859" uid="101422" user="Yorx"/>
  <node id="1289154247" lat="18.0065877" lon="-94.5497568" version="1" timestamp="2011-05-17T15:31:42Z" changeset="8172859" uid="101422" user="Yorx"/>
  <node id="1289154253" lat="18.0071191" lon="-94.5521524" version="1" timestamp="2011-05-17T15:31:42Z" changeset="8172859" uid="101422" user="Yorx"/>
  <node id="1289154266" lat="18.0026959" lon="-94.5515710" version="1" timestamp="2011-05-17T15:31:43Z" changeset="8172859" uid="101422" user="Yorx"/>
  <node id="1289154278" lat="18.0029973" lon="-94.5521077" version="2" timestamp="2019-04-08T18:57:49Z" changeset="69019357" uid="9497207" user="Gamadarkness"/>
  <node id="1289154280" lat="18.0014670" lon="-94.5587566" version="1" timestamp="2011-05-17T15:31:44Z" changeset="8172859" uid="101422" user="Yorx"/>
  <node id="1289154283" lat="18.0032385" lon="-94.5469246" version="3" timestamp="2021-01-21T15:55:39Z" changeset="97916051" uid="10140135" user="AlwaysSunnyInMapadelphia"/>
  <node id="1289154285" lat="18.0034363" lon="-94.5540129" version="1" timestamp="2011-05-17T15:31:44Z" changeset="8172859" uid="101422" user="Yorx"/>
  <node id="1289154288" lat="18.0002400" lon="-94.5471713" version="1" timestamp="2011-05-17T15:31:44Z" changeset="8172859" uid="101422" user="Yorx"/>
  <node id="1326556380" lat="18.0025626" lon="-94.5575960" version="2" timestamp="2019-04-08T19:09:13Z" changeset="69019678" uid="9497207" user="Gamadarkness"/>
  <node id="1326556397" lat="18.0031038" lon="-94.5592661" version="1" timestamp="2011-06-15T15:30:40Z" changeset="8448148" uid="101422" user="Yorx"/>
  <node id="1326556423" lat="18.0034908" lon="-94.5579828" version="1" timestamp="2011-06-15T15:30:40Z" changeset="8448148" uid="101422" user="Yorx"/>
  <node id="1326556475" lat="18.0040431" lon="-94.5561625" version="1" timestamp="2011-06-15T15:30:41Z" changeset="8448148" uid="101422" user="Yorx"/>
  <node id="1326556489" lat="18.0042796" lon="-94.5571221" version="1" timestamp="2011-06-15T15:30:42Z" changeset="8448148" uid="101422" user="Yorx"/>
  <node id="1326556493" lat="18.0044849" lon="-94.5568991" version="1" timestamp="2011-06-15T15:30:42Z" changeset="8448148" uid="101422" user="Yorx"/>
  <node id="1326556495" lat="18.0045333" lon="-94.5556919" version="1" timestamp="2011-06-15T15:30:42Z" changeset="8448148" uid="101422" user="Yorx"/>
  <node id="1326556504" lat="18.0049397" lon="-94.5564052" version="1" timestamp="2011-06-15T15:30:42Z" changeset="8448148" uid="101422" user="Yorx"/>
  <node id="1326556506" lat="18.0049504" lon="-94.5583444" version="1" timestamp="2011-06-15T15:30:42Z" changeset="8448148" uid="101422" user="Yorx"/>
  <node id="1326556532" lat="18.0054433" lon="-94.5592428" version="1" timestamp="2011-06-15T15:30:43Z" changeset="8448148" uid="101422" user="Yorx"/>
  <node id="1326556540" lat="18.0056751" lon="-94.5576961" version="1" timestamp="2011-06-15T15:30:43Z" changeset="8448148" uid="101422" user="Yorx"/>
  <node id="1326556546" lat="18.0059411" lon="-94.5543401" version="1" timestamp="2011-06-15T15:30:43Z" changeset="8448148" uid="101422" user="Yorx"/>
  <node id="1326556547" lat="18.0059441" lon="-94.5601553" version="1" timestamp="2011-06-15T15:30:43Z" changeset="8448148" uid="101422" user="Yorx"/>
  <node id="1326556550" lat="18.0061723" lon="-94.5585687" version="1" timestamp="2011-06-15T15:30:43Z" changeset="8448148" uid="101422" user="Yorx"/>
  <node id="1326556552" lat="18.0064744" lon="-94.5609989" version="2" timestamp="2020-12-07T06:46:58Z" changeset="95399064" uid="10811160" user="BanjaraHills"/>
  <node id="1326556555" lat="18.0066811" lon="-94.5594246" version="2" timestamp="2020-12-07T12:05:12Z" changeset="95420188" uid="10811160" user="BanjaraHills"/>
  <node id="1326556560" lat="18.0069284" lon="-94.5493167" version="1" timestamp="2011-06-15T15:30:44Z" changeset="8448148" uid="101422" user="Yorx"/>
  <node id="1326556563" lat="18.0071919" lon="-94.5603585" version="1" timestamp="2011-06-15T15:30:44Z" changeset="8448148" uid="101422" user="Yorx"/>
  <node id="1326556564" lat="18.0072012" lon="-94.5484611" version="1" timestamp="2011-06-15T15:30:44Z" changeset="8448148" uid="101422" user="Yorx"/>
  <node id="1326556567" lat="18.0072719" lon="-94.5509473" version="2" timestamp="2023-07-31T20:03:42Z" changeset="139269953" uid="17365610" user="म्यापर"/>
  <node id="1326556575" lat="18.0069783" lon="-94.5502658" version="2" timestamp="2023-07-27T20:17:13Z" changeset="139105870" uid="17365610" user="म्यापर"/>
  <node id="1326556576" lat="18.0073358" lon="-94.5616189" version="1" timestamp="2011-06-15T15:30:45Z" changeset="8448148" uid="101422" user="Yorx"/>
  <node id="1326556578" lat="18.0074949" lon="-94.5487960" version="1" timestamp="2011-06-15T15:30:45Z" changeset="8448148" uid="101422" user="Yorx"/>
  <node id="1326556585" lat="18.0075595" lon="-94.5527861" version="2" timestamp="2020-12-07T11:29:31Z" changeset="95417856" uid="10811160" user="BanjaraHills"/>
  <node id="1326556587" lat="18.0075870" lon="-94.5515715" version="2" timestamp="2023-07-31T20:03:42Z" changeset="139269953" uid="17365610" user="म्यापर"/>
  <node id="1326556594" lat="18.0077223" lon="-94.5612627" version="2" timestamp="2021-01-07T18:08:37Z" changeset="97124843" uid="9633823" user="127logs"/>
  <node id="1326556595" lat="18.0078783" lon="-94.5541064" version="2" timestamp="2021-01-06T20:22:38Z" changeset="97070097" uid="9633823" user="127logs"/>
  <node id="1326556601" lat="18.0079803" lon="-94.5493263" version="2" timestamp="2023-07-27T20:17:13Z" changeset="139105870" uid="17365610" user="म्यापर"/>
  <node id="1326556605" lat="18.0081031" lon="-94.5522643" version="1" timestamp="2011-06-15T15:30:46Z" changeset="8448148" uid="101422" user="Yorx"/>
  <node id="1326556606" lat="18.0081488" lon="-94.5551142" version="2" timestamp="2021-01-06T20:29:13Z" changeset="97070320" uid="9633823" user="127logs"/>
  <node id="1326556612" lat="18.0081885" lon="-94.5481585" version="1" timestamp="2011-06-15T15:30:47Z" changeset="8448148" uid="101422" user="Yorx"/>
  <node id="1326556621" lat="18.0084215" lon="-94.5498097" version="2" timestamp="2023-07-27T20:17:13Z" changeset="139105870" uid="17365610" user="म्यापर"/>
  <node id="1326556622" lat="18.0084355" lon="-94.5548268" version="1" timestamp="2011-06-15T15:30:47Z" changeset="8448148" uid="101422" user="Yorx"/>
  <node id="1326556625" lat="18.0085630" lon="-94.5518234" version="2" timestamp="2023-07-27T20:17:13Z" changeset="139105870" uid="17365610" user="म्यापर"/>
  <node id="1326556627" lat="18.0086509" lon="-94.5486975" version="1" timestamp="2011-06-15T15:30:48Z" changeset="8448148" uid="101422" user="Yorx"/>
  <node id="1326556629" lat="18.0086951" lon="-94.5625892" version="1" timestamp="2011-06-15T15:30:48Z" changeset="8448148" uid="101422" user="Yorx"/>
  <node id="1326556632" lat="18.0087600" lon="-94.5579324" version="1" timestamp="2011-06-15T15:30:48Z" changeset="8448148" uid="101422" user="Yorx"/>
  <node id="1326556633" lat="18.0090035" lon="-94.5586140" version="3" timestamp="2021-01-06T20:41:30Z" changeset="97070704" uid="9633823" user="127logs"/>
  <node id="1326556635" lat="18.0088427" lon="-94.5595939" version="1" timestamp="2011-06-15T15:30:48Z" changeset="8448148" uid="101422" user="Yorx"/>
  <node id="1326556636" lat="18.0088754" lon="-94.5503057" version="2" timestamp="2023-07-27T20:17:13Z" changeset="139105870" uid="17365610" user="म्यापर"/>
  <node id="1326556637" lat="18.0088504" lon="-94.5562508" version="2" timestamp="2021-01-06T20:29:13Z" changeset="97070320" uid="9633823" user="127logs"/>
  <node id="1326556638" lat="18.0088902" lon="-94.5596800" version="1" timestamp="2011-06-15T15:30:48Z" changeset="8448148" uid="101422" user="Yorx"/>
  <node id="1326556640" lat="18.0089198" lon="-94.5543646" version="2" timestamp="2020-12-07T11:29:31Z" changeset="95417856" uid="10811160" user="BanjaraHills"/>
  <node id="1326556641" lat="18.0090335" lon="-94.5576776" version="1" timestamp="2011-06-15T15:30:49Z" changeset="8448148" uid="101422" user="Yorx"/>
  <node id="1326556642" lat="18.0090699" lon="-94.5491856" version="2" timestamp="2023-07-27T20:17:13Z" changeset="139105870" uid="17365610" user="म्यापर"/>
  <node id="1326556643" lat="18.0090808" lon="-94.5599907" version="1" timestamp="2011-06-15T15:30:49Z" changeset="8448148" uid="101422" user="Yorx"/>
  <node id="1326556644" lat="18.0090445" lon="-94.5513623" version="5" timestamp="2023-07-27T20:17:13Z" changeset="139105870" uid="17365610" user="म्यापर"/>
  <node id="1326556647" lat="18.0091941" lon="-94.5601755" version="1" timestamp="2011-06-15T15:30:50Z" changeset="8448148" uid="101422" user="Yorx"/>
  <node id="1326556648" lat="18.0092387" lon="-94.5599105" version="3" timestamp="2020-12-07T11:08:44Z" changeset="95416378" uid="10811160" user="BanjaraHills"/>
  <node id="1326556652" lat="18.0092899" lon="-94.5499009" version="1" timestamp="2011-06-15T15:30:50Z" changeset="8448148" uid="101422" user="Yorx"/>
  <node id="1326556653" lat="18.0093035" lon="-94.5558064" version="2" timestamp="2021-01-06T20:29:13Z" changeset="97070320" uid="9633823" user="127logs"/>
  <node id="1326556654" lat="18.0093542" lon="-94.5508294" version="3" timestamp="2023-07-27T20:17:13Z" changeset="139105870" uid="17365610" user="म्यापर"/>
  <node id="1326556657" lat="18.0093181" lon="-94.5608130" version="2" timestamp="2020-12-03T05:18:53Z" changeset="95194351" uid="10210102" user="Juneautown"/>
  <node id="1326556659" lat="18.0094174" lon="-94.5590623" version="1" timestamp="2011-06-15T15:30:50Z" changeset="8448148" uid="101422" user="Yorx"/>
  <node id="1326556660" lat="18.0094700" lon="-94.5538399" version="1" timestamp="2011-06-15T15:30:50Z" changeset="8448148" uid="101422" user="Yorx"/>
  <node id="1326556662" lat="18.0095741" lon="-94.5508550" version="2" timestamp="2023-07-27T20:17:13Z" changeset="139105870" uid="17365610" user="म्यापर"/>
  <node id="1326556663" lat="18.0095885" lon="-94.5571604" version="1" timestamp="2011-06-15T15:30:50Z" changeset="8448148" uid="101422" user="Yorx"/>
  <node id="1326556665" lat="18.0097052" lon="-94.5485741" version="2" timestamp="2023-07-27T20:17:13Z" changeset="139105870" uid="17365610" user="म्यापर"/>
  <node id="1326556666" lat="18.0097320" lon="-94.5604692" version="5" timestamp="2020-12-07T11:08:44Z" changeset="95416378" uid="10811160" user="BanjaraHills"/>
  <node id="1326556667" lat="18.0097959" lon="-94.5553709" version="2" timestamp="2020-12-07T11:29:31Z" changeset="95417856" uid="10811160" user="BanjaraHills"/>
  <node id="1326556668" lat="18.0098834" lon="-94.5586312" version="1" timestamp="2011-06-15T15:30:52Z" changeset="8448148" uid="101422" user="Yorx"/>
  <node id="1326556669" lat="18.0099443" lon="-94.5505004" version="3" timestamp="2023-07-27T20:17:13Z" changeset="139105870" uid="17365610" user="म्यापर"/>
  <node id="1326556670" lat="18.0099345" lon="-94.5533968" version="1" timestamp="2011-06-15T15:30:52Z" changeset="8448148" uid="101422" user="Yorx"/>
  <node id="1326556671" lat="18.0099455" lon="-94.5633701" version="2" timestamp="2020-12-07T11:08:44Z" changeset="95416378" uid="10811160" user="BanjaraHills"/>
  <node id="1326556675" lat="18.0100540" lon="-94.5463574" version="3" timestamp="2023-07-27T20:17:13Z" changeset="139105870" uid="17365610" user="म्यापर"/>
  <node id="1326556676" lat="18.0100818" lon="-94.5567008" version="1" timestamp="2011-06-15T15:30:52Z" changeset="8448148" uid="101422" user="Yorx"/>
  <node id="1326556681" lat="18.0101640" lon="-94.5502899" version="3" timestamp="2023-07-27T20:17:13Z" changeset="139105870" uid="17365610" user="म्यापर"/>
  <node id="1326556684" lat="18.0103451" lon="-94.5548486" version="1" timestamp="2011-06-15T15:30:52Z" changeset="8448148" uid="101422" user="Yorx"/>
  <node id="1326556686" lat="18.0104559" lon="-94.5581537" version="3" timestamp="2020-12-07T12:05:12Z" changeset="95420188" uid="10811160" user="BanjaraHills"/>
  <node id="1326556688" lat="18.0104122" lon="-94.5529342" version="3" timestamp="2020-12-08T09:54:40Z" changeset="95476359" uid="10811160" user="BanjaraHills"/>
  <node id="1326556701" lat="18.0105507" lon="-94.5562639" version="2" timestamp="2020-12-07T11:29:31Z" changeset="95417856" uid="10811160" user="BanjaraHills"/>
  <node id="1326556704" lat="18.0105221" lon="-94.5499469" version="4" timestamp="2023-07-27T20:17:13Z" changeset="139105870" uid="17365610" user="म्यापर"/>
  <node id="1326556709" lat="18.0106480" lon="-94.5495977" version="2" timestamp="2023-07-27T20:17:13Z" changeset="139105870" uid="17365610" user="म्यापर"/>
  <node id="1326556717" lat="18.0108125" lon="-94.5544043" version="1" timestamp="2011-06-15T15:30:54Z" changeset="8448148" uid="101422" user="Yorx"/>
  <node id="1326556725" lat="18.0109498" lon="-94.5576887" version="2" timestamp="2020-12-07T12:05:12Z" changeset="95420188" uid="10811160" user="BanjaraHills"/>
  <node id="1326556727" lat="18.0109475" lon="-94.5524304" version="1" timestamp="2011-06-15T15:30:55Z" changeset="8448148" uid="101422" user="Yorx"/>
  <node id="1326556731" lat="18.0109286" lon="-94.5495576" version="5" timestamp="2023-07-27T20:17:13Z" changeset="139105870" uid="17365610" user="म्यापर"/>
  <node id="1326556734" lat="18.0110017" lon="-94.5619181" version="1" timestamp="2011-06-15T15:30:55Z" changeset="8448148" uid="101422" user="Yorx"/>
  <node id="1326556740" lat="18.0110888" lon="-94.5588923" version="2" timestamp="2020-12-07T11:29:31Z" changeset="95417856" uid="10811160" user="BanjaraHills"/>
  <node id="1326556742" lat="18.0111160" lon="-94.5557372" version="1" timestamp="2011-06-15T15:30:55Z" changeset="8448148" uid="101422" user="Yorx"/>
  <node id="1326556744" lat="18.0112584" lon="-94.5590700" version="4" timestamp="2020-12-07T11:29:31Z" changeset="95417856" uid="10811160" user="BanjaraHills"/>
  <node id="1326556746" lat="18.0112826" lon="-94.5539571" version="2" timestamp="2020-12-08T09:54:40Z" changeset="95476359" uid="10811160" user="BanjaraHills"/>
  <node id="1326556748" lat="18.0112425" lon="-94.5492568" version="3" timestamp="2023-07-27T20:17:13Z" changeset="139105870" uid="17365610" user="म्यापर"/>
  <node id="1326556771" lat="18.0114521" lon="-94.5519530" version="2" timestamp="2021-01-05T20:40:58Z" changeset="97004394" uid="9633823" user="127logs"/>
  <node id="1326556773" lat="18.0114226" lon="-94.5572545" version="3" timestamp="2020-12-07T12:05:12Z" changeset="95420188" uid="10811160" user="BanjaraHills"/>
  <node id="1326556779" lat="18.0115897" lon="-94.5552959" version="1" timestamp="2011-06-15T15:30:56Z" changeset="8448148" uid="101422" user="Yorx"/>
  <node id="1326556789" lat="18.0116203" lon="-94.5488948" version="4" timestamp="2023-07-27T20:17:13Z" changeset="139105870" uid="17365610" user="म्यापर"/>
  <node id="1326556792" lat="18.0117506" lon="-94.5585971" version="3" timestamp="2020-12-07T11:08:44Z" changeset="95416378" uid="10811160" user="BanjaraHills"/>
  <node id="1326556793" lat="18.0118096" lon="-94.5628349" version="1" timestamp="2011-06-15T15:30:57Z" changeset="8448148" uid="101422" user="Yorx"/>
  <node id="1326556803" lat="18.0118273" lon="-94.5534396" version="1" timestamp="2011-06-15T15:30:57Z" changeset="8448148" uid="101422" user="Yorx"/>
  <node id="1326556805" lat="18.0119764" lon="-94.5567288" version="2" timestamp="2020-12-07T12:05:12Z" changeset="95420188" uid="10811160" user="BanjaraHills"/>
  <node id="1326556813" lat="18.0120587" lon="-94.5548583" version="2" timestamp="2020-12-08T09:54:40Z" changeset="95476359" uid="10811160" user="BanjaraHills"/>
  <node id="1326556840" lat="18.0121087" lon="-94.5484268" version="2" timestamp="2019-03-05T17:18:08Z" changeset="67813969" uid="9497207" user="Gamadarkness"/>
  <node id="1326556844" lat="18.0122080" lon="-94.5581731" version="4" timestamp="2020-12-07T11:29:31Z" changeset="95417856" uid="10811160" user="BanjaraHills"/>
  <node id="1326556846" lat="18.0122560" lon="-94.5601731" version="1" timestamp="2011-06-15T15:30:59Z" changeset="8448148" uid="101422" user="Yorx"/>
  <node id="1326556848" lat="18.0122955" lon="-94.5529946" version="2" timestamp="2020-12-08T09:54:40Z" changeset="95476359" uid="10811160" user="BanjaraHills"/>
  <node id="1326556857" lat="18.0124515" lon="-94.5562852" version="2" timestamp="2020-12-07T12:05:12Z" changeset="95420188" uid="10811160" user="BanjaraHills"/>
  <node id="1326556863" lat="18.0126138" lon="-94.5543417" version="1" timestamp="2011-06-15T15:30:59Z" changeset="8448148" uid="101422" user="Yorx"/>
  <node id="1326556865" lat="18.0126502" lon="-94.5596247" version="1" timestamp="2011-06-15T15:30:59Z" changeset="8448148" uid="101422" user="Yorx"/>
  <node id="1326556867" lat="18.0126669" lon="-94.5638077" version="1" timestamp="2011-06-15T15:30:59Z" changeset="8448148" uid="101422" user="Yorx"/>
  <node id="1326556872" lat="18.0126700" lon="-94.5525957" version="2" timestamp="2020-12-07T11:29:31Z" changeset="95417856" uid="10811160" user="BanjaraHills"/>
  <node id="1326556875" lat="18.0127745" lon="-94.5576461" version="3" timestamp="2020-12-07T11:08:44Z" changeset="95416378" uid="10811160" user="BanjaraHills"/>
  <node id="1326556900" lat="18.0129177" lon="-94.5558259" version="2" timestamp="2020-12-08T09:54:40Z" changeset="95476359" uid="10811160" user="BanjaraHills"/>
  <node id="1326556902" lat="18.0130256" lon="-94.5591025" version="2" timestamp="2020-12-07T11:29:31Z" changeset="95417856" uid="10811160" user="BanjaraHills"/>
  <node id="1326556912" lat="18.0130937" lon="-94.5538960" version="2" timestamp="2020-12-08T09:54:40Z" changeset="95476359" uid="10811160" user="BanjaraHills"/>
  <node id="1326556917" lat="18.0132506" lon="-94.5571985" version="3" timestamp="2020-12-07T11:08:44Z" changeset="95416378" uid="10811160" user="BanjaraHills"/>
  <node id="1326556927" lat="18.0134832" lon="-94.5584659" version="1" timestamp="2011-06-15T15:31:01Z" changeset="8448148" uid="101422" user="Yorx"/>
  <node id="1326556931" lat="18.0136095" lon="-94.5607168" version="1" timestamp="2011-06-15T15:31:01Z" changeset="8448148" uid="101422" user="Yorx"/>
  <node id="1326556939" lat="18.0137262" lon="-94.5598618" version="3" timestamp="2021-01-05T19:32:19Z" changeset="97001860" uid="9633823" user="127logs"/>
  <node id="1326556941" lat="18.0137110" lon="-94.5567553" version="3" timestamp="2020-12-07T11:08:44Z" changeset="95416378" uid="10811160" user="BanjaraHills"/>
  <node id="1326556968" lat="18.0138297" lon="-94.5531292" version="2" timestamp="2020-12-08T10:36:41Z" changeset="95479400" uid="10811160" user="BanjaraHills"/>
  <node id="1326556970" lat="18.0138761" lon="-94.5579193" version="1" timestamp="2011-06-15T15:31:03Z" changeset="8448148" uid="101422" user="Yorx"/>
  <node id="1326557009" lat="18.0143102" lon="-94.5594191" version="1" timestamp="2011-06-15T15:31:04Z" changeset="8448148" uid="101422" user="Yorx"/>
  <node id="1326557103" lat="18.0156063" lon="-94.5598139" version="2" timestamp="2020-11-30T09:34:48Z" changeset="95033027" uid="10210102" user="Juneautown"/>
  <node id="3781235056" lat="18.0121100" lon="-94.5482127" version="2" timestamp="2019-03-05T17:18:08Z" changeset="67813969" uid="9497207" user="Gamadarkness"/>
  <node id="3781236070" lat="18.0094782" lon="-94.5487926" version="3" timestamp="2023-07-27T20:17:13Z" changeset="139105870" uid="17365610" user="म्यापर"/>
  <node id="3781236071" lat="18.0085908" lon="-94.5477703" version="2" timestamp="2020-12-08T10:36:41Z" changeset="95479400" uid="10811160" user="BanjaraHills"/>
  <node id="3781236083" lat="18.0082128" lon="-94.5473127" version="2" timestamp="2020-12-08T10:36:41Z" changeset="95479400" uid="10811160" user="BanjaraHills"/>
  <node id="3782161871" lat="18.0066792" lon="-94.5496373" version="2" timestamp="2021-01-06T20:57:33Z" changeset="97071233" uid="9633823" user="127logs"/>
  <node id="3782161872" lat="18.0067472" lon="-94.5495208" version="1" timestamp="2015-10-11T15:38:27Z" changeset="34571880" uid="395925" user="The Black Lord Rayden"/>
  <node id="3782161873" lat="18.0068198" lon="-94.5494025" version="1" timestamp="2015-10-11T15:38:27Z" changeset="34571880" uid="395925" user="The Black Lord Rayden"/>
  <node id="3782161874" lat="18.0049368" lon="-94.5482953" version="1" timestamp="2015-10-11T15:38:27Z" changeset="34571880" uid="395925" user="The Black Lord Rayden"/>
  <node id="3782161876" lat="18.0052472" lon="-94.5490319" version="1" timestamp="2015-10-11T15:38:27Z" changeset="34571880" uid="395925" user="The Black Lord Rayden"/>
  <node id="3782161877" lat="18.0055167" lon="-94.5488069" version="2" timestamp="2020-12-08T07:28:59Z" changeset="95467152" uid="10811160" user="BanjaraHills"/>
  <node id="3782161878" lat="18.0059163" lon="-94.5494579" version="2" timestamp="2021-01-06T20:57:33Z" changeset="97071233" uid="9633823" user="127logs"/>
  <node id="3782161879" lat="18.0056457" lon="-94.5490435" version="2" timestamp="2020-12-08T07:28:59Z" changeset="95467152" uid="10811160" user="BanjaraHills"/>
  <node id="3782161880" lat="18.0053234" lon="-94.5483975" version="1" timestamp="2015-10-11T15:38:27Z" changeset="34571880" uid="395925" user="The Black Lord Rayden"/>
  <node id="3782161881" lat="18.0054984" lon="-94.5478887" version="1" timestamp="2015-10-11T15:38:27Z" changeset="34571880" uid="395925" user="The Black Lord Rayden"/>
  <node id="3782161882" lat="18.0056129" lon="-94.5482181" version="1" timestamp="2015-10-11T15:38:27Z" changeset="34571880" uid="395925" user="The Black Lord Rayden"/>
  <node id="3782161883" lat="18.0057554" lon="-94.5485383" version="1" timestamp="2015-10-11T15:38:27Z" changeset="34571880" uid="395925" user="The Black Lord Rayden"/>
  <node id="3782161884" lat="18.0058892" lon="-94.5488306" version="2" timestamp="2020-12-08T07:28:59Z" changeset="95467152" uid="10811160" user="BanjaraHills"/>
  <node id="3782161885" lat="18.0061723" lon="-94.5475049" version="1" timestamp="2015-10-11T15:38:27Z" changeset="34571880" uid="395925" user="The Black Lord Rayden"/>
  <node id="3782161886" lat="18.0061861" lon="-94.5478018" version="2" timestamp="2020-12-08T07:28:59Z" changeset="95467152" uid="10811160" user="BanjaraHills"/>
  <node id="3782161887" lat="18.0061961" lon="-94.5482294" version="1" timestamp="2015-10-11T15:38:28Z" changeset="34571880" uid="395925" user="The Black Lord Rayden"/>
  <node id="3782161888" lat="18.0054805" lon="-94.5487294" version="1" timestamp="2015-10-11T15:38:28Z" changeset="34571880" uid="395925" user="The Black Lord Rayden"/>
  <node id="3782161889" lat="18.0064319" lon="-94.5490422" version="1" timestamp="2015-10-11T15:38:28Z" changeset="34571880" uid="395925" user="The Black Lord Rayden"/>
  <node id="3782161890" lat="18.0057858" lon="-94.5492714" version="2" timestamp="2020-12-08T07:28:59Z" changeset="95467152" uid="10811160" user="BanjaraHills"/>
  <node id="3782161891" lat="18.0062943" lon="-94.5487536" version="2" timestamp="2020-12-08T07:28:59Z" changeset="95467152" uid="10811160" user="BanjaraHills"/>
  <node id="3782161892" lat="18.0062440" lon="-94.5485448" version="1" timestamp="2015-10-11T15:38:28Z" changeset="34571880" uid="395925" user="The Black Lord Rayden"/>
  <node id="3782161893" lat="18.0018278" lon="-94.5551235" version="1" timestamp="2015-10-11T15:38:28Z" changeset="34571880" uid="395925" user="The Black Lord Rayden"/>
  <node id="3782161894" lat="18.0025256" lon="-94.5561338" version="1" timestamp="2015-10-11T15:38:28Z" changeset="34571880" uid="395925" user="The Black Lord Rayden"/>
  <node id="3782161895" lat="18.0030013" lon="-94.5569226" version="3" timestamp="2023-07-27T20:17:13Z" changeset="139105870" uid="17365610" user="म्यापर"/>
  <node id="3962824640" lat="18.0045123" lon="-94.5558142" version="1" timestamp="2016-01-24T04:00:07Z" changeset="36769457" uid="733941" user="mikertw">
    <tag k="amenity" v="restaurant"/>
    <tag k="name" v="Taqueria"/>
  </node>
  <node id="3962824644" lat="18.0063230" lon="-94.5543758" version="1" timestamp="2016-01-24T04:00:07Z" changeset="36769457" uid="733941" user="mikertw">
    <tag k="name" v="Posada Jardin"/>
    <tag k="tourism" v="hotel"/>
  </node>
  <node id="3962824650" lat="18.0043607" lon="-94.5553377" version="3" timestamp="2022-12-30T23:48:01Z" changeset="130706045" uid="18134887" user="Moisés Torres">
    <tag k="brand" v="Oxxo"/>
    <tag k="brand:wikidata" v="Q1342538"/>
    <tag k="name" v="Oxxo"/>
    <tag k="shop" v="convenience"/>
  </node>
  <node id="4050466039" lat="17.9899165" lon="-94.5870167" version="2" timestamp="2017-07-21T21:57:02Z" changeset="50470446" uid="481447" user="BTH"/>
  <node id="4050466278" lat="17.9886292" lon="-94.5815057" version="2" timestamp="2017-07-21T21:57:02Z" changeset="50470446" uid="481447" user="BTH"/>
  <node id="4050466284" lat="17.9886753" lon="-94.5820456" version="2" timestamp="2017-07-21T21:57:01Z" changeset="50470446" uid="481447" user="BTH"/>
  <node id="4050466286" lat="17.9887164" lon="-94.5825991" version="3" timestamp="2017-07-21T21:57:01Z" changeset="50470446" uid="481447" user="BTH"/>
  <node id="4050466296" lat="17.9887896" lon="-94.5829696" version="2" timestamp="2017-07-21T21:57:02Z" changeset="50470446" uid="481447" user="BTH"/>
  <node id="4050466323" lat="17.9889191" lon="-94.5841127" version="2" timestamp="2017-07-21T21:57:02Z" changeset="50470446" uid="481447" user="BTH"/>
  <node id="4050466333" lat="17.9890429" lon="-94.5849319" version="1" timestamp="2016-03-09T13:38:25Z" changeset="37708246" uid="3295563" user="mexico_boundaries_import"/>
  <node id="4050466347" lat="17.9891499" lon="-94.5857821" version="2" timestamp="2017-07-21T21:57:02Z" changeset="50470446" uid="481447" user="BTH"/>
  <node id="4050466357" lat="17.9891864" lon="-94.5860466" version="2" timestamp="2017-07-21T21:57:02Z" changeset="50470446" uid="481447" user="BTH"/>
  <node id="4050466367" lat="17.9892414" lon="-94.5864573" version="2" timestamp="2017-07-21T21:57:02Z" changeset="50470446" uid="481447" user="BTH"/>
  <node id="4050466374" lat="17.9893005" lon="-94.5870708" version="2" timestamp="2017-07-21T21:57:02Z" changeset="50470446" uid="481447" user="BTH"/>
  <node id="4050466540" lat="17.9900195" lon="-94.5870111" version="2" timestamp="2017-07-21T21:57:02Z" changeset="50470446" uid="481447" user="BTH"/>
  <node id="4050466756" lat="17.9920560" lon="-94.5867769" version="1" timestamp="2016-03-09T13:38:34Z" changeset="37708246" uid="3295563" user="mexico_boundaries_import"/>
  <node id="4050466826" lat="17.9927557" lon="-94.5866647" version="2" timestamp="2017-07-21T21:57:02Z" changeset="50470446" uid="481447" user="BTH"/>
  <node id="4050467008" lat="17.9933663" lon="-94.5866077" version="2" timestamp="2017-07-21T21:57:02Z" changeset="50470446" uid="481447" user="BTH"/>
  <node id="4050467068" lat="17.9939006" lon="-94.5865505" version="2" timestamp="2017-07-21T21:57:02Z" changeset="50470446" uid="481447" user="BTH"/>
  <node id="4050467182" lat="18.0018381" lon="-94.5582019" version="1" timestamp="2016-03-09T13:38:57Z" changeset="37708246" uid="3295563" user="mexico_boundaries_import"/>
  <node id="4050467187" lat="18.0018727" lon="-94.5581687" version="1" timestamp="2016-03-09T13:38:57Z" changeset="37708246" uid="3295563" user="mexico_boundaries_import"/>
  <node id="4050467409" lat="17.9949374" lon="-94.5864739" version="2" timestamp="2017-07-21T21:57:02Z" changeset="50470446" uid="481447" user="BTH"/>
  <node id="4050467535" lat="17.9958613" lon="-94.5863669" version="2" timestamp="2017-07-21T21:57:02Z" changeset="50470446" uid="481447" user="BTH"/>
  <node id="4050467577" lat="17.9961945" lon="-94.5863323" version="2" timestamp="2017-07-21T21:57:02Z" changeset="50470446" uid="481447" user="BTH"/>
  <node id="4050467673" lat="17.9967499" lon="-94.5861418" version="2" timestamp="2017-07-21T21:57:02Z" changeset="50470446" uid="481447" user="BTH"/>
  <node id="4050467682" lat="17.9968233" lon="-94.5862669" version="2" timestamp="2017-07-21T21:57:02Z" changeset="50470446" uid="481447" user="BTH"/>
  <node id="4050467706" lat="17.9969000" lon="-94.5861276" version="1" timestamp="2016-03-09T13:38:47Z" changeset="37708246" uid="3295563" user="mexico_boundaries_import"/>
  <node id="4050467736" lat="17.9970941" lon="-94.5861030" version="1" timestamp="2016-03-09T13:38:48Z" changeset="37708246" uid="3295563" user="mexico_boundaries_import"/>
  <node id="4050467767" lat="17.9973584" lon="-94.5860733" version="1" timestamp="2016-03-09T13:38:49Z" changeset="37708246" uid="3295563" user="mexico_boundaries_import"/>
  <node id="4050467859" lat="17.9979974" lon="-94.5860014" version="1" timestamp="2016-03-09T13:38:50Z" changeset="37708246" uid="3295563" user="mexico_boundaries_import"/>
  <node id="4050467949" lat="17.9986603" lon="-94.5859267" version="1" timestamp="2016-03-09T13:38:52Z" changeset="37708246" uid="3295563" user="mexico_boundaries_import"/>
  <node id="4050468138" lat="17.9993233" lon="-94.5858521" version="1" timestamp="2016-03-09T13:38:53Z" changeset="37708246" uid="3295563" user="mexico_boundaries_import"/>
  <node id="4050468226" lat="17.9999902" lon="-94.5857771" version="1" timestamp="2016-03-09T13:38:55Z" changeset="37708246" uid="3295563" user="mexico_boundaries_import"/>
  <node id="4050468285" lat="18.0005938" lon="-94.5857091" version="1" timestamp="2016-03-09T13:38:56Z" changeset="37708246" uid="3295563" user="mexico_boundaries_import"/>
  <node id="4050468329" lat="18.0012188" lon="-94.5856388" version="1" timestamp="2016-03-09T13:38:56Z" changeset="37708246" uid="3295563" user="mexico_boundaries_import"/>
  <node id="4050468390" lat="18.0018935" lon="-94.5855629" version="1" timestamp="2016-03-09T13:38:57Z" changeset="37708246" uid="3295563" user="mexico_boundaries_import"/>
  <node id="4050468399" lat="18.0019367" lon="-94.5581072" version="1" timestamp="2016-03-09T13:38:58Z" changeset="37708246" uid="3295563" user="mexico_boundaries_import"/>
  <node id="4050468402" lat="18.0019950" lon="-94.5583847" version="1" timestamp="2016-03-09T13:38:58Z" changeset="37708246" uid="3295563" user="mexico_boundaries_import"/>
  <node id="4050468408" lat="18.0021577" lon="-94.5578952" version="1" timestamp="2016-03-09T13:38:58Z" changeset="37708246" uid="3295563" user="mexico_boundaries_import"/>
  <node id="4050468413" lat="18.0021911" lon="-94.5586631" version="1" timestamp="2016-03-09T13:38:58Z" changeset="37708246" uid="3295563" user="mexico_boundaries_import"/>
  <node id="4050468423" lat="18.0022679" lon="-94.5588019" version="1" timestamp="2016-03-09T13:38:58Z" changeset="37708246" uid="3295563" user="mexico_boundaries_import"/>
  <node id="4050468429" lat="18.0024347" lon="-94.5854637" version="1" timestamp="2016-03-09T13:38:58Z" changeset="37708246" uid="3295563" user="mexico_boundaries_import"/>
  <node id="4050468432" lat="18.0024499" lon="-94.5591524" version="1" timestamp="2016-03-09T13:38:58Z" changeset="37708246" uid="3295563" user="mexico_boundaries_import"/>
  <node id="4050468439" lat="18.0025316" lon="-94.5593616" version="1" timestamp="2016-03-09T13:38:58Z" changeset="37708246" uid="3295563" user="mexico_boundaries_import"/>
  <node id="4050468448" lat="18.0026161" lon="-94.5574555" version="1" timestamp="2016-03-09T13:38:59Z" changeset="37708246" uid="3295563" user="mexico_boundaries_import"/>
  <node id="4050468451" lat="18.0026585" lon="-94.5597630" version="1" timestamp="2016-03-09T13:38:59Z" changeset="37708246" uid="3295563" user="mexico_boundaries_import"/>
  <node id="4050468462" lat="18.0027593" lon="-94.5602470" version="1" timestamp="2016-03-09T13:38:59Z" changeset="37708246" uid="3295563" user="mexico_boundaries_import"/>
  <node id="4050468468" lat="18.0028341" lon="-94.5606316" version="1" timestamp="2016-03-09T13:38:59Z" changeset="37708246" uid="3295563" user="mexico_boundaries_import"/>
  <node id="4050468473" lat="18.0028720" lon="-94.5609419" version="1" timestamp="2016-03-09T13:38:59Z" changeset="37708246" uid="3295563" user="mexico_boundaries_import"/>
  <node id="4050468482" lat="18.0029469" lon="-94.5615277" version="1" timestamp="2016-03-09T13:38:59Z" changeset="37708246" uid="3295563" user="mexico_boundaries_import"/>
  <node id="4050468494" lat="18.0030313" lon="-94.5624201" version="1" timestamp="2016-03-09T13:38:59Z" changeset="37708246" uid="3295563" user="mexico_boundaries_import"/>
  <node id="4050468497" lat="18.0030718" lon="-94.5569744" version="1" timestamp="2016-03-09T13:38:59Z" changeset="37708246" uid="3295563" user="mexico_boundaries_import"/>
  <node id="4050468500" lat="18.0030933" lon="-94.5629791" version="1" timestamp="2016-03-09T13:39:00Z" changeset="37708246" uid="3295563" user="mexico_boundaries_import"/>
  <node id="4050468503" lat="18.0031262" lon="-94.5853580" version="1" timestamp="2016-03-09T13:39:00Z" changeset="37708246" uid="3295563" user="mexico_boundaries_import"/>
  <node id="4050468514" lat="18.0032042" lon="-94.5637754" version="1" timestamp="2016-03-09T13:39:00Z" changeset="37708246" uid="3295563" user="mexico_boundaries_import"/>
  <node id="4050468526" lat="18.0032997" lon="-94.5644330" version="1" timestamp="2016-03-09T13:39:00Z" changeset="37708246" uid="3295563" user="mexico_boundaries_import"/>
  <node id="4050468537" lat="18.0034321" lon="-94.5650640" version="1" timestamp="2016-03-09T13:39:00Z" changeset="37708246" uid="3295563" user="mexico_boundaries_import"/>
  <node id="4050468547" lat="18.0035223" lon="-94.5565408" version="1" timestamp="2016-03-09T13:39:00Z" changeset="37708246" uid="3295563" user="mexico_boundaries_import"/>
  <node id="4050468556" lat="18.0036110" lon="-94.5656672" version="1" timestamp="2016-03-09T13:39:00Z" changeset="37708246" uid="3295563" user="mexico_boundaries_import"/>
  <node id="4050468561" lat="18.0037764" lon="-94.5852585" version="1" timestamp="2016-03-09T13:39:01Z" changeset="37708246" uid="3295563" user="mexico_boundaries_import"/>
  <node id="4050468566" lat="18.0038047" lon="-94.5660777" version="1" timestamp="2016-03-09T13:39:01Z" changeset="37708246" uid="3295563" user="mexico_boundaries_import"/>
  <node id="4050468572" lat="18.0038401" lon="-94.5852488" version="1" timestamp="2016-03-09T13:39:01Z" changeset="37708246" uid="3295563" user="mexico_boundaries_import"/>
  <node id="4050468582" lat="18.0039902" lon="-94.5561001" version="1" timestamp="2016-03-09T13:39:01Z" changeset="37708246" uid="3295563" user="mexico_boundaries_import"/>
  <node id="4050468583" lat="18.0039926" lon="-94.5664060" version="1" timestamp="2016-03-09T13:39:01Z" changeset="37708246" uid="3295563" user="mexico_boundaries_import"/>
  <node id="4050468625" lat="18.0044193" lon="-94.5670395" version="1" timestamp="2016-03-09T13:39:02Z" changeset="37708246" uid="3295563" user="mexico_boundaries_import"/>
  <node id="4050468628" lat="18.0044399" lon="-94.5851584" version="1" timestamp="2016-03-09T13:39:02Z" changeset="37708246" uid="3295563" user="mexico_boundaries_import"/>
  <node id="4050468635" lat="18.0044810" lon="-94.5556362" version="1" timestamp="2016-03-09T13:39:02Z" changeset="37708246" uid="3295563" user="mexico_boundaries_import"/>
  <node id="4050468673" lat="18.0047717" lon="-94.5674661" version="1" timestamp="2016-03-09T13:39:03Z" changeset="37708246" uid="3295563" user="mexico_boundaries_import"/>
  <node id="4050468674" lat="18.0047804" lon="-94.5674766" version="1" timestamp="2016-03-09T13:39:03Z" changeset="37708246" uid="3295563" user="mexico_boundaries_import"/>
  <node id="4050468690" lat="18.0049032" lon="-94.5551067" version="1" timestamp="2016-03-09T13:39:03Z" changeset="37708246" uid="3295563" user="mexico_boundaries_import"/>
  <node id="4050468722" lat="18.0050894" lon="-94.5850606" version="1" timestamp="2016-03-09T13:39:03Z" changeset="37708246" uid="3295563" user="mexico_boundaries_import"/>
  <node id="4050468738" lat="18.0052021" lon="-94.5680167" version="1" timestamp="2016-03-09T13:39:04Z" changeset="37708246" uid="3295563" user="mexico_boundaries_import"/>
  <node id="4050468792" lat="18.0055581" lon="-94.5544762" version="1" timestamp="2016-03-09T13:39:05Z" changeset="37708246" uid="3295563" user="mexico_boundaries_import"/>
  <node id="4050468805" lat="18.0056615" lon="-94.5685818" version="1" timestamp="2016-03-09T13:39:05Z" changeset="37708246" uid="3295563" user="mexico_boundaries_import"/>
  <node id="4050468814" lat="18.0057404" lon="-94.5849625" version="1" timestamp="2016-03-09T13:39:05Z" changeset="37708246" uid="3295563" user="mexico_boundaries_import"/>
  <node id="4050468826" lat="18.0058785" lon="-94.5541736" version="1" timestamp="2016-03-09T13:39:05Z" changeset="37708246" uid="3295563" user="mexico_boundaries_import"/>
  <node id="4050468835" lat="18.0059710" lon="-94.5689570" version="1" timestamp="2016-03-09T13:39:05Z" changeset="37708246" uid="3295563" user="mexico_boundaries_import"/>
  <node id="4050468846" lat="18.0060656" lon="-94.5459391" version="1" timestamp="2016-03-09T13:39:05Z" changeset="37708246" uid="3295563" user="mexico_boundaries_import"/>
  <node id="4050468863" lat="18.0061335" lon="-94.5464040" version="1" timestamp="2016-03-09T13:39:06Z" changeset="37708246" uid="3295563" user="mexico_boundaries_import"/>
  <node id="4050468865" lat="18.0061386" lon="-94.5461969" version="1" timestamp="2016-03-09T13:39:06Z" changeset="37708246" uid="3295563" user="mexico_boundaries_import"/>
  <node id="4050468867" lat="18.0061421" lon="-94.5465204" version="1" timestamp="2016-03-09T13:39:06Z" changeset="37708246" uid="3295563" user="mexico_boundaries_import"/>
  <node id="4050468869" lat="18.0061544" lon="-94.5458262" version="1" timestamp="2016-03-09T13:39:06Z" changeset="37708246" uid="3295563" user="mexico_boundaries_import"/>
  <node id="4050468870" lat="18.0061552" lon="-94.5463444" version="1" timestamp="2016-03-09T13:39:06Z" changeset="37708246" uid="3295563" user="mexico_boundaries_import"/>
  <node id="4050468872" lat="18.0061607" lon="-94.5465867" version="1" timestamp="2016-03-09T13:39:06Z" changeset="37708246" uid="3295563" user="mexico_boundaries_import"/>
  <node id="4050468873" lat="18.0061823" lon="-94.5467155" version="1" timestamp="2016-03-09T13:39:06Z" changeset="37708246" uid="3295563" user="mexico_boundaries_import"/>
  <node id="4050468875" lat="18.0061889" lon="-94.5468348" version="1" timestamp="2016-03-09T13:39:06Z" changeset="37708246" uid="3295563" user="mexico_boundaries_import"/>
  <node id="4050468877" lat="18.0062088" lon="-94.5473690" version="1" timestamp="2016-03-09T13:39:06Z" changeset="37708246" uid="3295563" user="mexico_boundaries_import"/>
  <node id="4050468879" lat="18.0062139" lon="-94.5470278" version="1" timestamp="2016-03-09T13:39:06Z" changeset="37708246" uid="3295563" user="mexico_boundaries_import"/>
  <node id="4050468881" lat="18.0062174" lon="-94.5471205" version="1" timestamp="2016-03-09T13:39:06Z" changeset="37708246" uid="3295563" user="mexico_boundaries_import"/>
  <node id="4050468882" lat="18.0062190" lon="-94.5538521" version="1" timestamp="2016-03-09T13:39:06Z" changeset="37708246" uid="3295563" user="mexico_boundaries_import"/>
  <node id="4050468883" lat="18.0062202" lon="-94.5471956" version="1" timestamp="2016-03-09T13:39:06Z" changeset="37708246" uid="3295563" user="mexico_boundaries_import"/>
  <node id="4050468885" lat="18.0062326" lon="-94.5474737" version="1" timestamp="2016-03-09T13:39:06Z" changeset="37708246" uid="3295563" user="mexico_boundaries_import"/>
  <node id="4050468886" lat="18.0062365" lon="-94.5475241" version="1" timestamp="2016-03-09T13:39:06Z" changeset="37708246" uid="3295563" user="mexico_boundaries_import"/>
  <node id="4050468888" lat="18.0062506" lon="-94.5477105" version="1" timestamp="2016-03-09T13:39:07Z" changeset="37708246" uid="3295563" user="mexico_boundaries_import"/>
  <node id="4050468889" lat="18.0062734" lon="-94.5457392" version="1" timestamp="2016-03-09T13:39:07Z" changeset="37708246" uid="3295563" user="mexico_boundaries_import"/>
  <node id="4050468891" lat="18.0062868" lon="-94.5479273" version="1" timestamp="2016-03-09T13:39:07Z" changeset="37708246" uid="3295563" user="mexico_boundaries_import"/>
  <node id="4050468893" lat="18.0063327" lon="-94.5480854" version="1" timestamp="2016-03-09T13:39:07Z" changeset="37708246" uid="3295563" user="mexico_boundaries_import"/>
  <node id="4050468901" lat="18.0063733" lon="-94.5848671" version="1" timestamp="2016-03-09T13:39:07Z" changeset="37708246" uid="3295563" user="mexico_boundaries_import"/>
  <node id="4050468910" lat="18.0064304" lon="-94.5486444" version="1" timestamp="2016-03-09T13:39:07Z" changeset="37708246" uid="3295563" user="mexico_boundaries_import"/>
  <node id="4050468912" lat="18.0064405" lon="-94.5487023" version="1" timestamp="2016-03-09T13:39:07Z" changeset="37708246" uid="3295563" user="mexico_boundaries_import"/>
  <node id="4050468916" lat="18.0064822" lon="-94.5489368" version="1" timestamp="2016-03-09T13:39:07Z" changeset="37708246" uid="3295563" user="mexico_boundaries_import"/>
  <node id="4050468919" lat="18.0065028" lon="-94.5457412" version="1" timestamp="2016-03-09T13:39:07Z" changeset="37708246" uid="3295563" user="mexico_boundaries_import"/>
  <node id="4050468920" lat="18.0065246" lon="-94.5535674" version="1" timestamp="2016-03-09T13:39:07Z" changeset="37708246" uid="3295563" user="mexico_boundaries_import"/>
  <node id="4050468922" lat="18.0065302" lon="-94.5492067" version="1" timestamp="2016-03-09T13:39:07Z" changeset="37708246" uid="3295563" user="mexico_boundaries_import"/>
  <node id="4050468923" lat="18.0065379" lon="-94.5492503" version="1" timestamp="2016-03-09T13:39:07Z" changeset="37708246" uid="3295563" user="mexico_boundaries_import"/>
  <node id="4050468929" lat="18.0065623" lon="-94.5696475" version="1" timestamp="2016-03-09T13:39:07Z" changeset="37708246" uid="3295563" user="mexico_boundaries_import"/>
  <node id="4050468938" lat="18.0066168" lon="-94.5848304" version="1" timestamp="2016-03-09T13:39:07Z" changeset="37708246" uid="3295563" user="mexico_boundaries_import"/>
  <node id="4050468940" lat="18.0066383" lon="-94.5497826" version="1" timestamp="2016-03-09T13:39:07Z" changeset="37708246" uid="3295563" user="mexico_boundaries_import"/>
  <node id="4050468950" lat="18.0067518" lon="-94.5502185" version="1" timestamp="2016-03-09T13:39:08Z" changeset="37708246" uid="3295563" user="mexico_boundaries_import"/>
  <node id="4050468968" lat="18.0068491" lon="-94.5847845" version="1" timestamp="2016-03-09T13:39:08Z" changeset="37708246" uid="3295563" user="mexico_boundaries_import"/>
  <node id="4050468982" lat="18.0069328" lon="-94.5510733" version="1" timestamp="2016-03-09T13:39:08Z" changeset="37708246" uid="3295563" user="mexico_boundaries_import"/>
  <node id="4050468988" lat="18.0069660" lon="-94.5701347" version="1" timestamp="2016-03-09T13:39:08Z" changeset="37708246" uid="3295563" user="mexico_boundaries_import"/>
  <node id="4050468995" lat="18.0070031" lon="-94.5458000" version="1" timestamp="2016-03-09T13:39:08Z" changeset="37708246" uid="3295563" user="mexico_boundaries_import"/>
  <node id="4050469000" lat="18.0070591" lon="-94.5516404" version="1" timestamp="2016-03-09T13:39:09Z" changeset="37708246" uid="3295563" user="mexico_boundaries_import"/>
  <node id="4050469001" lat="18.0070594" lon="-94.5847475" version="1" timestamp="2016-03-09T13:39:09Z" changeset="37708246" uid="3295563" user="mexico_boundaries_import"/>
  <node id="4050469007" lat="18.0071518" lon="-94.5520869" version="1" timestamp="2016-03-09T13:39:09Z" changeset="37708246" uid="3295563" user="mexico_boundaries_import"/>
  <node id="4050469019" lat="18.0072173" lon="-94.5847265" version="1" timestamp="2016-03-09T13:39:09Z" changeset="37708246" uid="3295563" user="mexico_boundaries_import"/>
  <node id="4050469024" lat="18.0072542" lon="-94.5526242" version="1" timestamp="2016-03-09T13:39:09Z" changeset="37708246" uid="3295563" user="mexico_boundaries_import"/>
  <node id="4050469026" lat="18.0072677" lon="-94.5526612" version="1" timestamp="2016-03-09T13:39:09Z" changeset="37708246" uid="3295563" user="mexico_boundaries_import"/>
  <node id="4050469033" lat="18.0073151" lon="-94.5527915" version="1" timestamp="2016-03-09T13:39:09Z" changeset="37708246" uid="3295563" user="mexico_boundaries_import"/>
  <node id="4050469040" lat="18.0074136" lon="-94.5706750" version="1" timestamp="2016-03-09T13:39:09Z" changeset="37708246" uid="3295563" user="mexico_boundaries_import"/>
  <node id="4050469047" lat="18.0074697" lon="-94.5457310" version="1" timestamp="2016-03-09T13:39:09Z" changeset="37708246" uid="3295563" user="mexico_boundaries_import"/>
  <node id="4050469054" lat="18.0075385" lon="-94.5846814" version="1" timestamp="2016-03-09T13:39:09Z" changeset="37708246" uid="3295563" user="mexico_boundaries_import"/>
  <node id="4050469079" lat="18.0076922" lon="-94.5841746" version="1" timestamp="2016-03-09T13:39:10Z" changeset="37708246" uid="3295563" user="mexico_boundaries_import"/>
  <node id="4050469101" lat="18.0079357" lon="-94.5712226" version="1" timestamp="2016-03-09T13:39:10Z" changeset="37708246" uid="3295563" user="mexico_boundaries_import"/>
  <node id="4050469117" lat="18.0080969" lon="-94.5826694" version="1" timestamp="2016-03-09T13:39:11Z" changeset="37708246" uid="3295563" user="mexico_boundaries_import"/>
  <node id="4050469119" lat="18.0081056" lon="-94.5826375" version="1" timestamp="2016-03-09T13:39:11Z" changeset="37708246" uid="3295563" user="mexico_boundaries_import"/>
  <node id="4050469131" lat="18.0082132" lon="-94.5459171" version="1" timestamp="2016-03-09T13:39:11Z" changeset="37708246" uid="3295563" user="mexico_boundaries_import"/>
  <node id="4050469134" lat="18.0082579" lon="-94.5820843" version="1" timestamp="2016-03-09T13:39:11Z" changeset="37708246" uid="3295563" user="mexico_boundaries_import"/>
  <node id="4050469141" lat="18.0083272" lon="-94.5458799" version="1" timestamp="2016-03-09T13:39:11Z" changeset="37708246" uid="3295563" user="mexico_boundaries_import"/>
  <node id="4050469145" lat="18.0083653" lon="-94.5454407" version="1" timestamp="2016-03-09T13:39:11Z" changeset="37708246" uid="3295563" user="mexico_boundaries_import"/>
  <node id="4050469149" lat="18.0084098" lon="-94.5815333" version="1" timestamp="2016-03-09T13:39:11Z" changeset="37708246" uid="3295563" user="mexico_boundaries_import"/>
  <node id="4050469150" lat="18.0084244" lon="-94.5814805" version="1" timestamp="2016-03-09T13:39:11Z" changeset="37708246" uid="3295563" user="mexico_boundaries_import"/>
  <node id="4050469164" lat="18.0085634" lon="-94.5809544" version="1" timestamp="2016-03-09T13:39:11Z" changeset="37708246" uid="3295563" user="mexico_boundaries_import"/>
  <node id="4050469174" lat="18.0087315" lon="-94.5804413" version="2" timestamp="2018-08-13T22:31:36Z" changeset="61640686" uid="7620588" user="Guillermo Larios Barrios"/>
  <node id="4050469191" lat="18.0088886" lon="-94.5799030" version="2" timestamp="2018-08-13T22:31:36Z" changeset="61640686" uid="7620588" user="Guillermo Larios Barrios"/>
  <node id="4050469193" lat="18.0088580" lon="-94.5450556" version="1" timestamp="2016-03-09T13:39:12Z" changeset="37708246" uid="3295563" user="mexico_boundaries_import"/>
  <node id="4050469196" lat="18.0089030" lon="-94.5722920" version="1" timestamp="2016-03-09T13:39:12Z" changeset="37708246" uid="3295563" user="mexico_boundaries_import"/>
  <node id="4050469204" lat="18.0090543" lon="-94.5792888" version="2" timestamp="2018-08-13T22:31:36Z" changeset="61640686" uid="7620588" user="Guillermo Larios Barrios"/>
  <node id="4050469223" lat="18.0091485" lon="-94.5784196" version="3" timestamp="2019-03-04T13:32:43Z" changeset="67767394" uid="9497207" user="Gamadarkness"/>
  <node id="4050469224" lat="18.0091666" lon="-94.5453929" version="1" timestamp="2016-03-09T13:39:12Z" changeset="37708246" uid="3295563" user="mexico_boundaries_import"/>
  <node id="4050469230" lat="18.0092512" lon="-94.5782439" version="2" timestamp="2019-03-04T13:32:43Z" changeset="67767394" uid="9497207" user="Gamadarkness"/>
  <node id="4050469281" lat="18.0097754" lon="-94.5763819" version="2" timestamp="2019-03-04T13:32:43Z" changeset="67767394" uid="9497207" user="Gamadarkness"/>
  <node id="4050469284" lat="18.0097509" lon="-94.5760062" version="1" timestamp="2016-03-09T13:39:14Z" changeset="37708246" uid="3295563" user="mexico_boundaries_import"/>
  <node id="4050469289" lat="18.0098352" lon="-94.5761586" version="2" timestamp="2019-03-04T13:32:43Z" changeset="67767394" uid="9497207" user="Gamadarkness"/>
  <node id="4050469296" lat="18.0099245" lon="-94.5461979" version="1" timestamp="2016-03-09T13:39:14Z" changeset="37708246" uid="3295563" user="mexico_boundaries_import"/>
  <node id="4050469298" lat="18.0099623" lon="-94.5736190" version="1" timestamp="2016-03-09T13:39:14Z" changeset="37708246" uid="3295563" user="mexico_boundaries_import"/>
  <node id="4050469320" lat="18.0101847" lon="-94.5743867" version="1" timestamp="2016-03-09T13:39:14Z" changeset="37708246" uid="3295563" user="mexico_boundaries_import"/>
  <node id="4050469323" lat="18.0102220" lon="-94.5742477" version="1" timestamp="2016-03-09T13:39:14Z" changeset="37708246" uid="3295563" user="mexico_boundaries_import"/>
  <node id="4050469329" lat="18.0102828" lon="-94.5740205" version="1" timestamp="2016-03-09T13:39:14Z" changeset="37708246" uid="3295563" user="mexico_boundaries_import"/>
  <node id="4050469371" lat="18.0107198" lon="-94.5470426" version="1" timestamp="2016-03-09T13:39:15Z" changeset="37708246" uid="3295563" user="mexico_boundaries_import"/>
  <node id="4050469578" lat="18.0201237" lon="-94.5536692" version="1" timestamp="2016-03-09T13:39:34Z" changeset="37708246" uid="3295563" user="mexico_boundaries_import"/>
  <node id="4050469588" lat="18.0201761" lon="-94.5536080" version="1" timestamp="2016-03-09T13:39:34Z" changeset="37708246" uid="3295563" user="mexico_boundaries_import"/>
  <node id="4050469591" lat="18.0110018" lon="-94.5473637" version="1" timestamp="2016-03-09T13:39:16Z" changeset="37708246" uid="3295563" user="mexico_boundaries_import"/>
  <node id="4050469649" lat="18.0119060" lon="-94.5483932" version="1" timestamp="2016-03-09T13:39:17Z" changeset="37708246" uid="3295563" user="mexico_boundaries_import"/>
  <node id="4050469656" lat="18.0119436" lon="-94.5483596" version="1" timestamp="2016-03-09T13:39:17Z" changeset="37708246" uid="3295563" user="mexico_boundaries_import"/>
  <node id="4050469658" lat="18.0120115" lon="-94.5482997" version="1" timestamp="2016-03-09T13:39:17Z" changeset="37708246" uid="3295563" user="mexico_boundaries_import"/>
  <node id="4050469667" lat="18.0121442" lon="-94.5481825" version="1" timestamp="2016-03-09T13:39:17Z" changeset="37708246" uid="3295563" user="mexico_boundaries_import"/>
  <node id="4050469698" lat="18.0124307" lon="-94.5479296" version="1" timestamp="2016-03-09T13:39:17Z" changeset="37708246" uid="3295563" user="mexico_boundaries_import"/>
  <node id="4050469742" lat="18.0129058" lon="-94.5475102" version="1" timestamp="2016-03-09T13:39:18Z" changeset="37708246" uid="3295563" user="mexico_boundaries_import"/>
  <node id="4050469800" lat="18.0133582" lon="-94.5470744" version="1" timestamp="2016-03-09T13:39:19Z" changeset="37708246" uid="3295563" user="mexico_boundaries_import"/>
  <node id="4050469837" lat="18.0136835" lon="-94.5467611" version="1" timestamp="2016-03-09T13:39:20Z" changeset="37708246" uid="3295563" user="mexico_boundaries_import"/>
  <node id="4050469871" lat="18.0140268" lon="-94.5464304" version="1" timestamp="2016-03-09T13:39:20Z" changeset="37708246" uid="3295563" user="mexico_boundaries_import"/>
  <node id="4050469897" lat="18.0142488" lon="-94.5462166" version="1" timestamp="2016-03-09T13:39:21Z" changeset="37708246" uid="3295563" user="mexico_boundaries_import"/>
  <node id="4050469939" lat="18.0147387" lon="-94.5458395" version="1" timestamp="2016-03-09T13:39:22Z" changeset="37708246" uid="3295563" user="mexico_boundaries_import"/>
  <node id="4050470106" lat="18.0153015" lon="-94.5455292" version="1" timestamp="2016-03-09T13:39:23Z" changeset="37708246" uid="3295563" user="mexico_boundaries_import"/>
  <node id="4050470176" lat="18.0158099" lon="-94.5454093" version="1" timestamp="2016-03-09T13:39:24Z" changeset="37708246" uid="3295563" user="mexico_boundaries_import"/>
  <node id="4050470251" lat="18.0163995" lon="-94.5450266" version="1" timestamp="2016-03-09T13:39:26Z" changeset="37708246" uid="3295563" user="mexico_boundaries_import"/>
  <node id="4050470339" lat="18.0170400" lon="-94.5579475" version="1" timestamp="2016-03-09T13:39:27Z" changeset="37708246" uid="3295563" user="mexico_boundaries_import"/>
  <node id="4050470369" lat="18.0173230" lon="-94.5575195" version="1" timestamp="2016-03-09T13:39:28Z" changeset="37708246" uid="3295563" user="mexico_boundaries_import"/>
  <node id="4050470385" lat="18.0174510" lon="-94.5573259" version="1" timestamp="2016-03-09T13:39:28Z" changeset="37708246" uid="3295563" user="mexico_boundaries_import"/>
  <node id="4050470386" lat="18.0174565" lon="-94.5441850" version="1" timestamp="2016-03-09T13:39:28Z" changeset="37708246" uid="3295563" user="mexico_boundaries_import"/>
  <node id="4050470401" lat="18.0176156" lon="-94.5570770" version="1" timestamp="2016-03-09T13:39:28Z" changeset="37708246" uid="3295563" user="mexico_boundaries_import"/>
  <node id="4050470407" lat="18.0176711" lon="-94.5570044" version="1" timestamp="2016-03-09T13:39:28Z" changeset="37708246" uid="3295563" user="mexico_boundaries_import"/>
  <node id="4050470456" lat="18.0181201" lon="-94.5564160" version="1" timestamp="2016-03-09T13:39:29Z" changeset="37708246" uid="3295563" user="mexico_boundaries_import"/>
  <node id="4050470470" lat="18.0182339" lon="-94.5562682" version="1" timestamp="2016-03-09T13:39:29Z" changeset="37708246" uid="3295563" user="mexico_boundaries_import"/>
  <node id="4050470474" lat="18.0182760" lon="-94.5434131" version="1" timestamp="2016-03-09T13:39:30Z" changeset="37708246" uid="3295563" user="mexico_boundaries_import"/>
  <node id="4050470492" lat="18.0184383" lon="-94.5559942" version="1" timestamp="2016-03-09T13:39:30Z" changeset="37708246" uid="3295563" user="mexico_boundaries_import"/>
  <node id="4050470496" lat="18.0184794" lon="-94.5422436" version="1" timestamp="2016-03-09T13:39:30Z" changeset="37708246" uid="3295563" user="mexico_boundaries_import"/>
  <node id="4050470497" lat="18.0184902" lon="-94.5428443" version="1" timestamp="2016-03-09T13:39:30Z" changeset="37708246" uid="3295563" user="mexico_boundaries_import"/>
  <node id="4050470509" lat="18.0186298" lon="-94.5420867" version="1" timestamp="2016-03-09T13:39:30Z" changeset="37708246" uid="3295563" user="mexico_boundaries_import"/>
  <node id="4050470515" lat="18.0186693" lon="-94.5556404" version="1" timestamp="2016-03-09T13:39:30Z" changeset="37708246" uid="3295563" user="mexico_boundaries_import"/>
  <node id="4050470518" lat="18.0187478" lon="-94.5555348" version="1" timestamp="2016-03-09T13:39:30Z" changeset="37708246" uid="3295563" user="mexico_boundaries_import"/>
  <node id="4050470541" lat="18.0190420" lon="-94.5551390" version="1" timestamp="2016-03-09T13:39:31Z" changeset="37708246" uid="3295563" user="mexico_boundaries_import"/>
  <node id="4050470573" lat="18.0193405" lon="-94.5547376" version="1" timestamp="2016-03-09T13:39:31Z" changeset="37708246" uid="3295563" user="mexico_boundaries_import"/>
  <node id="4050470586" lat="18.0194434" lon="-94.5545992" version="1" timestamp="2016-03-09T13:39:32Z" changeset="37708246" uid="3295563" user="mexico_boundaries_import"/>
  <node id="4050470620" lat="18.0196414" lon="-94.5543421" version="1" timestamp="2016-03-09T13:39:32Z" changeset="37708246" uid="3295563" user="mexico_boundaries_import"/>
  <node id="4050470623" lat="18.0196597" lon="-94.5543161" version="1" timestamp="2016-03-09T13:39:32Z" changeset="37708246" uid="3295563" user="mexico_boundaries_import"/>
  <node id="4050470646" lat="18.0198794" lon="-94.5540038" version="1" timestamp="2016-03-09T13:39:33Z" changeset="37708246" uid="3295563" user="mexico_boundaries_import"/>
  <node id="4050470829" lat="18.0204502" lon="-94.5532392" version="1" timestamp="2016-03-09T13:39:35Z" changeset="37708246" uid="3295563" user="mexico_boundaries_import"/>
  <node id="4050470885" lat="18.0208705" lon="-94.5555609" version="1" timestamp="2016-03-09T13:39:36Z" changeset="37708246" uid="3295563" user="mexico_boundaries_import"/>
  <node id="4050470993" lat="18.0209220" lon="-94.5551834" version="1" timestamp="2016-03-09T13:39:36Z" changeset="37708246" uid="3295563" user="mexico_boundaries_import"/>
  <node id="4050471034" lat="18.0212570" lon="-94.5546132" version="1" timestamp="2016-03-09T13:39:36Z" changeset="37708246" uid="3295563" user="mexico_boundaries_import"/>
  <node id="4050471104" lat="18.0217881" lon="-94.5543258" version="1" timestamp="2016-03-09T13:39:38Z" changeset="37708246" uid="3295563" user="mexico_boundaries_import"/>
  <node id="4050471193" lat="18.0224980" lon="-94.5383921" version="1" timestamp="2016-03-09T13:39:39Z" changeset="37708246" uid="3295563" user="mexico_boundaries_import"/>
  <node id="4050471286" lat="18.0229976" lon="-94.5379167" version="1" timestamp="2016-03-09T13:39:41Z" changeset="37708246" uid="3295563" user="mexico_boundaries_import"/>
  <node id="4050471292" lat="18.0230362" lon="-94.5544923" version="1" timestamp="2016-03-09T13:39:41Z" changeset="37708246" uid="3295563" user="mexico_boundaries_import"/>
  <node id="4050471421" lat="18.0236400" lon="-94.5373054" version="1" timestamp="2016-03-09T13:39:44Z" changeset="37708246" uid="3295563" user="mexico_boundaries_import"/>
  <node id="4050471499" lat="18.0240648" lon="-94.5556396" version="1" timestamp="2016-03-09T13:39:45Z" changeset="37708246" uid="3295563" user="mexico_boundaries_import"/>
  <node id="4050471511" lat="18.0241338" lon="-94.5553611" version="1" timestamp="2016-03-09T13:39:45Z" changeset="37708246" uid="3295563" user="mexico_boundaries_import"/>
  <node id="4050471552" lat="18.0243092" lon="-94.5366686" version="1" timestamp="2016-03-09T13:39:46Z" changeset="37708246" uid="3295563" user="mexico_boundaries_import"/>
  <node id="4050471633" lat="18.0245861" lon="-94.5535338" version="1" timestamp="2016-03-09T13:39:47Z" changeset="37708246" uid="3295563" user="mexico_boundaries_import"/>
  <node id="4050471901" lat="18.0252845" lon="-94.5507124" version="1" timestamp="2016-03-09T13:39:50Z" changeset="37708246" uid="3295563" user="mexico_boundaries_import"/>
  <node id="4050471933" lat="18.0254660" lon="-94.5499792" version="1" timestamp="2016-03-09T13:39:51Z" changeset="37708246" uid="3295563" user="mexico_boundaries_import"/>
  <node id="4050472054" lat="18.0259554" lon="-94.5480018" version="1" timestamp="2016-03-09T13:39:53Z" changeset="37708246" uid="3295563" user="mexico_boundaries_import"/>
  <node id="4050472057" lat="18.0259934" lon="-94.5478481" version="1" timestamp="2016-03-09T13:39:53Z" changeset="37708246" uid="3295563" user="mexico_boundaries_import"/>
  <node id="4050472074" lat="18.0261015" lon="-94.5474112" version="1" timestamp="2016-03-09T13:39:54Z" changeset="37708246" uid="3295563" user="mexico_boundaries_import"/>
  <node id="4050472086" lat="18.0261816" lon="-94.5472473" version="1" timestamp="2016-03-09T13:39:54Z" changeset="37708246" uid="3295563" user="mexico_boundaries_import"/>
  <node id="4050472156" lat="18.0265856" lon="-94.5464150" version="1" timestamp="2016-03-09T13:39:55Z" changeset="37708246" uid="3295563" user="mexico_boundaries_import"/>
  <node id="4050472500" lat="18.0275894" lon="-94.5335469" version="1" timestamp="2016-03-09T13:40:00Z" changeset="37708246" uid="3295563" user="mexico_boundaries_import"/>
  <node id="4050472524" lat="18.0277608" lon="-94.5440746" version="1" timestamp="2016-03-09T13:40:00Z" changeset="37708246" uid="3295563" user="mexico_boundaries_import"/>
  <node id="4050472529" lat="18.0278015" lon="-94.5439927" version="1" timestamp="2016-03-09T13:40:00Z" changeset="37708246" uid="3295563" user="mexico_boundaries_import"/>
  <node id="4050472543" lat="18.0279874" lon="-94.5435801" version="1" timestamp="2016-03-09T13:40:00Z" changeset="37708246" uid="3295563" user="mexico_boundaries_import"/>
  <node id="4050472574" lat="18.0283212" lon="-94.5428859" version="1" timestamp="2016-03-09T13:40:01Z" changeset="37708246" uid="3295563" user="mexico_boundaries_import"/>
  <node id="4050472587" lat="18.0284131" lon="-94.5327630" version="1" timestamp="2016-03-09T13:40:02Z" changeset="37708246" uid="3295563" user="mexico_boundaries_import"/>
  <node id="4050472596" lat="18.0284744" lon="-94.5425676" version="1" timestamp="2016-03-09T13:40:02Z" changeset="37708246" uid="3295563" user="mexico_boundaries_import"/>
  <node id="4050472619" lat="18.0286766" lon="-94.5421356" version="1" timestamp="2016-03-09T13:40:02Z" changeset="37708246" uid="3295563" user="mexico_boundaries_import"/>
  <node id="4050472638" lat="18.0288390" lon="-94.5417564" version="1" timestamp="2016-03-09T13:40:03Z" changeset="37708246" uid="3295563" user="mexico_boundaries_import"/>
  <node id="4050472662" lat="18.0291058" lon="-94.5410238" version="1" timestamp="2016-03-09T13:40:03Z" changeset="37708246" uid="3295563" user="mexico_boundaries_import"/>
  <node id="4050472686" lat="18.0292980" lon="-94.5338507" version="1" timestamp="2016-03-09T13:40:04Z" changeset="37708246" uid="3295563" user="mexico_boundaries_import"/>
  <node id="4050472735" lat="18.0296068" lon="-94.5396332" version="1" timestamp="2016-03-09T13:40:05Z" changeset="37708246" uid="3295563" user="mexico_boundaries_import"/>
  <node id="4050472832" lat="18.0304300" lon="-94.5369198" version="1" timestamp="2016-03-09T13:40:06Z" changeset="37708246" uid="3295563" user="mexico_boundaries_import"/>
  <node id="4050472868" lat="18.0308076" lon="-94.5357038" version="1" timestamp="2016-03-09T13:40:07Z" changeset="37708246" uid="3295563" user="mexico_boundaries_import"/>
  <node id="4503870464" lat="17.9913419" lon="-94.5868484" version="3" timestamp="2017-07-21T21:57:02Z" changeset="50470446" uid="481447" user="BTH"/>
  <node id="4503870478" lat="17.9891316" lon="-94.5856429" version="2" timestamp="2017-07-21T21:57:02Z" changeset="50470446" uid="481447" user="BTH"/>
  <node id="4503870479" lat="17.9889621" lon="-94.5844189" version="2" timestamp="2017-07-21T21:57:02Z" changeset="50470446" uid="481447" user="BTH"/>
  <node id="4503870480" lat="17.9888263" lon="-94.5832522" version="2" timestamp="2017-07-21T21:57:02Z" changeset="50470446" uid="481447" user="BTH"/>
  <node id="4503870481" lat="17.9886544" lon="-94.5817910" version="2" timestamp="2017-07-21T21:57:01Z" changeset="50470446" uid="481447" user="BTH"/>
  <node id="4985737845" lat="17.9948732" lon="-94.5863992" version="1" timestamp="2017-07-21T21:57:01Z" changeset="50470446" uid="481447" user="BTH"/>
  <node id="5320944246" lat="18.0088488" lon="-94.5800287" version="2" timestamp="2018-08-13T22:31:36Z" changeset="61640686" uid="7620588" user="Guillermo Larios Barrios"/>
  <node id="5394569259" lat="18.0069374" lon="-94.5587012" version="2" timestamp="2019-03-12T00:07:00Z" changeset="68042597" uid="3265371" user="Andrew Matheny"/>
  <node id="5444149020" lat="18.0016652" lon="-94.5574112" version="1" timestamp="2018-03-01T02:46:49Z" changeset="56773070" uid="7140977" user="Ter0h">
    <tag k="leisure" v="park"/>
    <tag k="name" v="Area Verde Constitucion"/>
  </node>
  <node id="5830269153" lat="17.9988305" lon="-94.5535939" version="1" timestamp="2018-08-13T17:54:29Z" changeset="61634110" uid="7620588" user="Guillermo Larios Barrios"/>
  <node id="5830269154" lat="17.9994464" lon="-94.5545780" version="2" timestamp="2019-04-08T18:57:49Z" changeset="69019357" uid="9497207" user="Gamadarkness"/>
  <node id="5830269155" lat="18.0004267" lon="-94.5560757" version="1" timestamp="2018-08-13T17:54:29Z" changeset="61634110" uid="7620588" user="Guillermo Larios Barrios"/>
  <node id="5830269167" lat="18.0015386" lon="-94.5494490" version="1" timestamp="2018-08-13T17:54:29Z" changeset="61634110" uid="7620588" user="Guillermo Larios Barrios"/>
  <node id="5830269168" lat="18.0021925" lon="-94.5487117" version="1" timestamp="2018-08-13T17:54:29Z" changeset="61634110" uid="7620588" user="Guillermo Larios Barrios"/>
  <node id="5830740975" lat="18.0186015" lon="-94.5556660" version="3" timestamp="2020-11-30T09:34:48Z" changeset="95033027" uid="10210102" user="Juneautown"/>
  <node id="5830741987" lat="18.0081764" lon="-94.5622190" version="1" timestamp="2018-08-13T21:33:48Z" changeset="61639673" uid="7620588" user="Guillermo Larios Barrios"/>
  <node id="5830741988" lat="18.0078317" lon="-94.5619729" version="1" timestamp="2018-08-13T21:33:48Z" changeset="61639673" uid="7620588" user="Guillermo Larios Barrios"/>
  <node id="5830741990" lat="18.0075115" lon="-94.5538429" version="2" timestamp="2021-01-06T20:22:38Z" changeset="97070097" uid="9633823" user="127logs"/>
  <node id="5830741991" lat="18.0079075" lon="-94.5555221" version="1" timestamp="2018-08-13T21:33:49Z" changeset="61639673" uid="7620588" user="Guillermo Larios Barrios"/>
  <node id="5830741992" lat="18.0066843" lon="-94.5536266" version="1" timestamp="2018-08-13T21:33:49Z" changeset="61639673" uid="7620588" user="Guillermo Larios Barrios"/>
  <node id="5830741993" lat="18.0069305" lon="-94.5561315" version="1" timestamp="2018-08-13T21:33:49Z" changeset="61639673" uid="7620588" user="Guillermo Larios Barrios"/>
  <node id="5830741994" lat="18.0082217" lon="-94.5553234" version="2" timestamp="2021-01-06T20:29:13Z" changeset="97070320" uid="9633823" user="127logs"/>
  <node id="5830741995" lat="18.0074502" lon="-94.5548135" version="1" timestamp="2018-08-13T21:33:49Z" changeset="61639673" uid="7620588" user="Guillermo Larios Barrios"/>
  <node id="5830741996" lat="18.0066079" lon="-94.5555474" version="1" timestamp="2018-08-13T21:33:49Z" changeset="61639673" uid="7620588" user="Guillermo Larios Barrios"/>
  <node id="5830741997" lat="18.0063173" lon="-94.5550212" version="1" timestamp="2018-08-13T21:33:49Z" changeset="61639673" uid="7620588" user="Guillermo Larios Barrios"/>
  <node id="5830741998" lat="18.0071038" lon="-94.5542767" version="1" timestamp="2018-08-13T21:33:49Z" changeset="61639673" uid="7620588" user="Guillermo Larios Barrios"/>
  <node id="5830754918" lat="18.0076408" lon="-94.5574177" version="1" timestamp="2018-08-13T21:44:26Z" changeset="61639902" uid="7620588" user="Guillermo Larios Barrios"/>
  <node id="5830754919" lat="18.0086186" lon="-94.5571585" version="1" timestamp="2018-08-13T21:44:26Z" changeset="61639902" uid="7620588" user="Guillermo Larios Barrios"/>
  <node id="5830754920" lat="18.0037294" lon="-94.5577225" version="1" timestamp="2018-08-13T21:44:26Z" changeset="61639902" uid="7620588" user="Guillermo Larios Barrios"/>
  <node id="5830754921" lat="18.0031193" lon="-94.5570497" version="2" timestamp="2020-12-07T06:46:58Z" changeset="95399064" uid="10811160" user="BanjaraHills"/>
  <node id="5830754922" lat="18.0047803" lon="-94.5594567" version="1" timestamp="2018-08-13T21:44:26Z" changeset="61639902" uid="7620588" user="Guillermo Larios Barrios"/>
  <node id="5830754923" lat="18.0036355" lon="-94.5578250" version="1" timestamp="2018-08-13T21:44:26Z" changeset="61639902" uid="7620588" user="Guillermo Larios Barrios"/>
  <node id="5830754924" lat="18.0043143" lon="-94.5587924" version="1" timestamp="2018-08-13T21:44:26Z" changeset="61639902" uid="7620588" user="Guillermo Larios Barrios"/>
  <node id="5830754925" lat="18.0040180" lon="-94.5583703" version="2" timestamp="2020-12-07T06:46:58Z" changeset="95399064" uid="10811160" user="BanjaraHills"/>
  <node id="5830754926" lat="18.0041521" lon="-94.5583005" version="1" timestamp="2018-08-13T21:44:26Z" changeset="61639902" uid="7620588" user="Guillermo Larios Barrios"/>
  <node id="5830754927" lat="18.0043574" lon="-94.5581948" version="1" timestamp="2018-08-13T21:44:26Z" changeset="61639902" uid="7620588" user="Guillermo Larios Barrios"/>
  <node id="5830754928" lat="18.0047507" lon="-94.5579806" version="1" timestamp="2018-08-13T21:44:26Z" changeset="61639902" uid="7620588" user="Guillermo Larios Barrios"/>
  <node id="5830811885" lat="18.0137719" lon="-94.5466807" version="2" timestamp="2019-02-22T18:20:28Z" changeset="67475601" uid="9454623" user="MappnMatt"/>
  <node id="5830811909" lat="18.0147947" lon="-94.5660561" version="2" timestamp="2019-06-20T16:43:18Z" changeset="71452468" uid="3265371" user="Andrew Matheny">
    <tag k="railway" v="level_crossing"/>
  </node>
  <node id="5830824833" lat="18.0085508" lon="-94.5810020" version="1" timestamp="2018-08-13T22:31:35Z" changeset="61640686" uid="7620588" user="Guillermo Larios Barrios"/>
  <node id="5830887932" lat="18.0073076" lon="-94.5705470" version="1" timestamp="2018-08-13T23:21:53Z" changeset="61641344" uid="7620588" user="Guillermo Larios Barrios"/>
  <node id="5830887961" lat="18.0046778" lon="-94.5689712" version="2" timestamp="2019-02-22T18:20:28Z" changeset="67475601" uid="9454623" user="MappnMatt"/>
  <node id="5854865741" lat="17.9896544" lon="-94.5870732" version="1" timestamp="2018-08-24T23:41:04Z" changeset="61973867" uid="7517555" user="Luis M Hernandez"/>
  <node id="5911890475" lat="18.0095059" lon="-94.5634208" version="1" timestamp="2018-09-17T14:34:16Z" changeset="62667441" uid="8652266" user="TheSolarGuy"/>
  <node id="5911899886" lat="18.0081549" lon="-94.5625235" version="1" timestamp="2018-09-17T14:34:16Z" changeset="62667441" uid="8652266" user="TheSolarGuy"/>
  <node id="6296212705" lat="18.0018499" lon="-94.5581310" version="2" timestamp="2019-04-08T19:09:13Z" changeset="69019678" uid="9497207" user="Gamadarkness"/>
  <node id="6296212717" lat="18.0103731" lon="-94.5740684" version="2" timestamp="2019-06-20T16:43:18Z" changeset="71452468" uid="3265371" user="Andrew Matheny">
    <tag k="railway" v="level_crossing"/>
  </node>
  <node id="6302608906" lat="18.0045851" lon="-94.5549622" version="1" timestamp="2019-02-26T04:09:18Z" changeset="67569285" uid="7540423" user="DonMorofok"/>
  <node id="6302608907" lat="18.0044933" lon="-94.5548523" version="1" timestamp="2019-02-26T04:09:18Z" changeset="67569285" uid="7540423" user="DonMorofok"/>
  <node id="6302608908" lat="18.0043249" lon="-94.5550132" version="1" timestamp="2019-02-26T04:09:18Z" changeset="67569285" uid="7540423" user="DonMorofok"/>
  <node id="6302608909" lat="18.0044244" lon="-94.5551205" version="1" timestamp="2019-02-26T04:09:18Z" changeset="67569285" uid="7540423" user="DonMorofok"/>
  <node id="6316549126" lat="18.0037563" lon="-94.5492620" version="1" timestamp="2019-03-04T16:31:52Z" changeset="67773404" uid="9497207" user="Gamadarkness"/>
  <node id="6318513302" lat="18.0070973" lon="-94.5447198" version="1" timestamp="2019-03-05T15:19:34Z" changeset="67809480" uid="9497207" user="Gamadarkness"/>
  <node id="6318767206" lat="18.0117885" lon="-94.5487336" version="3" timestamp="2023-07-27T20:17:13Z" changeset="139105870" uid="17365610" user="म्यापर"/>
  <node id="6332099134" lat="18.0079296" lon="-94.5590177" version="1" timestamp="2019-03-12T00:07:00Z" changeset="68042597" uid="3265371" user="Andrew Matheny"/>
  <node id="6332099135" lat="18.0069756" lon="-94.5587763" version="1" timestamp="2019-03-12T00:07:00Z" changeset="68042597" uid="3265371" user="Andrew Matheny"/>
  <node id="6332099136" lat="18.0071338" lon="-94.5577732" version="1" timestamp="2019-03-12T00:07:00Z" changeset="68042597" uid="3265371" user="Andrew Matheny"/>
  <node id="6332099137" lat="18.0077586" lon="-94.5578909" version="1" timestamp="2019-03-12T00:07:00Z" changeset="68042597" uid="3265371" user="Andrew Matheny"/>
  <node id="6332099138" lat="18.0080389" lon="-94.5583837" version="1" timestamp="2019-03-12T00:07:00Z" changeset="68042597" uid="3265371" user="Andrew Matheny"/>
  <node id="6332099139" lat="18.0080433" lon="-94.5586752" version="1" timestamp="2019-03-12T00:07:00Z" changeset="68042597" uid="3265371" user="Andrew Matheny"/>
  <node id="6332099140" lat="18.0075164" lon="-94.5577490" version="1" timestamp="2019-03-12T00:07:00Z" changeset="68042597" uid="3265371" user="Andrew Matheny"/>
  <node id="6332099141" lat="18.0079401" lon="-94.5581113" version="1" timestamp="2019-03-12T00:07:00Z" changeset="68042597" uid="3265371" user="Andrew Matheny"/>
  <node id="6332099142" lat="18.0079526" lon="-94.5589507" version="1" timestamp="2019-03-12T00:07:00Z" changeset="68042597" uid="3265371" user="Andrew Matheny"/>
  <node id="6391743691" lat="18.0032989" lon="-94.5468818" version="2" timestamp="2021-01-21T15:55:39Z" changeset="97916051" uid="10140135" user="AlwaysSunnyInMapadelphia"/>
  <node id="6391743692" lat="18.0037780" lon="-94.5468179" version="2" timestamp="2021-01-21T15:55:39Z" changeset="97916051" uid="10140135" user="AlwaysSunnyInMapadelphia"/>
  <node id="6391743693" lat="18.0031826" lon="-94.5466919" version="2" timestamp="2021-01-21T15:55:39Z" changeset="97916051" uid="10140135" user="AlwaysSunnyInMapadelphia"/>
  <node id="6391743694" lat="18.0038064" lon="-94.5465830" version="2" timestamp="2021-01-21T15:55:39Z" changeset="97916051" uid="10140135" user="AlwaysSunnyInMapadelphia"/>
  <node id="6391743695" lat="18.0036838" lon="-94.5492515" version="1" timestamp="2019-04-08T18:54:09Z" changeset="69019244" uid="9497207" user="Gamadarkness"/>
  <node id="6391743696" lat="18.0033215" lon="-94.5494178" version="1" timestamp="2019-04-08T18:54:09Z" changeset="69019244" uid="9497207" user="Gamadarkness"/>
  <node id="6391743697" lat="18.0036761" lon="-94.5501206" version="1" timestamp="2019-04-08T18:54:09Z" changeset="69019244" uid="9497207" user="Gamadarkness"/>
  <node id="6391743698" lat="18.0029619" lon="-94.5495975" version="1" timestamp="2019-04-08T18:54:09Z" changeset="69019244" uid="9497207" user="Gamadarkness"/>
  <node id="6391743699" lat="18.0033241" lon="-94.5503512" version="1" timestamp="2019-04-08T18:54:09Z" changeset="69019244" uid="9497207" user="Gamadarkness"/>
  <node id="6391743700" lat="18.0025461" lon="-94.5497746" version="1" timestamp="2019-04-08T18:54:09Z" changeset="69019244" uid="9497207" user="Gamadarkness"/>
  <node id="6391743701" lat="18.0029032" lon="-94.5504961" version="1" timestamp="2019-04-08T18:54:09Z" changeset="69019244" uid="9497207" user="Gamadarkness"/>
  <node id="6391743702" lat="18.0021685" lon="-94.5500025" version="1" timestamp="2019-04-08T18:54:09Z" changeset="69019244" uid="9497207" user="Gamadarkness"/>
  <node id="6391743703" lat="18.0024848" lon="-94.5506195" version="1" timestamp="2019-04-08T18:54:09Z" changeset="69019244" uid="9497207" user="Gamadarkness"/>
  <node id="6391743704" lat="18.0018267" lon="-94.5501930" version="1" timestamp="2019-04-08T18:54:09Z" changeset="69019244" uid="9497207" user="Gamadarkness"/>
  <node id="6391743705" lat="18.0021073" lon="-94.5509038" version="1" timestamp="2019-04-08T18:54:09Z" changeset="69019244" uid="9497207" user="Gamadarkness"/>
  <node id="6391743706" lat="18.0015436" lon="-94.5502654" version="1" timestamp="2019-04-08T18:54:09Z" changeset="69019244" uid="9497207" user="Gamadarkness"/>
  <node id="6391743707" lat="18.0014874" lon="-94.5503190" version="1" timestamp="2019-04-08T18:54:09Z" changeset="69019244" uid="9497207" user="Gamadarkness"/>
  <node id="6391743708" lat="18.0014798" lon="-94.5506087" version="1" timestamp="2019-04-08T18:54:09Z" changeset="69019244" uid="9497207" user="Gamadarkness"/>
  <node id="6391743709" lat="18.0016328" lon="-94.5508716" version="1" timestamp="2019-04-08T18:54:09Z" changeset="69019244" uid="9497207" user="Gamadarkness"/>
  <node id="6391747696" lat="18.0016003" lon="-94.5522560" version="1" timestamp="2019-04-08T18:57:49Z" changeset="69019357" uid="9497207" user="Gamadarkness"/>
  <node id="6391747697" lat="17.9995676" lon="-94.5544947" version="1" timestamp="2019-04-08T18:57:49Z" changeset="69019357" uid="9497207" user="Gamadarkness"/>
  <node id="6391747698" lat="18.0002133" lon="-94.5555512" version="2" timestamp="2020-12-08T06:59:57Z" changeset="95464816" uid="10811160" user="BanjaraHills"/>
  <node id="6391747700" lat="18.0005709" lon="-94.5552702" version="1" timestamp="2019-04-08T18:57:49Z" changeset="69019357" uid="9497207" user="Gamadarkness"/>
  <node id="6391747701" lat="18.0009566" lon="-94.5560932" version="1" timestamp="2019-04-08T18:57:49Z" changeset="69019357" uid="9497207" user="Gamadarkness"/>
  <node id="6391747702" lat="18.0017081" lon="-94.5576589" version="2" timestamp="2019-04-08T19:09:13Z" changeset="69019678" uid="9497207" user="Gamadarkness"/>
  <node id="6391747703" lat="18.0018616" lon="-94.5575456" version="1" timestamp="2019-04-08T18:57:49Z" changeset="69019357" uid="9497207" user="Gamadarkness"/>
  <node id="6391766608" lat="17.9993626" lon="-94.5602973" version="1" timestamp="2019-04-08T19:09:12Z" changeset="69019678" uid="9497207" user="Gamadarkness"/>
  <node id="6391766609" lat="17.9990858" lon="-94.5606490" version="1" timestamp="2019-04-08T19:09:12Z" changeset="69019678" uid="9497207" user="Gamadarkness"/>
  <node id="6391766610" lat="17.9991782" lon="-94.5605022" version="1" timestamp="2019-04-08T19:09:12Z" changeset="69019678" uid="9497207" user="Gamadarkness"/>
  <node id="6391766611" lat="18.0026080" lon="-94.5573159" version="1" timestamp="2019-04-08T19:09:12Z" changeset="69019678" uid="9497207" user="Gamadarkness"/>
  <node id="6391766612" lat="18.0025015" lon="-94.5573235" version="1" timestamp="2019-04-08T19:09:12Z" changeset="69019678" uid="9497207" user="Gamadarkness"/>
  <node id="6391766613" lat="18.0024891" lon="-94.5573352" version="1" timestamp="2019-04-08T19:09:12Z" changeset="69019678" uid="9497207" user="Gamadarkness"/>
  <node id="6391766614" lat="18.0020216" lon="-94.5577782" version="1" timestamp="2019-04-08T19:09:12Z" changeset="69019678" uid="9497207" user="Gamadarkness"/>
  <node id="6391766615" lat="18.0018620" lon="-94.5579125" version="2" timestamp="2019-06-20T16:43:18Z" changeset="71452468" uid="3265371" user="Andrew Matheny"/>
  <node id="6391766616" lat="18.0016683" lon="-94.5580755" version="1" timestamp="2019-04-08T19:09:12Z" changeset="69019678" uid="9497207" user="Gamadarkness"/>
  <node id="6391766617" lat="18.0012569" lon="-94.5584718" version="1" timestamp="2019-04-08T19:09:12Z" changeset="69019678" uid="9497207" user="Gamadarkness"/>
  <node id="6391766618" lat="18.0007054" lon="-94.5590033" version="1" timestamp="2019-04-08T19:09:12Z" changeset="69019678" uid="9497207" user="Gamadarkness"/>
  <node id="6391766619" lat="18.0002262" lon="-94.5594651" version="1" timestamp="2019-04-08T19:09:12Z" changeset="69019678" uid="9497207" user="Gamadarkness"/>
  <node id="6391766621" lat="17.9991784" lon="-94.5607520" version="1" timestamp="2019-04-08T19:09:13Z" changeset="69019678" uid="9497207" user="Gamadarkness"/>
  <node id="6391766623" lat="17.9993211" lon="-94.5606923" version="1" timestamp="2019-04-08T19:09:13Z" changeset="69019678" uid="9497207" user="Gamadarkness"/>
  <node id="6391766624" lat="17.9995608" lon="-94.5604687" version="1" timestamp="2019-04-08T19:09:13Z" changeset="69019678" uid="9497207" user="Gamadarkness"/>
  <node id="6391766625" lat="18.0018394" lon="-94.5583115" version="1" timestamp="2019-04-08T19:09:13Z" changeset="69019678" uid="9497207" user="Gamadarkness"/>
  <node id="6391766626" lat="18.0022029" lon="-94.5579497" version="1" timestamp="2019-04-08T19:09:13Z" changeset="69019678" uid="9497207" user="Gamadarkness"/>
  <node id="6391766627" lat="18.0026287" lon="-94.5575309" version="1" timestamp="2019-04-08T19:09:13Z" changeset="69019678" uid="9497207" user="Gamadarkness"/>
  <node id="6391766628" lat="18.0026943" lon="-94.5573757" version="1" timestamp="2019-04-08T19:09:13Z" changeset="69019678" uid="9497207" user="Gamadarkness"/>
  <node id="6561333544" lat="18.0152159" lon="-94.5665333" version="1" timestamp="2019-06-20T16:43:18Z" changeset="71452468" uid="3265371" user="Andrew Matheny"/>
  <node id="6561333545" lat="18.0019036" lon="-94.5582476" version="1" timestamp="2019-06-20T16:43:18Z" changeset="71452468" uid="3265371" user="Andrew Matheny">
    <tag k="railway" v="level_crossing"/>
  </node>
  <node id="6561333546" lat="18.0017476" lon="-94.5580088" version="1" timestamp="2019-06-20T16:43:18Z" changeset="71452468" uid="3265371" user="Andrew Matheny">
    <tag k="railway" v="level_crossing"/>
  </node>
  <node id="6561333547" lat="18.0018874" lon="-94.5582251" version="1" timestamp="2019-06-20T16:43:18Z" changeset="71452468" uid="3265371" user="Andrew Matheny"/>
  <node id="6561333548" lat="18.0017651" lon="-94.5580359" version="1" timestamp="2019-06-20T16:43:18Z" changeset="71452468" uid="3265371" user="Andrew Matheny"/>
  <node id="6561333550" lat="18.0091175" lon="-94.5784920" version="1" timestamp="2019-06-20T16:43:18Z" changeset="71452468" uid="3265371" user="Andrew Matheny"/>
  <node id="6561333551" lat="18.0091807" lon="-94.5788564" version="1" timestamp="2019-06-20T16:43:18Z" changeset="71452468" uid="3265371" user="Andrew Matheny"/>
  <node id="6561333553" lat="18.0049011" lon="-94.5448747" version="1" timestamp="2019-06-20T16:43:18Z" changeset="71452468" uid="3265371" user="Andrew Matheny"/>
  <node id="6561335318" lat="18.0128632" lon="-94.5752870" version="1" timestamp="2019-06-20T16:43:18Z" changeset="71452468" uid="3265371" user="Andrew Matheny"/>
  <node id="6561335319" lat="18.0128221" lon="-94.5754285" version="1" timestamp="2019-06-20T16:43:18Z" changeset="71452468" uid="3265371" user="Andrew Matheny"/>
  <node id="6561335320" lat="18.0127893" lon="-94.5755724" version="1" timestamp="2019-06-20T16:43:18Z" changeset="71452468" uid="3265371" user="Andrew Matheny"/>
  <node id="6561335321" lat="18.0127651" lon="-94.5757182" version="1" timestamp="2019-06-20T16:43:18Z" changeset="71452468" uid="3265371" user="Andrew Matheny"/>
  <node id="6561335322" lat="18.0127494" lon="-94.5758653" version="1" timestamp="2019-06-20T16:43:18Z" changeset="71452468" uid="3265371" user="Andrew Matheny"/>
  <node id="6561335323" lat="18.0127425" lon="-94.5760131" version="1" timestamp="2019-06-20T16:43:18Z" changeset="71452468" uid="3265371" user="Andrew Matheny"/>
  <node id="6561335324" lat="18.0127535" lon="-94.5762972" version="1" timestamp="2019-06-20T16:43:18Z" changeset="71452468" uid="3265371" user="Andrew Matheny"/>
  <node id="6561335325" lat="18.0127702" lon="-94.5764326" version="1" timestamp="2019-06-20T16:43:18Z" changeset="71452468" uid="3265371" user="Andrew Matheny"/>
  <node id="6561335326" lat="18.0127942" lon="-94.5765668" version="1" timestamp="2019-06-20T16:43:18Z" changeset="71452468" uid="3265371" user="Andrew Matheny"/>
  <node id="6561335327" lat="18.0128255" lon="-94.5766993" version="1" timestamp="2019-06-20T16:43:18Z" changeset="71452468" uid="3265371" user="Andrew Matheny"/>
  <node id="6561335328" lat="18.0128638" lon="-94.5768298" version="1" timestamp="2019-06-20T16:43:18Z" changeset="71452468" uid="3265371" user="Andrew Matheny"/>
  <node id="6561335329" lat="18.0129092" lon="-94.5769577" version="1" timestamp="2019-06-20T16:43:18Z" changeset="71452468" uid="3265371" user="Andrew Matheny"/>
  <node id="6561335330" lat="18.0127442" lon="-94.5761611" version="1" timestamp="2019-06-20T16:43:18Z" changeset="71452468" uid="3265371" user="Andrew Matheny"/>
  <node id="6561335331" lat="18.0118249" lon="-94.5758085" version="1" timestamp="2019-06-20T16:43:18Z" changeset="71452468" uid="3265371" user="Andrew Matheny">
    <tag k="railway" v="level_crossing"/>
  </node>
  <node id="6561335369" lat="18.0132760" lon="-94.5775454" version="1" timestamp="2019-06-20T16:43:18Z" changeset="71452468" uid="3265371" user="Andrew Matheny"/>
  <node id="6561335394" lat="18.0042437" lon="-94.5449506" version="3" timestamp="2021-01-21T15:55:39Z" changeset="97916051" uid="10140135" user="AlwaysSunnyInMapadelphia"/>
  <node id="6561335396" lat="17.9998612" lon="-94.5465535" version="1" timestamp="2019-06-20T16:43:18Z" changeset="71452468" uid="3265371" user="Andrew Matheny"/>
  <node id="6561335429" lat="18.0019077" lon="-94.5452011" version="2" timestamp="2021-01-21T15:55:39Z" changeset="97916051" uid="10140135" user="AlwaysSunnyInMapadelphia"/>
  <node id="6561335431" lat="18.0031001" lon="-94.5450720" version="2" timestamp="2021-01-21T15:55:39Z" changeset="97916051" uid="10140135" user="AlwaysSunnyInMapadelphia"/>
  <node id="6561335432" lat="18.0036774" lon="-94.5450111" version="2" timestamp="2021-01-21T15:55:39Z" changeset="97916051" uid="10140135" user="AlwaysSunnyInMapadelphia"/>
  <node id="6561335476" lat="18.0116914" lon="-94.5486044" version="2" timestamp="2023-07-27T20:17:13Z" changeset="139105870" uid="17365610" user="म्यापर"/>
  <node id="6942506555" lat="17.9885943" lon="-94.5806911" version="1" timestamp="2019-11-03T09:29:24Z" changeset="76546254" uid="109705" user="gscholz"/>
  <node id="7151820072" lat="18.0184617" lon="-94.5638913" version="1" timestamp="2020-01-22T16:50:51Z" changeset="79929535" uid="72235" user="Basstoelpel">
    <tag k="power" v="tower"/>
  </node>
  <node id="7151830495" lat="18.0171378" lon="-94.5667049" version="1" timestamp="2020-01-22T16:50:51Z" changeset="79929535" uid="72235" user="Basstoelpel">
    <tag k="design" v="three-level"/>
    <tag k="power" v="tower"/>
  </node>
  <node id="7151830503" lat="18.0197931" lon="-94.5610616" version="1" timestamp="2020-01-22T16:50:51Z" changeset="79929535" uid="72235" user="Basstoelpel">
    <tag k="design" v="three-level"/>
    <tag k="power" v="tower"/>
  </node>
  <node id="7151830504" lat="18.0210148" lon="-94.5584598" version="1" timestamp="2020-01-22T16:50:51Z" changeset="79929535" uid="72235" user="Basstoelpel">
    <tag k="design" v="three-level"/>
    <tag k="power" v="tower"/>
  </node>
  <node id="7151830505" lat="18.0205353" lon="-94.5557521" version="1" timestamp="2020-01-22T16:50:51Z" changeset="79929535" uid="72235" user="Basstoelpel">
    <tag k="design" v="three-level"/>
    <tag k="power" v="tower"/>
  </node>
  <node id="7151830506" lat="18.0201259" lon="-94.5534039" version="1" timestamp="2020-01-22T16:50:51Z" changeset="79929535" uid="72235" user="Basstoelpel">
    <tag k="design" v="three-level"/>
    <tag k="power" v="tower"/>
  </node>
  <node id="7151830507" lat="18.0195138" lon="-94.5502871" version="1" timestamp="2020-01-22T16:50:51Z" changeset="79929535" uid="72235" user="Basstoelpel">
    <tag k="design" v="three-level"/>
    <tag k="power" v="tower"/>
  </node>
  <node id="7151830512" lat="18.0190585" lon="-94.5475198" version="1" timestamp="2020-01-22T16:50:51Z" changeset="79929535" uid="72235" user="Basstoelpel">
    <tag k="design" v="three-level"/>
    <tag k="power" v="tower"/>
  </node>
  <node id="7266773757" lat="18.0025067" lon="-94.5451373" version="2" timestamp="2021-01-21T15:55:39Z" changeset="97916051" uid="10140135" user="AlwaysSunnyInMapadelphia"/>
  <node id="8167021709" lat="18.0101128" lon="-94.5463004" version="3" timestamp="2023-07-27T20:17:13Z" changeset="139105870" uid="17365610" user="म्यापर"/>
  <node id="8178877925" lat="17.9994148" lon="-94.5451160" version="1" timestamp="2020-11-30T08:57:05Z" changeset="95030075" uid="10811160" user="BanjaraHills"/>
  <node id="8178965212" lat="18.0151100" lon="-94.5602793" version="1" timestamp="2020-11-30T09:34:48Z" changeset="95033027" uid="10210102" user="Juneautown"/>
  <node id="8178991497" lat="18.0148068" lon="-94.5599532" version="1" timestamp="2020-11-30T09:40:01Z" changeset="95033420" uid="10210102" user="Juneautown"/>
  <node id="8178991498" lat="18.0152125" lon="-94.5584712" version="2" timestamp="2020-12-07T11:08:44Z" changeset="95416378" uid="10811160" user="BanjaraHills"/>
  <node id="8178991499" lat="18.0150272" lon="-94.5592216" version="3" timestamp="2021-01-05T16:46:36Z" changeset="96994414" uid="9633823" user="127logs"/>
  <node id="8179010441" lat="18.0030925" lon="-94.5449776" version="2" timestamp="2021-01-21T15:55:39Z" changeset="97916051" uid="10140135" user="AlwaysSunnyInMapadelphia"/>
  <node id="8189384836" lat="18.0152362" lon="-94.5583656" version="3" timestamp="2020-12-07T11:08:44Z" changeset="95416378" uid="10811160" user="BanjaraHills"/>
  <node id="8189424266" lat="18.0137703" lon="-94.5566976" version="2" timestamp="2020-12-07T11:08:44Z" changeset="95416378" uid="10811160" user="BanjaraHills"/>
  <node id="8189424267" lat="18.0129700" lon="-94.5557769" version="2" timestamp="2020-12-08T09:54:40Z" changeset="95476359" uid="10811160" user="BanjaraHills"/>
  <node id="8189424268" lat="18.0121266" lon="-94.5547953" version="2" timestamp="2020-12-08T09:54:40Z" changeset="95476359" uid="10811160" user="BanjaraHills"/>
  <node id="8189424269" lat="18.0113490" lon="-94.5538913" version="2" timestamp="2020-12-08T09:54:40Z" changeset="95476359" uid="10811160" user="BanjaraHills"/>
  <node id="8189424270" lat="18.0104702" lon="-94.5528761" version="2" timestamp="2020-12-08T09:54:40Z" changeset="95476359" uid="10811160" user="BanjaraHills"/>
  <node id="8189424272" lat="18.0091133" lon="-94.5512964" version="3" timestamp="2023-07-27T20:17:13Z" changeset="139105870" uid="17365610" user="म्यापर"/>
  <node id="8200953083" lat="18.0062767" lon="-94.5608014" version="1" timestamp="2020-12-07T06:46:58Z" changeset="95399064" uid="10811160" user="BanjaraHills"/>
  <node id="8200953084" lat="18.0063972" lon="-94.5610679" version="1" timestamp="2020-12-07T06:46:58Z" changeset="95399064" uid="10811160" user="BanjaraHills"/>
  <node id="8200953085" lat="18.0051314" lon="-94.5602703" version="1" timestamp="2020-12-07T06:46:58Z" changeset="95399064" uid="10811160" user="BanjaraHills"/>
  <node id="8200953086" lat="17.9965130" lon="-94.5587440" version="1" timestamp="2020-12-07T06:46:58Z" changeset="95399064" uid="10811160" user="BanjaraHills"/>
  <node id="8201187200" lat="18.0050395" lon="-94.5577866" version="1" timestamp="2020-12-07T08:16:53Z" changeset="95403744" uid="10811160" user="BanjaraHills"/>
  <node id="8201187201" lat="18.0052314" lon="-94.5580930" version="1" timestamp="2020-12-07T08:16:53Z" changeset="95403744" uid="10811160" user="BanjaraHills"/>
  <node id="8201187202" lat="18.0041795" lon="-94.5563899" version="1" timestamp="2020-12-07T08:16:53Z" changeset="95403744" uid="10811160" user="BanjaraHills"/>
  <node id="8201187203" lat="18.0047263" lon="-94.5560307" version="1" timestamp="2020-12-07T08:16:53Z" changeset="95403744" uid="10811160" user="BanjaraHills"/>
  <node id="8201187204" lat="18.0048038" lon="-94.5589050" version="1" timestamp="2020-12-07T08:16:53Z" changeset="95403744" uid="10811160" user="BanjaraHills"/>
  <node id="8201187205" lat="18.0051926" lon="-94.5595367" version="1" timestamp="2020-12-07T08:16:53Z" changeset="95403744" uid="10811160" user="BanjaraHills"/>
  <node id="8201187206" lat="18.0045494" lon="-94.5591276" version="1" timestamp="2020-12-07T08:16:53Z" changeset="95403744" uid="10811160" user="BanjaraHills"/>
  <node id="8201187207" lat="18.0051106" lon="-94.5586365" version="1" timestamp="2020-12-07T08:16:53Z" changeset="95403744" uid="10811160" user="BanjaraHills"/>
  <node id="8201187208" lat="18.0038520" lon="-94.5561375" version="1" timestamp="2020-12-07T08:16:53Z" changeset="95403744" uid="10811160" user="BanjaraHills"/>
  <node id="8201187209" lat="18.0039545" lon="-94.5562476" version="1" timestamp="2020-12-07T08:16:53Z" changeset="95403744" uid="10811160" user="BanjaraHills"/>
  <node id="8201353636" lat="18.0004770" lon="-94.5560436" version="1" timestamp="2020-12-07T09:16:33Z" changeset="95408246" uid="10811160" user="BanjaraHills">
    <tag k="railway" v="level_crossing"/>
  </node>
  <node id="8201353637" lat="17.9995038" lon="-94.5545385" version="1" timestamp="2020-12-07T09:16:33Z" changeset="95408246" uid="10811160" user="BanjaraHills">
    <tag k="railway" v="level_crossing"/>
  </node>
  <node id="8201659395" lat="18.0144047" lon="-94.5595207" version="1" timestamp="2020-12-07T11:08:44Z" changeset="95416378" uid="10811160" user="BanjaraHills"/>
  <node id="8201689396" lat="18.0122129" lon="-94.5529013" version="2" timestamp="2020-12-08T09:54:40Z" changeset="95476359" uid="10811160" user="BanjaraHills"/>
  <node id="8201689397" lat="18.0117454" lon="-94.5533456" version="1" timestamp="2020-12-07T11:29:31Z" changeset="95417856" uid="10811160" user="BanjaraHills"/>
  <node id="8201689398" lat="18.0112692" lon="-94.5537981" version="2" timestamp="2020-12-08T09:54:40Z" changeset="95476359" uid="10811160" user="BanjaraHills"/>
  <node id="8201689399" lat="18.0112037" lon="-94.5538608" version="2" timestamp="2020-12-08T09:54:40Z" changeset="95476359" uid="10811160" user="BanjaraHills"/>
  <node id="8201689400" lat="18.0107306" lon="-94.5543103" version="1" timestamp="2020-12-07T11:29:31Z" changeset="95417856" uid="10811160" user="BanjaraHills"/>
  <node id="8201689401" lat="18.0102634" lon="-94.5547544" version="1" timestamp="2020-12-07T11:29:31Z" changeset="95417856" uid="10811160" user="BanjaraHills"/>
  <node id="8201689402" lat="18.0097773" lon="-94.5552166" version="1" timestamp="2020-12-07T11:29:31Z" changeset="95417856" uid="10811160" user="BanjaraHills"/>
  <node id="8201689403" lat="18.0097140" lon="-94.5552768" version="1" timestamp="2020-12-07T11:29:31Z" changeset="95417856" uid="10811160" user="BanjaraHills"/>
  <node id="8201689404" lat="18.0092327" lon="-94.5557342" version="1" timestamp="2020-12-07T11:29:31Z" changeset="95417856" uid="10811160" user="BanjaraHills"/>
  <node id="8201689405" lat="18.0087691" lon="-94.5561750" version="1" timestamp="2020-12-07T11:29:31Z" changeset="95417856" uid="10811160" user="BanjaraHills"/>
  <node id="8201689406" lat="18.0125893" lon="-94.5525071" version="1" timestamp="2020-12-07T11:29:31Z" changeset="95417856" uid="10811160" user="BanjaraHills"/>
  <node id="8201689407" lat="18.0087444" lon="-94.5562305" version="2" timestamp="2021-01-06T20:29:13Z" changeset="97070320" uid="9633823" user="127logs"/>
  <node id="8201689408" lat="18.0095351" lon="-94.5572101" version="1" timestamp="2020-12-07T11:29:31Z" changeset="95417856" uid="10811160" user="BanjaraHills"/>
  <node id="8201689409" lat="18.0103952" lon="-94.5582101" version="2" timestamp="2020-12-07T12:05:12Z" changeset="95420188" uid="10811160" user="BanjaraHills"/>
  <node id="8201689410" lat="18.0110300" lon="-94.5589473" version="1" timestamp="2020-12-07T11:29:31Z" changeset="95417856" uid="10811160" user="BanjaraHills"/>
  <node id="8201689411" lat="18.0111940" lon="-94.5591305" version="1" timestamp="2020-12-07T11:29:31Z" changeset="95417856" uid="10811160" user="BanjaraHills"/>
  <node id="8201689412" lat="18.0121990" lon="-94.5602524" version="1" timestamp="2020-12-07T11:29:31Z" changeset="95417856" uid="10811160" user="BanjaraHills"/>
  <node id="8201689413" lat="18.0089756" lon="-94.5543115" version="1" timestamp="2020-12-07T11:29:31Z" changeset="95417856" uid="10811160" user="BanjaraHills"/>
  <node id="8201689414" lat="18.0098600" lon="-94.5553099" version="1" timestamp="2020-12-07T11:29:31Z" changeset="95417856" uid="10811160" user="BanjaraHills"/>
  <node id="8201689415" lat="18.0106063" lon="-94.5562122" version="1" timestamp="2020-12-07T11:29:31Z" changeset="95417856" uid="10811160" user="BanjaraHills"/>
  <node id="8201689416" lat="18.0114811" lon="-94.5571990" version="2" timestamp="2020-12-07T12:05:12Z" changeset="95420188" uid="10811160" user="BanjaraHills"/>
  <node id="8201712017" lat="18.0122667" lon="-94.5581184" version="1" timestamp="2020-12-07T11:29:31Z" changeset="95417856" uid="10811160" user="BanjaraHills"/>
  <node id="8201712018" lat="18.0130770" lon="-94.5590310" version="1" timestamp="2020-12-07T11:29:31Z" changeset="95417856" uid="10811160" user="BanjaraHills"/>
  <node id="8201712019" lat="18.0076169" lon="-94.5527309" version="1" timestamp="2020-12-07T11:29:31Z" changeset="95417856" uid="10811160" user="BanjaraHills"/>
  <node id="8201712020" lat="18.0137097" lon="-94.5597367" version="2" timestamp="2021-01-05T19:32:19Z" changeset="97001860" uid="9633823" user="127logs"/>
  <node id="8201813289" lat="18.0089625" lon="-94.5559911" version="1" timestamp="2020-12-07T12:05:12Z" changeset="95420188" uid="10811160" user="BanjaraHills"/>
  <node id="8201813290" lat="18.0090397" lon="-94.5560650" version="2" timestamp="2021-01-06T20:29:13Z" changeset="97070320" uid="9633823" user="127logs"/>
  <node id="8201813291" lat="18.0091515" lon="-94.5567513" version="1" timestamp="2020-12-07T12:05:12Z" changeset="95420188" uid="10811160" user="BanjaraHills"/>
  <node id="8201813292" lat="18.0092048" lon="-94.5566974" version="1" timestamp="2020-12-07T12:05:12Z" changeset="95420188" uid="10811160" user="BanjaraHills"/>
  <node id="8201813296" lat="18.0129272" lon="-94.5557246" version="2" timestamp="2020-12-08T09:54:40Z" changeset="95476359" uid="10811160" user="BanjaraHills"/>
  <node id="8201813297" lat="18.0128742" lon="-94.5557733" version="2" timestamp="2020-12-08T09:54:40Z" changeset="95476359" uid="10811160" user="BanjaraHills"/>
  <node id="8201813298" lat="18.0124031" lon="-94.5562297" version="1" timestamp="2020-12-07T12:05:12Z" changeset="95420188" uid="10811160" user="BanjaraHills"/>
  <node id="8201813299" lat="18.0119256" lon="-94.5566702" version="1" timestamp="2020-12-07T12:05:12Z" changeset="95420188" uid="10811160" user="BanjaraHills"/>
  <node id="8201813300" lat="18.0114300" lon="-94.5571413" version="1" timestamp="2020-12-07T12:05:12Z" changeset="95420188" uid="10811160" user="BanjaraHills"/>
  <node id="8201813301" lat="18.0113732" lon="-94.5571984" version="1" timestamp="2020-12-07T12:05:12Z" changeset="95420188" uid="10811160" user="BanjaraHills"/>
  <node id="8201813302" lat="18.0108970" lon="-94.5576287" version="1" timestamp="2020-12-07T12:05:12Z" changeset="95420188" uid="10811160" user="BanjaraHills"/>
  <node id="8201813303" lat="18.0104040" lon="-94.5580939" version="1" timestamp="2020-12-07T12:05:12Z" changeset="95420188" uid="10811160" user="BanjaraHills"/>
  <node id="8201813304" lat="18.0103461" lon="-94.5581531" version="1" timestamp="2020-12-07T12:05:12Z" changeset="95420188" uid="10811160" user="BanjaraHills"/>
  <node id="8201813306" lat="18.0100166" lon="-94.5585080" version="1" timestamp="2020-12-07T12:05:12Z" changeset="95420188" uid="10811160" user="BanjaraHills"/>
  <node id="8201813308" lat="18.0074791" lon="-94.5617212" version="1" timestamp="2020-12-07T12:05:12Z" changeset="95420188" uid="10811160" user="BanjaraHills"/>
  <node id="8201813310" lat="18.0085380" lon="-94.5624771" version="1" timestamp="2020-12-07T12:05:12Z" changeset="95420188" uid="10811160" user="BanjaraHills"/>
  <node id="8201813312" lat="18.0082615" lon="-94.5585416" version="1" timestamp="2020-12-07T12:05:12Z" changeset="95420188" uid="10811160" user="BanjaraHills"/>
  <node id="8201813313" lat="18.0087848" lon="-94.5581970" version="1" timestamp="2020-12-07T12:05:12Z" changeset="95420188" uid="10811160" user="BanjaraHills"/>
  <node id="8201813314" lat="18.0063073" lon="-94.5583391" version="2" timestamp="2020-12-09T10:40:48Z" changeset="95546504" uid="10019202" user="Caravanserai"/>
  <node id="8201813315" lat="18.0063398" lon="-94.5577987" version="1" timestamp="2020-12-07T12:05:12Z" changeset="95420188" uid="10811160" user="BanjaraHills"/>
  <node id="8201813316" lat="18.0067770" lon="-94.5577446" version="2" timestamp="2025-09-12T18:31:44Z" changeset="171845725" uid="23279192" user="AndresSM30"/>
  <node id="8201819817" lat="18.0067744" lon="-94.5579066" version="1" timestamp="2020-12-07T12:05:12Z" changeset="95420188" uid="10811160" user="BanjaraHills"/>
  <node id="8201819818" lat="18.0062901" lon="-94.5579274" version="1" timestamp="2020-12-07T12:05:12Z" changeset="95420188" uid="10811160" user="BanjaraHills"/>
  <node id="8201819819" lat="18.0062843" lon="-94.5584062" version="2" timestamp="2020-12-09T10:40:48Z" changeset="95546504" uid="10019202" user="Caravanserai"/>
  <node id="8201819820" lat="18.0061494" lon="-94.5585286" version="1" timestamp="2020-12-07T12:05:12Z" changeset="95420188" uid="10811160" user="BanjaraHills"/>
  <node id="8204197232" lat="18.0080635" lon="-94.5565179" version="1" timestamp="2020-12-08T04:19:49Z" changeset="95456561" uid="10811160" user="BanjaraHills"/>
  <node id="8204197233" lat="18.0083966" lon="-94.5572173" version="1" timestamp="2020-12-08T04:19:49Z" changeset="95456561" uid="10811160" user="BanjaraHills"/>
  <node id="8204576578" lat="18.0005324" lon="-94.5560083" version="1" timestamp="2020-12-08T06:59:57Z" changeset="95464816" uid="10811160" user="BanjaraHills"/>
  <node id="8204576579" lat="18.0022389" lon="-94.5557187" version="1" timestamp="2020-12-08T06:59:57Z" changeset="95464816" uid="10811160" user="BanjaraHills"/>
  <node id="8204576580" lat="18.0027388" lon="-94.5553546" version="1" timestamp="2020-12-08T06:59:57Z" changeset="95464816" uid="10811160" user="BanjaraHills"/>
  <node id="8204576581" lat="18.0023955" lon="-94.5559455" version="1" timestamp="2020-12-08T06:59:57Z" changeset="95464816" uid="10811160" user="BanjaraHills"/>
  <node id="8204576582" lat="18.0029001" lon="-94.5556063" version="1" timestamp="2020-12-08T06:59:57Z" changeset="95464816" uid="10811160" user="BanjaraHills"/>
  <node id="8204576583" lat="18.0060829" lon="-94.5540019" version="1" timestamp="2020-12-08T06:59:57Z" changeset="95464816" uid="10811160" user="BanjaraHills"/>
  <node id="8204576584" lat="18.0061769" lon="-94.5541137" version="1" timestamp="2020-12-08T06:59:57Z" changeset="95464816" uid="10811160" user="BanjaraHills"/>
  <node id="8204606190" lat="18.0036604" lon="-94.5549670" version="1" timestamp="2020-12-08T07:28:59Z" changeset="95467152" uid="10811160" user="BanjaraHills"/>
  <node id="8204606191" lat="18.0034038" lon="-94.5545445" version="1" timestamp="2020-12-08T07:28:59Z" changeset="95467152" uid="10811160" user="BanjaraHills"/>
  <node id="8204606192" lat="18.0035383" lon="-94.5544613" version="1" timestamp="2020-12-08T07:28:59Z" changeset="95467152" uid="10811160" user="BanjaraHills"/>
  <node id="8204606193" lat="18.0037972" lon="-94.5548734" version="1" timestamp="2020-12-08T07:28:59Z" changeset="95467152" uid="10811160" user="BanjaraHills"/>
  <node id="8204606194" lat="18.0033634" lon="-94.5551702" version="1" timestamp="2020-12-08T07:28:59Z" changeset="95467152" uid="10811160" user="BanjaraHills"/>
  <node id="8204606195" lat="18.0048581" lon="-94.5533111" version="1" timestamp="2020-12-08T07:28:59Z" changeset="95467152" uid="10811160" user="BanjaraHills"/>
  <node id="8204606196" lat="18.0041261" lon="-94.5539190" version="1" timestamp="2020-12-08T07:28:59Z" changeset="95467152" uid="10811160" user="BanjaraHills"/>
  <node id="8204606204" lat="18.0049432" lon="-94.5491847" version="1" timestamp="2020-12-08T07:28:59Z" changeset="95467152" uid="10811160" user="BanjaraHills"/>
  <node id="8204606205" lat="18.0049082" lon="-94.5491700" version="1" timestamp="2020-12-08T07:28:59Z" changeset="95467152" uid="10811160" user="BanjaraHills"/>
  <node id="8204606206" lat="18.0047500" lon="-94.5487636" version="1" timestamp="2020-12-08T07:28:59Z" changeset="95467152" uid="10811160" user="BanjaraHills"/>
  <node id="8204606207" lat="18.0051377" lon="-94.5479549" version="1" timestamp="2020-12-08T07:28:59Z" changeset="95467152" uid="10811160" user="BanjaraHills"/>
  <node id="8204606208" lat="18.0057027" lon="-94.5472348" version="1" timestamp="2020-12-08T07:28:59Z" changeset="95467152" uid="10811160" user="BanjaraHills"/>
  <node id="8204606209" lat="18.0053367" lon="-94.5475955" version="1" timestamp="2020-12-08T07:28:59Z" changeset="95467152" uid="10811160" user="BanjaraHills"/>
  <node id="8204606210" lat="18.0055931" lon="-94.5481615" version="1" timestamp="2020-12-08T07:28:59Z" changeset="95467152" uid="10811160" user="BanjaraHills"/>
  <node id="8204662677" lat="18.0055902" lon="-94.5548957" version="2" timestamp="2025-09-30T02:40:57Z" changeset="172639095" uid="23257776" user="TecNM campus Minatitlán"/>
  <node id="8204662678" lat="18.0054262" lon="-94.5550570" version="2" timestamp="2025-09-30T02:40:57Z" changeset="172639095" uid="23257776" user="TecNM campus Minatitlán"/>
  <node id="8204662679" lat="18.0054286" lon="-94.5552166" version="2" timestamp="2025-09-30T02:40:57Z" changeset="172639095" uid="23257776" user="TecNM campus Minatitlán"/>
  <node id="8204662680" lat="18.0055905" lon="-94.5551077" version="2" timestamp="2025-09-30T02:40:57Z" changeset="172639095" uid="23257776" user="TecNM campus Minatitlán"/>
  <node id="8204662681" lat="18.0056014" lon="-94.5546663" version="1" timestamp="2020-12-08T07:39:21Z" changeset="95467780" uid="10811160" user="BanjaraHills"/>
  <node id="8204939579" lat="18.0136271" lon="-94.5533977" version="1" timestamp="2020-12-08T09:22:02Z" changeset="95474131" uid="10811160" user="BanjaraHills"/>
  <node id="8205003683" lat="18.0098249" lon="-94.5503813" version="2" timestamp="2023-07-27T20:17:13Z" changeset="139105870" uid="17365610" user="म्यापर"/>
  <node id="8205003684" lat="18.0100316" lon="-94.5501845" version="2" timestamp="2023-07-27T20:17:13Z" changeset="139105870" uid="17365610" user="म्यापर"/>
  <node id="8205003691" lat="18.0105714" lon="-94.5498998" version="2" timestamp="2023-07-27T20:17:13Z" changeset="139105870" uid="17365610" user="म्यापर"/>
  <node id="8205003695" lat="18.0122606" lon="-94.5528513" version="1" timestamp="2020-12-08T09:54:40Z" changeset="95476359" uid="10811160" user="BanjaraHills"/>
  <node id="8205003696" lat="18.0123428" lon="-94.5529442" version="1" timestamp="2020-12-08T09:54:40Z" changeset="95476359" uid="10811160" user="BanjaraHills"/>
  <node id="8205003697" lat="18.0131440" lon="-94.5538490" version="1" timestamp="2020-12-08T09:54:40Z" changeset="95476359" uid="10811160" user="BanjaraHills"/>
  <node id="8205003702" lat="18.0118636" lon="-94.5556103" version="1" timestamp="2020-12-08T09:54:40Z" changeset="95476359" uid="10811160" user="BanjaraHills"/>
  <node id="8205003703" lat="18.0123400" lon="-94.5551739" version="1" timestamp="2020-12-08T09:54:40Z" changeset="95476359" uid="10811160" user="BanjaraHills"/>
  <node id="8205003704" lat="18.0124010" lon="-94.5551138" version="1" timestamp="2020-12-08T09:54:40Z" changeset="95476359" uid="10811160" user="BanjaraHills"/>
  <node id="8205003705" lat="18.0097746" lon="-94.5522014" version="1" timestamp="2020-12-08T09:54:40Z" changeset="95476359" uid="10811160" user="BanjaraHills"/>
  <node id="8205003706" lat="18.0098408" lon="-94.5521434" version="1" timestamp="2020-12-08T09:54:40Z" changeset="95476359" uid="10811160" user="BanjaraHills"/>
  <node id="8205003707" lat="18.0083066" lon="-94.5536530" version="1" timestamp="2020-12-08T09:54:40Z" changeset="95476359" uid="10811160" user="BanjaraHills"/>
  <node id="8205003708" lat="18.0083615" lon="-94.5535971" version="1" timestamp="2020-12-08T09:54:40Z" changeset="95476359" uid="10811160" user="BanjaraHills"/>
  <node id="8205145390" lat="18.0070403" lon="-94.5530319" version="2" timestamp="2023-07-27T20:17:13Z" changeset="139105870" uid="17365610" user="म्यापर"/>
  <node id="8205145391" lat="18.0071610" lon="-94.5531688" version="1" timestamp="2020-12-08T10:36:41Z" changeset="95479400" uid="10811160" user="BanjaraHills"/>
  <node id="8205223551" lat="18.0099153" lon="-94.5502952" version="2" timestamp="2023-07-27T20:17:13Z" changeset="139105870" uid="17365610" user="म्यापर"/>
  <node id="8205368042" lat="18.0077377" lon="-94.5551949" version="1" timestamp="2020-12-08T12:06:48Z" changeset="95485872" uid="10811160" user="BanjaraHills"/>
  <node id="8208206304" lat="18.0006101" lon="-94.5508093" version="1" timestamp="2020-12-09T04:33:33Z" changeset="95522717" uid="10811160" user="BanjaraHills"/>
  <node id="8209110170" lat="18.0068022" lon="-94.5595421" version="1" timestamp="2020-12-09T10:37:23Z" changeset="95546244" uid="10019202" user="Caravanserai"/>
  <node id="8209110171" lat="18.0083684" lon="-94.5606002" version="1" timestamp="2020-12-09T10:37:23Z" changeset="95546244" uid="10019202" user="Caravanserai"/>
  <node id="8209110172" lat="18.0046237" lon="-94.5557293" version="1" timestamp="2020-12-09T10:37:23Z" changeset="95546244" uid="10019202" user="Caravanserai"/>
  <node id="8209110173" lat="18.0057321" lon="-94.5576163" version="1" timestamp="2020-12-09T10:37:23Z" changeset="95546244" uid="10019202" user="Caravanserai"/>
  <node id="8209110174" lat="18.0050000" lon="-94.5563744" version="1" timestamp="2020-12-09T10:37:23Z" changeset="95546244" uid="10019202" user="Caravanserai"/>
  <node id="8209110175" lat="18.0065356" lon="-94.5555697" version="1" timestamp="2020-12-09T10:37:23Z" changeset="95546244" uid="10019202" user="Caravanserai"/>
  <node id="8209110176" lat="18.0062537" lon="-94.5550333" version="1" timestamp="2020-12-09T10:37:23Z" changeset="95546244" uid="10019202" user="Caravanserai"/>
  <node id="8209110177" lat="18.0059476" lon="-94.5544486" version="1" timestamp="2020-12-09T10:37:23Z" changeset="95546244" uid="10019202" user="Caravanserai"/>
  <node id="8209110178" lat="18.0077281" lon="-94.5612185" version="1" timestamp="2020-12-09T10:37:23Z" changeset="95546244" uid="10019202" user="Caravanserai"/>
  <node id="8209110179" lat="18.0068723" lon="-94.5561451" version="1" timestamp="2020-12-09T10:37:23Z" changeset="95546244" uid="10019202" user="Caravanserai"/>
  <node id="8209110180" lat="18.0081541" lon="-94.5584652" version="1" timestamp="2020-12-09T10:37:23Z" changeset="95546244" uid="10019202" user="Caravanserai"/>
  <node id="8209110181" lat="18.0087523" lon="-94.5595609" version="1" timestamp="2020-12-09T10:37:23Z" changeset="95546244" uid="10019202" user="Caravanserai"/>
  <node id="8209110182" lat="18.0081885" lon="-94.5602556" version="1" timestamp="2020-12-09T10:37:23Z" changeset="95546244" uid="10019202" user="Caravanserai"/>
  <node id="8209139030" lat="18.0068098" lon="-94.5577262" version="1" timestamp="2020-12-09T10:40:48Z" changeset="95546504" uid="10019202" user="Caravanserai"/>
  <node id="8209139031" lat="18.0063124" lon="-94.5577437" version="1" timestamp="2020-12-09T10:40:48Z" changeset="95546504" uid="10019202" user="Caravanserai"/>
  <node id="8209139032" lat="18.0062371" lon="-94.5578469" version="1" timestamp="2020-12-09T10:40:48Z" changeset="95546504" uid="10019202" user="Caravanserai"/>
  <node id="8209139033" lat="18.0062065" lon="-94.5579623" version="1" timestamp="2020-12-09T10:40:48Z" changeset="95546504" uid="10019202" user="Caravanserai"/>
  <node id="8209139034" lat="18.0062346" lon="-94.5583633" version="1" timestamp="2020-12-09T10:40:48Z" changeset="95546504" uid="10019202" user="Caravanserai"/>
  <node id="8209139035" lat="18.0063927" lon="-94.5583901" version="1" timestamp="2020-12-09T10:40:48Z" changeset="95546504" uid="10019202" user="Caravanserai"/>
  <node id="8209139036" lat="18.0063787" lon="-94.5579717" version="1" timestamp="2020-12-09T10:40:48Z" changeset="95546504" uid="10019202" user="Caravanserai"/>
  <node id="8209139037" lat="18.0068098" lon="-94.5579676" version="1" timestamp="2020-12-09T10:40:48Z" changeset="95546504" uid="10019202" user="Caravanserai"/>
  <node id="8209139038" lat="18.0055573" lon="-94.5552948" version="1" timestamp="2020-12-09T10:40:48Z" changeset="95546504" uid="10019202" user="Caravanserai"/>
  <node id="8209139039" lat="18.0055573" lon="-94.5551701" version="1" timestamp="2020-12-09T10:40:48Z" changeset="95546504" uid="10019202" user="Caravanserai"/>
  <node id="8209139040" lat="18.0056709" lon="-94.5551647" version="1" timestamp="2020-12-09T10:40:48Z" changeset="95546504" uid="10019202" user="Caravanserai"/>
  <node id="8209139041" lat="18.0056647" lon="-94.5547223" version="1" timestamp="2020-12-09T10:40:48Z" changeset="95546504" uid="10019202" user="Caravanserai"/>
  <node id="8209139042" lat="18.0053665" lon="-94.5550057" version="2" timestamp="2025-09-30T02:40:57Z" changeset="172639095" uid="23257776" user="TecNM campus Minatitlán"/>
  <node id="8209139043" lat="18.0053724" lon="-94.5552945" version="2" timestamp="2025-09-30T02:40:57Z" changeset="172639095" uid="23257776" user="TecNM campus Minatitlán"/>
  <node id="8294577468" lat="18.0136625" lon="-94.5598371" version="1" timestamp="2021-01-05T19:32:19Z" changeset="97001860" uid="9633823" user="127logs"/>
  <node id="8297956875" lat="18.0087586" lon="-94.5562913" version="1" timestamp="2021-01-06T20:29:13Z" changeset="97070320" uid="9633823" user="127logs"/>
  <node id="8297956876" lat="18.0088745" lon="-94.5563107" version="1" timestamp="2021-01-06T20:29:13Z" changeset="97070320" uid="9633823" user="127logs"/>
  <node id="8297956877" lat="18.0088747" lon="-94.5561974" version="1" timestamp="2021-01-06T20:29:13Z" changeset="97070320" uid="9633823" user="127logs"/>
  <node id="8297956878" lat="18.0083684" lon="-94.5537351" version="1" timestamp="2021-01-06T20:29:13Z" changeset="97070320" uid="9633823" user="127logs"/>
  <node id="8297956879" lat="18.0081350" lon="-94.5539095" version="1" timestamp="2021-01-06T20:29:13Z" changeset="97070320" uid="9633823" user="127logs"/>
  <node id="8297956880" lat="18.0081069" lon="-94.5540825" version="1" timestamp="2021-01-06T20:29:13Z" changeset="97070320" uid="9633823" user="127logs"/>
  <node id="8297956881" lat="18.0079628" lon="-94.5563516" version="1" timestamp="2021-01-06T20:29:13Z" changeset="97070320" uid="9633823" user="127logs"/>
  <node id="8297956882" lat="18.0078710" lon="-94.5563838" version="1" timestamp="2021-01-06T20:29:13Z" changeset="97070320" uid="9633823" user="127logs"/>
  <node id="8297956883" lat="18.0078212" lon="-94.5563851" version="1" timestamp="2021-01-06T20:29:13Z" changeset="97070320" uid="9633823" user="127logs"/>
  <node id="8297956884" lat="18.0077523" lon="-94.5563449" version="1" timestamp="2021-01-06T20:29:13Z" changeset="97070320" uid="9633823" user="127logs"/>
  <node id="8297956885" lat="18.0076873" lon="-94.5563543" version="1" timestamp="2021-01-06T20:29:13Z" changeset="97070320" uid="9633823" user="127logs"/>
  <node id="8297956886" lat="18.0072176" lon="-94.5566500" version="1" timestamp="2021-01-06T20:29:13Z" changeset="97070320" uid="9633823" user="127logs"/>
  <node id="8297956887" lat="18.0081668" lon="-94.5550776" version="1" timestamp="2021-01-06T20:29:13Z" changeset="97070320" uid="9633823" user="127logs"/>
  <node id="8297956888" lat="18.0081579" lon="-94.5551513" version="1" timestamp="2021-01-06T20:29:13Z" changeset="97070320" uid="9633823" user="127logs"/>
  <node id="8297956889" lat="18.0081949" lon="-94.5553498" version="1" timestamp="2021-01-06T20:29:13Z" changeset="97070320" uid="9633823" user="127logs"/>
  <node id="8297956890" lat="18.0082255" lon="-94.5552760" version="1" timestamp="2021-01-06T20:29:13Z" changeset="97070320" uid="9633823" user="127logs"/>
  <node id="8297976268" lat="18.0077160" lon="-94.5538251" version="1" timestamp="2021-01-06T20:22:38Z" changeset="97070097" uid="9633823" user="127logs"/>
  <node id="8297976269" lat="18.0076133" lon="-94.5538236" version="1" timestamp="2021-01-06T20:22:38Z" changeset="97070097" uid="9633823" user="127logs"/>
  <node id="8297976270" lat="18.0077474" lon="-94.5538255" version="1" timestamp="2021-01-06T20:22:38Z" changeset="97070097" uid="9633823" user="127logs"/>
  <node id="8298012926" lat="18.0088530" lon="-94.5584196" version="1" timestamp="2021-01-06T20:41:30Z" changeset="97070704" uid="9633823" user="127logs"/>
  <node id="8298012927" lat="18.0088148" lon="-94.5574459" version="1" timestamp="2021-01-06T20:41:30Z" changeset="97070704" uid="9633823" user="127logs"/>
  <node id="8298067488" lat="18.0065651" lon="-94.5497767" version="1" timestamp="2021-01-06T20:57:33Z" changeset="97071233" uid="9633823" user="127logs"/>
  <node id="8298067489" lat="18.0066522" lon="-94.5512047" version="1" timestamp="2021-01-06T20:57:33Z" changeset="97071233" uid="9633823" user="127logs"/>
  <node id="8298067490" lat="18.0066147" lon="-94.5510703" version="1" timestamp="2021-01-06T20:57:33Z" changeset="97071233" uid="9633823" user="127logs"/>
  <node id="8298067491" lat="18.0066006" lon="-94.5508826" version="1" timestamp="2021-01-06T20:57:33Z" changeset="97071233" uid="9633823" user="127logs"/>
  <node id="8298067492" lat="18.0065994" lon="-94.5507605" version="1" timestamp="2021-01-06T20:57:33Z" changeset="97071233" uid="9633823" user="127logs"/>
  <node id="8298067493" lat="18.0065458" lon="-94.5505889" version="1" timestamp="2021-01-06T20:57:33Z" changeset="97071233" uid="9633823" user="127logs"/>
  <node id="8298067494" lat="18.0064808" lon="-94.5504481" version="1" timestamp="2021-01-06T20:57:33Z" changeset="97071233" uid="9633823" user="127logs"/>
  <node id="8298067495" lat="18.0064183" lon="-94.5503743" version="1" timestamp="2021-01-06T20:57:33Z" changeset="97071233" uid="9633823" user="127logs"/>
  <node id="8298067496" lat="18.0063634" lon="-94.5503502" version="1" timestamp="2021-01-06T20:57:33Z" changeset="97071233" uid="9633823" user="127logs"/>
  <node id="8298067497" lat="18.0049247" lon="-94.5491821" version="1" timestamp="2021-01-06T20:57:33Z" changeset="97071233" uid="9633823" user="127logs"/>
  <node id="8298067498" lat="18.0059432" lon="-94.5494597" version="1" timestamp="2021-01-06T20:57:33Z" changeset="97071233" uid="9633823" user="127logs"/>
  <node id="8298067499" lat="18.0059668" lon="-94.5494516" version="1" timestamp="2021-01-06T20:57:33Z" changeset="97071233" uid="9633823" user="127logs"/>
  <node id="8298067500" lat="18.0059948" lon="-94.5494261" version="1" timestamp="2021-01-06T20:57:33Z" changeset="97071233" uid="9633823" user="127logs"/>
  <node id="8298067501" lat="18.0058851" lon="-94.5494463" version="1" timestamp="2021-01-06T20:57:33Z" changeset="97071233" uid="9633823" user="127logs"/>
  <node id="8298067502" lat="18.0066538" lon="-94.5496704" version="1" timestamp="2021-01-06T20:57:33Z" changeset="97071233" uid="9633823" user="127logs"/>
  <node id="8298067503" lat="18.0066060" lon="-94.5497329" version="1" timestamp="2021-01-06T20:57:33Z" changeset="97071233" uid="9633823" user="127logs"/>
  <node id="8298119725" lat="18.0074973" lon="-94.5535769" version="1" timestamp="2021-01-06T21:11:23Z" changeset="97071705" uid="9633823" user="127logs"/>
  <node id="8298119726" lat="18.0072728" lon="-94.5530615" version="1" timestamp="2021-01-06T21:11:23Z" changeset="97071705" uid="9633823" user="127logs"/>
  <node id="8298124299" lat="18.0069858" lon="-94.5555952" version="1" timestamp="2021-01-06T21:17:31Z" changeset="97071858" uid="9633823" user="127logs"/>
  <node id="8298124300" lat="18.0068506" lon="-94.5553377" version="1" timestamp="2021-01-06T21:17:31Z" changeset="97071858" uid="9633823" user="127logs"/>
  <node id="8298124301" lat="18.0072945" lon="-94.5563892" version="1" timestamp="2021-01-06T21:17:31Z" changeset="97071858" uid="9633823" user="127logs"/>
  <node id="8298124302" lat="18.0071364" lon="-94.5565033" version="1" timestamp="2021-01-06T21:17:31Z" changeset="97071858" uid="9633823" user="127logs"/>
  <node id="8298124368" lat="18.0034146" lon="-94.5585765" version="1" timestamp="2021-01-06T21:29:18Z" changeset="97072185" uid="9633823" user="127logs"/>
  <node id="8298124369" lat="18.0032603" lon="-94.5585188" version="1" timestamp="2021-01-06T21:29:18Z" changeset="97072185" uid="9633823" user="127logs"/>
  <node id="8298124370" lat="18.0028704" lon="-94.5585459" version="1" timestamp="2021-01-06T21:29:18Z" changeset="97072185" uid="9633823" user="127logs"/>
  <node id="8298140169" lat="18.0060216" lon="-94.5592564" version="1" timestamp="2021-01-06T21:23:15Z" changeset="97072023" uid="9633823" user="127logs"/>
  <node id="8298140170" lat="18.0058172" lon="-94.5588970" version="1" timestamp="2021-01-06T21:23:15Z" changeset="97072023" uid="9633823" user="127logs"/>
  <node id="8298156731" lat="18.0040331" lon="-94.5597263" version="1" timestamp="2021-01-06T21:34:28Z" changeset="97072337" uid="9633823" user="127logs"/>
  <node id="8298218043" lat="18.0015720" lon="-94.5522163" version="1" timestamp="2021-01-06T22:18:23Z" changeset="97073464" uid="9633823" user="127logs"/>
  <node id="8298218045" lat="18.0017030" lon="-94.5516323" version="1" timestamp="2021-01-06T22:18:23Z" changeset="97073464" uid="9633823" user="127logs"/>
  <node id="8298218046" lat="18.0017973" lon="-94.5517235" version="1" timestamp="2021-01-06T22:18:23Z" changeset="97073464" uid="9633823" user="127logs"/>
  <node id="8298218047" lat="18.0019772" lon="-94.5518220" version="1" timestamp="2021-01-06T22:18:23Z" changeset="97073464" uid="9633823" user="127logs"/>
  <node id="8298218054" lat="18.0025613" lon="-94.5597513" version="1" timestamp="2021-01-06T22:36:54Z" changeset="97073922" uid="9633823" user="127logs"/>
  <node id="8298218055" lat="18.0021927" lon="-94.5598733" version="1" timestamp="2021-01-06T22:36:54Z" changeset="97073922" uid="9633823" user="127logs"/>
  <node id="8298218056" lat="18.0021417" lon="-94.5598599" version="1" timestamp="2021-01-06T22:36:54Z" changeset="97073922" uid="9633823" user="127logs"/>
  <node id="8298218057" lat="18.0021022" lon="-94.5598304" version="1" timestamp="2021-01-06T22:36:54Z" changeset="97073922" uid="9633823" user="127logs"/>
  <node id="8298218058" lat="18.0014083" lon="-94.5587361" version="1" timestamp="2021-01-06T22:36:54Z" changeset="97073922" uid="9633823" user="127logs"/>
  <node id="8300792563" lat="18.0090453" lon="-94.5628079" version="1" timestamp="2021-01-07T18:08:37Z" changeset="97124843" uid="9633823" user="127logs"/>
  <node id="8345733203" lat="18.0036694" lon="-94.5449160" version="1" timestamp="2021-01-21T15:55:39Z" changeset="97916051" uid="10140135" user="AlwaysSunnyInMapadelphia"/>
  <node id="8345733205" lat="18.0014963" lon="-94.5468405" version="1" timestamp="2021-01-21T15:55:39Z" changeset="97916051" uid="10140135" user="AlwaysSunnyInMapadelphia"/>
  <node id="8345733206" lat="18.0020116" lon="-94.5467815" version="1" timestamp="2021-01-21T15:55:39Z" changeset="97916051" uid="10140135" user="AlwaysSunnyInMapadelphia"/>
  <node id="8345733207" lat="18.0020537" lon="-94.5467265" version="1" timestamp="2021-01-21T15:55:39Z" changeset="97916051" uid="10140135" user="AlwaysSunnyInMapadelphia"/>
  <node id="8345733208" lat="18.0032061" lon="-94.5466735" version="1" timestamp="2021-01-21T15:55:39Z" changeset="97916051" uid="10140135" user="AlwaysSunnyInMapadelphia"/>
  <node id="8345733209" lat="18.0037985" lon="-94.5465441" version="1" timestamp="2021-01-21T15:55:39Z" changeset="97916051" uid="10140135" user="AlwaysSunnyInMapadelphia"/>
  <node id="8345733210" lat="18.0038342" lon="-94.5468794" version="1" timestamp="2021-01-21T15:55:39Z" changeset="97916051" uid="10140135" user="AlwaysSunnyInMapadelphia"/>
  <node id="8345733211" lat="18.0032233" lon="-94.5469800" version="1" timestamp="2021-01-21T15:55:39Z" changeset="97916051" uid="10140135" user="AlwaysSunnyInMapadelphia"/>
  <node id="8345733212" lat="18.0021047" lon="-94.5470162" version="1" timestamp="2021-01-21T15:55:39Z" changeset="97916051" uid="10140135" user="AlwaysSunnyInMapadelphia"/>
  <node id="8345733213" lat="18.0020690" lon="-94.5470618" version="1" timestamp="2021-01-21T15:55:39Z" changeset="97916051" uid="10140135" user="AlwaysSunnyInMapadelphia"/>
  <node id="8345733214" lat="18.0014721" lon="-94.5471154" version="1" timestamp="2021-01-21T15:55:39Z" changeset="97916051" uid="10140135" user="AlwaysSunnyInMapadelphia"/>
  <node id="8845163789" lat="18.0018841" lon="-94.5615136" version="1" timestamp="2021-06-18T11:23:21Z" changeset="106584975" uid="10461114" user="BeniHammad"/>
  <node id="8845163792" lat="18.0039988" lon="-94.5615242" version="2" timestamp="2021-06-18T11:31:54Z" changeset="106585404" uid="10461114" user="BeniHammad"/>
  <node id="8845380796" lat="18.0029389" lon="-94.5597151" version="1" timestamp="2021-06-18T11:31:54Z" changeset="106585404" uid="10461114" user="BeniHammad"/>
  <node id="8845380797" lat="18.0032858" lon="-94.5626273" version="1" timestamp="2021-06-18T11:31:54Z" changeset="106585404" uid="10461114" user="BeniHammad"/>
  <node id="8845380798" lat="18.0032526" lon="-94.5624670" version="1" timestamp="2021-06-18T11:31:54Z" changeset="106585404" uid="10461114" user="BeniHammad"/>
  <node id="8845380799" lat="18.0031442" lon="-94.5615176" version="1" timestamp="2021-06-18T11:31:54Z" changeset="106585404" uid="10461114" user="BeniHammad"/>
  <node id="8845380800" lat="18.0029338" lon="-94.5597969" version="1" timestamp="2021-06-18T11:31:54Z" changeset="106585404" uid="10461114" user="BeniHammad"/>
  <node id="8845380801" lat="18.0029580" lon="-94.5596333" version="1" timestamp="2021-06-18T11:31:54Z" changeset="106585404" uid="10461114" user="BeniHammad"/>
  <node id="8845380802" lat="18.0030256" lon="-94.5595488" version="1" timestamp="2021-06-18T11:31:54Z" changeset="106585404" uid="10461114" user="BeniHammad"/>
  <node id="8845380803" lat="18.0030932" lon="-94.5595180" version="1" timestamp="2021-06-18T11:31:54Z" changeset="106585404" uid="10461114" user="BeniHammad"/>
  <node id="8845380804" lat="18.0031404" lon="-94.5595139" version="1" timestamp="2021-06-18T11:31:54Z" changeset="106585404" uid="10461114" user="BeniHammad"/>
  <node id="8845380805" lat="18.0032003" lon="-94.5595273" version="1" timestamp="2021-06-18T11:31:54Z" changeset="106585404" uid="10461114" user="BeniHammad"/>
  <node id="8845380806" lat="18.0040026" lon="-94.5599726" version="1" timestamp="2021-06-18T11:31:54Z" changeset="106585404" uid="10461114" user="BeniHammad"/>
  <node id="8845380807" lat="18.0070126" lon="-94.5617563" version="1" timestamp="2021-06-18T11:31:54Z" changeset="106585404" uid="10461114" user="BeniHammad"/>
  <node id="8845380808" lat="18.0070700" lon="-94.5618139" version="1" timestamp="2021-06-18T11:31:54Z" changeset="106585404" uid="10461114" user="BeniHammad"/>
  <node id="8845380809" lat="18.0070993" lon="-94.5619185" version="1" timestamp="2021-06-18T11:31:54Z" changeset="106585404" uid="10461114" user="BeniHammad"/>
  <node id="8845380811" lat="17.9997933" lon="-94.5603499" version="2" timestamp="2022-04-06T04:45:19Z" changeset="119367500" uid="9094277" user="Siobkhan"/>
  <node id="8845380812" lat="17.9996674" lon="-94.5604731" version="2" timestamp="2022-04-06T04:45:19Z" changeset="119367500" uid="9094277" user="Siobkhan"/>
  <node id="8845380813" lat="18.0018114" lon="-94.5602556" version="1" timestamp="2021-06-18T11:31:54Z" changeset="106585404" uid="10461114" user="BeniHammad"/>
  <node id="8845380814" lat="18.0018560" lon="-94.5603400" version="1" timestamp="2021-06-18T11:31:54Z" changeset="106585404" uid="10461114" user="BeniHammad"/>
  <node id="8845380815" lat="18.0018445" lon="-94.5602877" version="1" timestamp="2021-06-18T11:31:54Z" changeset="106585404" uid="10461114" user="BeniHammad"/>
  <node id="8845380816" lat="18.0017591" lon="-94.5602435" version="1" timestamp="2021-06-18T11:31:54Z" changeset="106585404" uid="10461114" user="BeniHammad"/>
  <node id="8845382017" lat="18.0005589" lon="-94.5602019" version="1" timestamp="2021-06-18T11:31:54Z" changeset="106585404" uid="10461114" user="BeniHammad"/>
  <node id="8845382018" lat="17.9999773" lon="-94.5602006" version="1" timestamp="2021-06-18T11:31:54Z" changeset="106585404" uid="10461114" user="BeniHammad"/>
  <node id="8845382019" lat="17.9999505" lon="-94.5602100" version="1" timestamp="2021-06-18T11:31:54Z" changeset="106585404" uid="10461114" user="BeniHammad"/>
  <node id="8845382020" lat="17.9999020" lon="-94.5602435" version="1" timestamp="2021-06-18T11:31:54Z" changeset="106585404" uid="10461114" user="BeniHammad"/>
  <node id="8845382021" lat="17.9994964" lon="-94.5606405" version="1" timestamp="2021-06-18T11:31:54Z" changeset="106585404" uid="10461114" user="BeniHammad"/>
  <node id="8845382022" lat="17.9993587" lon="-94.5607558" version="1" timestamp="2021-06-18T11:31:54Z" changeset="106585404" uid="10461114" user="BeniHammad"/>
  <node id="8845382023" lat="17.9992923" lon="-94.5607840" version="1" timestamp="2021-06-18T11:31:54Z" changeset="106585404" uid="10461114" user="BeniHammad"/>
  <node id="8845382024" lat="17.9991253" lon="-94.5608041" version="1" timestamp="2021-06-18T11:31:54Z" changeset="106585404" uid="10461114" user="BeniHammad"/>
  <node id="8845382097" lat="18.0070738" lon="-94.5626266" version="1" timestamp="2021-06-18T11:31:54Z" changeset="106585404" uid="10461114" user="BeniHammad"/>
  <node id="9210651297" lat="18.0052734" lon="-94.5553704" version="1" timestamp="2021-10-29T18:06:11Z" changeset="113135791" uid="14374108" user="juan manuel hevyx"/>
  <node id="9210651298" lat="18.0052940" lon="-94.5551116" version="1" timestamp="2021-10-29T18:06:11Z" changeset="113135791" uid="14374108" user="juan manuel hevyx"/>
  <node id="9210651299" lat="18.0049921" lon="-94.5553935" version="1" timestamp="2021-10-29T18:06:11Z" changeset="113135791" uid="14374108" user="juan manuel hevyx"/>
  <node id="9210651300" lat="18.0050317" lon="-94.5554212" version="1" timestamp="2021-10-29T18:06:11Z" changeset="113135791" uid="14374108" user="juan manuel hevyx"/>
  <node id="9210651301" lat="18.0052423" lon="-94.5554139" version="1" timestamp="2021-10-29T18:06:11Z" changeset="113135791" uid="14374108" user="juan manuel hevyx"/>
  <node id="9210651302" lat="18.0052652" lon="-94.5554204" version="2" timestamp="2025-09-30T02:40:57Z" changeset="172639095" uid="23257776" user="TecNM campus Minatitlán"/>
  <node id="9210651303" lat="18.0052954" lon="-94.5553627" version="1" timestamp="2021-10-29T18:06:11Z" changeset="113135791" uid="14374108" user="juan manuel hevyx"/>
  <node id="9210651304" lat="18.0050864" lon="-94.5551608" version="1" timestamp="2021-10-29T18:06:11Z" changeset="113135791" uid="14374108" user="juan manuel hevyx"/>
  <node id="9210651305" lat="18.0051426" lon="-94.5552530" version="1" timestamp="2021-10-29T18:06:11Z" changeset="113135791" uid="14374108" user="juan manuel hevyx"/>
  <node id="9210651306" lat="18.0051670" lon="-94.5552960" version="1" timestamp="2021-10-29T18:06:11Z" changeset="113135791" uid="14374108" user="juan manuel hevyx"/>
  <node id="9210651307" lat="18.0052596" lon="-94.5551986" version="1" timestamp="2021-10-29T18:06:11Z" changeset="113135791" uid="14374108" user="juan manuel hevyx"/>
  <node id="9210651308" lat="18.0052802" lon="-94.5553454" version="2" timestamp="2025-09-30T02:40:57Z" changeset="172639095" uid="23257776" user="TecNM campus Minatitlán"/>
  <node id="9210651310" lat="18.0050688" lon="-94.5553896" version="1" timestamp="2021-10-29T18:06:11Z" changeset="113135791" uid="14374108" user="juan manuel hevyx"/>
  <node id="9356535060" lat="18.0118462" lon="-94.5550566" version="1" timestamp="2021-12-21T20:57:21Z" changeset="115225748" uid="11399679" user="MaptainPhasma"/>
  <node id="9644728340" lat="18.0033746" lon="-94.5645732" version="1" timestamp="2022-04-06T04:45:19Z" changeset="119367500" uid="9094277" user="Siobkhan">
    <tag k="railway" v="level_crossing"/>
  </node>
  <node id="9644728341" lat="18.0030194" lon="-94.5615172" version="1" timestamp="2022-04-06T04:45:19Z" changeset="119367500" uid="9094277" user="Siobkhan">
    <tag k="railway" v="level_crossing"/>
  </node>
  <node id="9644728342" lat="18.0031483" lon="-94.5626267" version="1" timestamp="2022-04-06T04:45:19Z" changeset="119367500" uid="9094277" user="Siobkhan">
    <tag k="railway" v="level_crossing"/>
  </node>
  <node id="10296066314" lat="18.0039078" lon="-94.5557972" version="1" timestamp="2022-12-30T23:48:01Z" changeset="130706045" uid="18134887" user="Moisés Torres">
    <tag k="name" v="Royal - Auto - Hotel"/>
    <tag k="phone" v="+529222226402"/>
    <tag k="tourism" v="hotel"/>
    <tag k="website" v="http://www.royalautohotel.com/"/>
  </node>
  <node id="10296066315" lat="18.0034347" lon="-94.5550875" version="1" timestamp="2022-12-30T23:48:01Z" changeset="130706045" uid="18134887" user="Moisés Torres">
    <tag k="addr:city" v="Minatitlan"/>
    <tag k="addr:housenumber" v="20"/>
    <tag k="addr:postcode" v="96848"/>
    <tag k="addr:street" v="Calle José María Morelos"/>
    <tag k="name" v="Motel Express"/>
    <tag k="tourism" v="hotel"/>
  </node>
  <node id="10296066316" lat="18.0037179" lon="-94.5559887" version="2" timestamp="2023-07-27T20:17:13Z" changeset="139105870" uid="17365610" user="म्यापर">
    <tag k="addr:city" v="Minatitlan"/>
    <tag k="addr:postcode" v="96848"/>
    <tag k="addr:street" v="Boulevard Instituto Tecnológico (Carretera Transístmica)"/>
    <tag k="amenity" v="fuel"/>
    <tag k="brand" v="Pemex"/>
    <tag k="brand:wikidata" v="Q871308"/>
    <tag k="fuel:diesel" v="yes"/>
    <tag k="name" v="Pemex"/>
  </node>
  <node id="10296066317" lat="18.0035320" lon="-94.5562450" version="1" timestamp="2022-12-30T23:48:01Z" changeset="130706045" uid="18134887" user="Moisés Torres">
    <tag k="name" v="Vulcanizadora"/>
    <tag k="phone" v="+529222533808"/>
    <tag k="shop" v="yes"/>
  </node>
  <node id="10296066318" lat="18.0030743" lon="-94.5563650" version="1" timestamp="2022-12-30T23:48:01Z" changeset="130706045" uid="18134887" user="Moisés Torres">
    <tag k="amenity" v="place_of_worship"/>
    <tag k="name" v="La Iglesia de Jesucristo de los Santos de los Últimos Días"/>
  </node>
  <node id="10297176877" lat="18.0066795" lon="-94.5487951" version="1" timestamp="2022-12-31T17:43:57Z" changeset="130729814" uid="18134887" user="Moisés Torres"/>
  <node id="10297176878" lat="18.0065236" lon="-94.5488022" version="1" timestamp="2022-12-31T17:43:57Z" changeset="130729814" uid="18134887" user="Moisés Torres"/>
  <node id="10297176879" lat="18.0063405" lon="-94.5478827" version="1" timestamp="2022-12-31T17:43:57Z" changeset="130729814" uid="18134887" user="Moisés Torres"/>
  <node id="10297176880" lat="18.0062728" lon="-94.5473838" version="1" timestamp="2022-12-31T17:43:57Z" changeset="130729814" uid="18134887" user="Moisés Torres"/>
  <node id="10297176881" lat="18.0062185" lon="-94.5465428" version="1" timestamp="2022-12-31T17:43:57Z" changeset="130729814" uid="18134887" user="Moisés Torres"/>
  <node id="10297176882" lat="18.0074387" lon="-94.5458799" version="1" timestamp="2022-12-31T17:43:57Z" changeset="130729814" uid="18134887" user="Moisés Torres"/>
  <node id="10297176883" lat="18.0076116" lon="-94.5458688" version="1" timestamp="2022-12-31T17:43:57Z" changeset="130729814" uid="18134887" user="Moisés Torres"/>
  <node id="10297176884" lat="18.0081004" lon="-94.5459379" version="1" timestamp="2022-12-31T17:43:57Z" changeset="130729814" uid="18134887" user="Moisés Torres"/>
  <node id="10297176885" lat="18.0083922" lon="-94.5459915" version="1" timestamp="2022-12-31T17:43:57Z" changeset="130729814" uid="18134887" user="Moisés Torres"/>
  <node id="10297176886" lat="18.0084287" lon="-94.5456540" version="1" timestamp="2022-12-31T17:43:57Z" changeset="130729814" uid="18134887" user="Moisés Torres"/>
  <node id="10297176887" lat="18.0085819" lon="-94.5459915" version="1" timestamp="2022-12-31T17:43:57Z" changeset="130729814" uid="18134887" user="Moisés Torres"/>
  <node id="10297176888" lat="18.0087424" lon="-94.5460759" version="1" timestamp="2022-12-31T17:43:57Z" changeset="130729814" uid="18134887" user="Moisés Torres"/>
  <node id="10297176889" lat="18.0094865" lon="-94.5464672" version="1" timestamp="2022-12-31T17:43:57Z" changeset="130729814" uid="18134887" user="Moisés Torres"/>
  <node id="10297176890" lat="18.0097434" lon="-94.5465492" version="1" timestamp="2022-12-31T17:43:57Z" changeset="130729814" uid="18134887" user="Moisés Torres"/>
  <node id="10297176891" lat="18.0090603" lon="-94.5472262" version="1" timestamp="2022-12-31T17:43:57Z" changeset="130729814" uid="18134887" user="Moisés Torres"/>
  <node id="10297176892" lat="18.0089425" lon="-94.5470693" version="1" timestamp="2022-12-31T17:43:57Z" changeset="130729814" uid="18134887" user="Moisés Torres"/>
  <node id="10297176893" lat="18.0087855" lon="-94.5471849" version="1" timestamp="2022-12-31T17:43:57Z" changeset="130729814" uid="18134887" user="Moisés Torres"/>
  <node id="10297176894" lat="18.0085892" lon="-94.5472592" version="1" timestamp="2022-12-31T17:43:57Z" changeset="130729814" uid="18134887" user="Moisés Torres"/>
  <node id="10297176895" lat="18.0084086" lon="-94.5471106" version="1" timestamp="2022-12-31T17:43:57Z" changeset="130729814" uid="18134887" user="Moisés Torres"/>
  <node id="10297176896" lat="18.0081495" lon="-94.5472344" version="1" timestamp="2022-12-31T17:43:57Z" changeset="130729814" uid="18134887" user="Moisés Torres"/>
  <node id="10297176897" lat="18.0076863" lon="-94.5478784" version="1" timestamp="2022-12-31T17:43:57Z" changeset="130729814" uid="18134887" user="Moisés Torres"/>
  <node id="10297176898" lat="18.0074586" lon="-94.5480435" version="1" timestamp="2022-12-31T17:43:57Z" changeset="130729814" uid="18134887" user="Moisés Torres"/>
  <node id="10297176899" lat="18.0072074" lon="-94.5483160" version="1" timestamp="2022-12-31T17:43:57Z" changeset="130729814" uid="18134887" user="Moisés Torres"/>
  <node id="10297176900" lat="18.0068776" lon="-94.5485967" version="1" timestamp="2022-12-31T17:43:57Z" changeset="130729814" uid="18134887" user="Moisés Torres"/>
  <node id="11071924656" lat="18.0107780" lon="-94.5497019" version="1" timestamp="2023-07-27T20:17:13Z" changeset="139105870" uid="17365610" user="म्यापर"/>
  <node id="11071924657" lat="18.0082808" lon="-94.5520937" version="1" timestamp="2023-07-27T20:17:13Z" changeset="139105870" uid="17365610" user="म्यापर"/>
  <node id="11071924658" lat="18.0070493" lon="-94.5530235" version="1" timestamp="2023-07-27T20:17:13Z" changeset="139105870" uid="17365610" user="म्यापर"/>
  <node id="11071924659" lat="18.0099126" lon="-94.5483746" version="1" timestamp="2023-07-27T20:17:13Z" changeset="139105870" uid="17365610" user="म्यापर"/>
  <node id="11071924686" lat="18.0212676" lon="-94.5395673" version="1" timestamp="2023-07-27T20:17:13Z" changeset="139105870" uid="17365610" user="म्यापर"/>
  <node id="11071924790" lat="18.0038939" lon="-94.5563935" version="1" timestamp="2023-07-27T20:17:13Z" changeset="139105870" uid="17365610" user="म्यापर"/>
  <node id="11071924791" lat="18.0036671" lon="-94.5561266" version="1" timestamp="2023-07-27T20:17:13Z" changeset="139105870" uid="17365610" user="म्यापर"/>
  <node id="11071924792" lat="18.0037516" lon="-94.5562261" version="1" timestamp="2023-07-27T20:17:13Z" changeset="139105870" uid="17365610" user="म्यापर">
    <tag k="highway" v="crossing"/>
  </node>
  <node id="11071924793" lat="18.0038529" lon="-94.5563452" version="1" timestamp="2023-07-27T20:17:13Z" changeset="139105870" uid="17365610" user="म्यापर">
    <tag k="highway" v="crossing"/>
  </node>
  <node id="11620338430" lat="18.0088353" lon="-94.5451134" version="1" timestamp="2024-02-14T02:28:59Z" changeset="147432533" uid="19456985" user="Ferrocarriles de México"/>
  <node id="11620338448" lat="18.0087370" lon="-94.5451950" version="1" timestamp="2024-02-14T02:28:59Z" changeset="147432533" uid="19456985" user="Ferrocarriles de México"/>
  <node id="11620338449" lat="18.0085431" lon="-94.5452821" version="1" timestamp="2024-02-14T02:28:59Z" changeset="147432533" uid="19456985" user="Ferrocarriles de México"/>
  <node id="11620338450" lat="18.0084462" lon="-94.5453505" version="1" timestamp="2024-02-14T02:28:59Z" changeset="147432533" uid="19456985" user="Ferrocarriles de México"/>
  <node id="11620338451" lat="18.0083888" lon="-94.5454605" version="1" timestamp="2024-02-14T02:28:59Z" changeset="147432533" uid="19456985" user="Ferrocarriles de México"/>
  <node id="11620338452" lat="18.0083696" lon="-94.5455597" version="1" timestamp="2024-02-14T02:28:59Z" changeset="147432533" uid="19456985" user="Ferrocarriles de México"/>
  <node id="11620338453" lat="18.0083722" lon="-94.5458494" version="1" timestamp="2024-02-14T02:28:59Z" changeset="147432533" uid="19456985" user="Ferrocarriles de México"/>
  <node id="11620338454" lat="18.0083620" lon="-94.5458964" version="1" timestamp="2024-02-14T02:28:59Z" changeset="147432533" uid="19456985" user="Ferrocarriles de México"/>
  <node id="11620338455" lat="18.0083441" lon="-94.5459111" version="1" timestamp="2024-02-14T02:28:59Z" changeset="147432533" uid="19456985" user="Ferrocarriles de México"/>
  <node id="11620338456" lat="18.0083033" lon="-94.5459352" version="1" timestamp="2024-02-14T02:28:59Z" changeset="147432533" uid="19456985" user="Ferrocarriles de México"/>
  <node id="11620338457" lat="18.0082026" lon="-94.5459326" version="1" timestamp="2024-02-14T02:28:59Z" changeset="147432533" uid="19456985" user="Ferrocarriles de México"/>
  <node id="11620338458" lat="18.0076949" lon="-94.5458521" version="1" timestamp="2024-02-14T02:28:59Z" changeset="147432533" uid="19456985" user="Ferrocarriles de México"/>
  <node id="11620338459" lat="18.0074998" lon="-94.5458119" version="1" timestamp="2024-02-14T02:28:59Z" changeset="147432533" uid="19456985" user="Ferrocarriles de México"/>
  <node id="11620338460" lat="18.0073991" lon="-94.5458119" version="1" timestamp="2024-02-14T02:28:59Z" changeset="147432533" uid="19456985" user="Ferrocarriles de México"/>
  <node id="11620338461" lat="18.0072537" lon="-94.5458347" version="1" timestamp="2024-02-14T02:28:59Z" changeset="147432533" uid="19456985" user="Ferrocarriles de México"/>
  <node id="11620338462" lat="18.0070815" lon="-94.5458736" version="1" timestamp="2024-02-14T02:28:59Z" changeset="147432533" uid="19456985" user="Ferrocarriles de México"/>
  <node id="11620338463" lat="18.0069833" lon="-94.5458803" version="1" timestamp="2024-02-14T02:28:59Z" changeset="147432533" uid="19456985" user="Ferrocarriles de México"/>
  <node id="11620338464" lat="18.0068863" lon="-94.5458668" version="1" timestamp="2024-02-14T02:28:59Z" changeset="147432533" uid="19456985" user="Ferrocarriles de México"/>
  <node id="11620338465" lat="18.0066746" lon="-94.5457864" version="1" timestamp="2024-02-14T02:28:59Z" changeset="147432533" uid="19456985" user="Ferrocarriles de México"/>
  <node id="11620338466" lat="18.0064833" lon="-94.5457596" version="1" timestamp="2024-02-14T02:28:59Z" changeset="147432533" uid="19456985" user="Ferrocarriles de México"/>
  <node id="11620338467" lat="18.0064081" lon="-94.5457596" version="1" timestamp="2024-02-14T02:28:59Z" changeset="147432533" uid="19456985" user="Ferrocarriles de México"/>
  <node id="11620338468" lat="18.0063596" lon="-94.5457703" version="1" timestamp="2024-02-14T02:28:59Z" changeset="147432533" uid="19456985" user="Ferrocarriles de México"/>
  <node id="11620491069" lat="18.0061695" lon="-94.5458870" version="1" timestamp="2024-02-14T02:28:59Z" changeset="147432533" uid="19456985" user="Ferrocarriles de México"/>
  <node id="11620491117" lat="17.9987385" lon="-94.5533502" version="1" timestamp="2024-02-14T02:28:59Z" changeset="147432533" uid="19456985" user="Ferrocarriles de México"/>
  <node id="11620491118" lat="17.9980934" lon="-94.5555563" version="1" timestamp="2024-02-14T02:28:59Z" changeset="147432533" uid="19456985" user="Ferrocarriles de México"/>
  <node id="11620491119" lat="18.0060726" lon="-94.5459741" version="1" timestamp="2024-02-14T02:28:59Z" changeset="147432533" uid="19456985" user="Ferrocarriles de México"/>
  <node id="11620491120" lat="18.0059935" lon="-94.5460922" version="1" timestamp="2024-02-14T02:28:59Z" changeset="147432533" uid="19456985" user="Ferrocarriles de México"/>
  <node id="11620491121" lat="18.0058481" lon="-94.5464355" version="1" timestamp="2024-02-14T02:28:59Z" changeset="147432533" uid="19456985" user="Ferrocarriles de México"/>
  <node id="11620491122" lat="18.0058022" lon="-94.5465776" version="1" timestamp="2024-02-14T02:28:59Z" changeset="147432533" uid="19456985" user="Ferrocarriles de México"/>
  <node id="11620491123" lat="18.0057295" lon="-94.5466755" version="1" timestamp="2024-02-14T02:28:59Z" changeset="147432533" uid="19456985" user="Ferrocarriles de México"/>
  <node id="11620491124" lat="18.0056020" lon="-94.5467882" version="1" timestamp="2024-02-14T02:28:59Z" changeset="147432533" uid="19456985" user="Ferrocarriles de México"/>
  <node id="11620491125" lat="18.0054375" lon="-94.5468941" version="1" timestamp="2024-02-14T02:28:59Z" changeset="147432533" uid="19456985" user="Ferrocarriles de México"/>
  <node id="11620491126" lat="18.0053839" lon="-94.5469451" version="1" timestamp="2024-02-14T02:28:59Z" changeset="147432533" uid="19456985" user="Ferrocarriles de México"/>
  <node id="11620491127" lat="18.0051900" lon="-94.5471811" version="1" timestamp="2024-02-14T02:28:59Z" changeset="147432533" uid="19456985" user="Ferrocarriles de México"/>
  <node id="11620491128" lat="18.0050612" lon="-94.5473716" version="1" timestamp="2024-02-14T02:28:59Z" changeset="147432533" uid="19456985" user="Ferrocarriles de México"/>
  <node id="11620491129" lat="18.0049337" lon="-94.5474829" version="1" timestamp="2024-02-14T02:28:59Z" changeset="147432533" uid="19456985" user="Ferrocarriles de México"/>
  <node id="11620491130" lat="18.0047296" lon="-94.5476277" version="1" timestamp="2024-02-14T02:28:59Z" changeset="147432533" uid="19456985" user="Ferrocarriles de México"/>
  <node id="11620491131" lat="18.0046237" lon="-94.5477833" version="1" timestamp="2024-02-14T02:28:59Z" changeset="147432533" uid="19456985" user="Ferrocarriles de México"/>
  <node id="11620491132" lat="18.0045561" lon="-94.5478517" version="1" timestamp="2024-02-14T02:28:59Z" changeset="147432533" uid="19456985" user="Ferrocarriles de México"/>
  <node id="11620491133" lat="18.0045498" lon="-94.5480274" version="1" timestamp="2024-02-14T02:28:59Z" changeset="147432533" uid="19456985" user="Ferrocarriles de México"/>
  <node id="11620491134" lat="18.0045179" lon="-94.5482245" version="1" timestamp="2024-02-14T02:28:59Z" changeset="147432533" uid="19456985" user="Ferrocarriles de México"/>
  <node id="11620491135" lat="18.0044847" lon="-94.5483197" version="1" timestamp="2024-02-14T02:28:59Z" changeset="147432533" uid="19456985" user="Ferrocarriles de México"/>
  <node id="11620491136" lat="18.0044171" lon="-94.5484257" version="1" timestamp="2024-02-14T02:28:59Z" changeset="147432533" uid="19456985" user="Ferrocarriles de México"/>
  <node id="11620491137" lat="18.0044133" lon="-94.5486537" version="1" timestamp="2024-02-14T02:28:59Z" changeset="147432533" uid="19456985" user="Ferrocarriles de México"/>
  <node id="11620491138" lat="18.0044681" lon="-94.5488320" version="1" timestamp="2024-02-14T02:28:59Z" changeset="147432533" uid="19456985" user="Ferrocarriles de México"/>
  <node id="11620491139" lat="18.0044592" lon="-94.5489326" version="1" timestamp="2024-02-14T02:28:59Z" changeset="147432533" uid="19456985" user="Ferrocarriles de México"/>
  <node id="11620491140" lat="18.0044299" lon="-94.5489715" version="1" timestamp="2024-02-14T02:28:59Z" changeset="147432533" uid="19456985" user="Ferrocarriles de México"/>
  <node id="11620491141" lat="18.0043699" lon="-94.5490144" version="1" timestamp="2024-02-14T02:28:59Z" changeset="147432533" uid="19456985" user="Ferrocarriles de México"/>
  <node id="11620491142" lat="18.0042985" lon="-94.5490466" version="1" timestamp="2024-02-14T02:28:59Z" changeset="147432533" uid="19456985" user="Ferrocarriles de México"/>
  <node id="11620491143" lat="18.0041352" lon="-94.5490922" version="1" timestamp="2024-02-14T02:28:59Z" changeset="147432533" uid="19456985" user="Ferrocarriles de México"/>
  <node id="11620491144" lat="18.0039720" lon="-94.5491163" version="1" timestamp="2024-02-14T02:28:59Z" changeset="147432533" uid="19456985" user="Ferrocarriles de México"/>
  <node id="11620491145" lat="18.0036978" lon="-94.5490734" version="1" timestamp="2024-02-14T02:28:59Z" changeset="147432533" uid="19456985" user="Ferrocarriles de México"/>
  <node id="11620491146" lat="18.0035983" lon="-94.5490748" version="1" timestamp="2024-02-14T02:28:59Z" changeset="147432533" uid="19456985" user="Ferrocarriles de México"/>
  <node id="11620491147" lat="18.0034554" lon="-94.5491043" version="1" timestamp="2024-02-14T02:28:59Z" changeset="147432533" uid="19456985" user="Ferrocarriles de México"/>
  <node id="11620491148" lat="18.0033445" lon="-94.5491579" version="1" timestamp="2024-02-14T02:28:59Z" changeset="147432533" uid="19456985" user="Ferrocarriles de México"/>
  <node id="11620491149" lat="18.0031021" lon="-94.5493256" version="1" timestamp="2024-02-14T02:28:59Z" changeset="147432533" uid="19456985" user="Ferrocarriles de México"/>
  <node id="11620491150" lat="18.0029759" lon="-94.5494007" version="1" timestamp="2024-02-14T02:28:59Z" changeset="147432533" uid="19456985" user="Ferrocarriles de México"/>
  <node id="11620491151" lat="18.0025818" lon="-94.5495321" version="1" timestamp="2024-02-14T02:28:59Z" changeset="147432533" uid="19456985" user="Ferrocarriles de México"/>
  <node id="11620491152" lat="18.0023930" lon="-94.5495656" version="1" timestamp="2024-02-14T02:28:59Z" changeset="147432533" uid="19456985" user="Ferrocarriles de México"/>
  <node id="11620491153" lat="18.0023267" lon="-94.5496072" version="1" timestamp="2024-02-14T02:28:59Z" changeset="147432533" uid="19456985" user="Ferrocarriles de México"/>
  <node id="11620491154" lat="18.0022080" lon="-94.5497856" version="1" timestamp="2024-02-14T02:28:59Z" changeset="147432533" uid="19456985" user="Ferrocarriles de México"/>
  <node id="11620491155" lat="18.0021494" lon="-94.5498553" version="1" timestamp="2024-02-14T02:28:59Z" changeset="147432533" uid="19456985" user="Ferrocarriles de México"/>
  <node id="11620491156" lat="18.0020486" lon="-94.5499197" version="1" timestamp="2024-02-14T02:28:59Z" changeset="147432533" uid="19456985" user="Ferrocarriles de México"/>
  <node id="11620491157" lat="18.0019198" lon="-94.5499827" version="1" timestamp="2024-02-14T02:28:59Z" changeset="147432533" uid="19456985" user="Ferrocarriles de México"/>
  <node id="11620491158" lat="18.0018050" lon="-94.5500149" version="1" timestamp="2024-02-14T02:28:59Z" changeset="147432533" uid="19456985" user="Ferrocarriles de México"/>
  <node id="11620491159" lat="18.0017017" lon="-94.5500202" version="1" timestamp="2024-02-14T02:28:59Z" changeset="147432533" uid="19456985" user="Ferrocarriles de México"/>
  <node id="11620491160" lat="18.0014938" lon="-94.5500618" version="1" timestamp="2024-02-14T02:28:59Z" changeset="147432533" uid="19456985" user="Ferrocarriles de México"/>
  <node id="11620491161" lat="18.0012821" lon="-94.5501249" version="1" timestamp="2024-02-14T02:28:59Z" changeset="147432533" uid="19456985" user="Ferrocarriles de México"/>
  <node id="11620491162" lat="18.0010767" lon="-94.5503019" version="1" timestamp="2024-02-14T02:28:59Z" changeset="147432533" uid="19456985" user="Ferrocarriles de México"/>
  <node id="11620491163" lat="18.0008752" lon="-94.5504574" version="1" timestamp="2024-02-14T02:28:59Z" changeset="147432533" uid="19456985" user="Ferrocarriles de México"/>
  <node id="11620491164" lat="18.0006494" lon="-94.5506868" version="1" timestamp="2024-02-14T02:28:59Z" changeset="147432533" uid="19456985" user="Ferrocarriles de México"/>
  <node id="11620491165" lat="18.0004454" lon="-94.5509443" version="1" timestamp="2024-02-14T02:28:59Z" changeset="147432533" uid="19456985" user="Ferrocarriles de México"/>
  <node id="11620491166" lat="18.0001648" lon="-94.5511884" version="1" timestamp="2024-02-14T02:28:59Z" changeset="147432533" uid="19456985" user="Ferrocarriles de México"/>
  <node id="11620491167" lat="18.0001035" lon="-94.5512635" version="1" timestamp="2024-02-14T02:28:59Z" changeset="147432533" uid="19456985" user="Ferrocarriles de México"/>
  <node id="11620491168" lat="17.9999709" lon="-94.5514593" version="1" timestamp="2024-02-14T02:28:59Z" changeset="147432533" uid="19456985" user="Ferrocarriles de México"/>
  <node id="11620491169" lat="17.9998204" lon="-94.5515853" version="1" timestamp="2024-02-14T02:28:59Z" changeset="147432533" uid="19456985" user="Ferrocarriles de México"/>
  <node id="11620491170" lat="17.9997030" lon="-94.5517489" version="1" timestamp="2024-02-14T02:28:59Z" changeset="147432533" uid="19456985" user="Ferrocarriles de México"/>
  <node id="11620491171" lat="17.9995270" lon="-94.5519072" version="1" timestamp="2024-02-14T02:28:59Z" changeset="147432533" uid="19456985" user="Ferrocarriles de México"/>
  <node id="11620491172" lat="17.9991214" lon="-94.5525482" version="1" timestamp="2024-02-14T02:28:59Z" changeset="147432533" uid="19456985" user="Ferrocarriles de México"/>
  <node id="11620491173" lat="17.9990449" lon="-94.5526756" version="1" timestamp="2024-02-14T02:28:59Z" changeset="147432533" uid="19456985" user="Ferrocarriles de México"/>
  <node id="11620491174" lat="17.9989837" lon="-94.5528138" version="1" timestamp="2024-02-14T02:28:59Z" changeset="147432533" uid="19456985" user="Ferrocarriles de México"/>
  <node id="11620491175" lat="17.9988638" lon="-94.5529707" version="1" timestamp="2024-02-14T02:28:59Z" changeset="147432533" uid="19456985" user="Ferrocarriles de México"/>
  <node id="11620491176" lat="17.9986878" lon="-94.5533100" version="1" timestamp="2024-02-14T02:28:59Z" changeset="147432533" uid="19456985" user="Ferrocarriles de México"/>
  <node id="11620491177" lat="17.9987107" lon="-94.5534642" version="1" timestamp="2024-02-14T02:28:59Z" changeset="147432533" uid="19456985" user="Ferrocarriles de México"/>
  <node id="11620491178" lat="17.9987362" lon="-94.5535380" version="1" timestamp="2024-02-14T02:28:59Z" changeset="147432533" uid="19456985" user="Ferrocarriles de México"/>
  <node id="11620491179" lat="17.9987401" lon="-94.5535849" version="1" timestamp="2024-02-14T02:28:59Z" changeset="147432533" uid="19456985" user="Ferrocarriles de México"/>
  <node id="11620491180" lat="17.9987222" lon="-94.5536292" version="1" timestamp="2024-02-14T02:28:59Z" changeset="147432533" uid="19456985" user="Ferrocarriles de México"/>
  <node id="11620491181" lat="17.9986431" lon="-94.5536882" version="1" timestamp="2024-02-14T02:28:59Z" changeset="147432533" uid="19456985" user="Ferrocarriles de México"/>
  <node id="11620491182" lat="17.9986100" lon="-94.5537324" version="1" timestamp="2024-02-14T02:28:59Z" changeset="147432533" uid="19456985" user="Ferrocarriles de México"/>
  <node id="11620491183" lat="17.9985781" lon="-94.5537955" version="1" timestamp="2024-02-14T02:28:59Z" changeset="147432533" uid="19456985" user="Ferrocarriles de México"/>
  <node id="11620491184" lat="17.9985755" lon="-94.5538209" version="1" timestamp="2024-02-14T02:28:59Z" changeset="147432533" uid="19456985" user="Ferrocarriles de México"/>
  <node id="11620491185" lat="17.9985857" lon="-94.5538934" version="1" timestamp="2024-02-14T02:28:59Z" changeset="147432533" uid="19456985" user="Ferrocarriles de México"/>
  <node id="11620491186" lat="17.9986725" lon="-94.5540208" version="1" timestamp="2024-02-14T02:28:59Z" changeset="147432533" uid="19456985" user="Ferrocarriles de México"/>
  <node id="11620491187" lat="17.9987005" lon="-94.5541146" version="1" timestamp="2024-02-14T02:28:59Z" changeset="147432533" uid="19456985" user="Ferrocarriles de México"/>
  <node id="11620491188" lat="17.9987056" lon="-94.5542648" version="1" timestamp="2024-02-14T02:28:59Z" changeset="147432533" uid="19456985" user="Ferrocarriles de México"/>
  <node id="11620491189" lat="17.9986725" lon="-94.5543614" version="1" timestamp="2024-02-14T02:28:59Z" changeset="147432533" uid="19456985" user="Ferrocarriles de México"/>
  <node id="11620491190" lat="17.9985347" lon="-94.5544982" version="1" timestamp="2024-02-14T02:28:59Z" changeset="147432533" uid="19456985" user="Ferrocarriles de México"/>
  <node id="11620491191" lat="17.9985169" lon="-94.5545411" version="1" timestamp="2024-02-14T02:28:59Z" changeset="147432533" uid="19456985" user="Ferrocarriles de México"/>
  <node id="11620491192" lat="17.9985015" lon="-94.5546350" version="1" timestamp="2024-02-14T02:28:59Z" changeset="147432533" uid="19456985" user="Ferrocarriles de México"/>
  <node id="11620491193" lat="17.9984072" lon="-94.5548067" version="1" timestamp="2024-02-14T02:28:59Z" changeset="147432533" uid="19456985" user="Ferrocarriles de México"/>
  <node id="11620491194" lat="17.9981776" lon="-94.5550668" version="1" timestamp="2024-02-14T02:28:59Z" changeset="147432533" uid="19456985" user="Ferrocarriles de México"/>
  <node id="11620491195" lat="17.9980730" lon="-94.5551687" version="1" timestamp="2024-02-14T02:28:59Z" changeset="147432533" uid="19456985" user="Ferrocarriles de México"/>
  <node id="11620491196" lat="17.9980641" lon="-94.5551915" version="1" timestamp="2024-02-14T02:28:59Z" changeset="147432533" uid="19456985" user="Ferrocarriles de México"/>
  <node id="11620491197" lat="17.9980896" lon="-94.5553082" version="1" timestamp="2024-02-14T02:28:59Z" changeset="147432533" uid="19456985" user="Ferrocarriles de México"/>
  <node id="11620491198" lat="17.9980794" lon="-94.5553324" version="1" timestamp="2024-02-14T02:28:59Z" changeset="147432533" uid="19456985" user="Ferrocarriles de México"/>
  <node id="11620491199" lat="17.9980449" lon="-94.5553659" version="1" timestamp="2024-02-14T02:28:59Z" changeset="147432533" uid="19456985" user="Ferrocarriles de México"/>
  <node id="11620491200" lat="17.9980028" lon="-94.5555134" version="1" timestamp="2024-02-14T02:28:59Z" changeset="147432533" uid="19456985" user="Ferrocarriles de México"/>
  <node id="11620491201" lat="17.9979888" lon="-94.5556368" version="1" timestamp="2024-02-14T02:28:59Z" changeset="147432533" uid="19456985" user="Ferrocarriles de México"/>
  <node id="11620491202" lat="17.9979952" lon="-94.5556891" version="1" timestamp="2024-02-14T02:28:59Z" changeset="147432533" uid="19456985" user="Ferrocarriles de México"/>
  <node id="11620491203" lat="17.9980156" lon="-94.5557012" version="1" timestamp="2024-02-14T02:28:59Z" changeset="147432533" uid="19456985" user="Ferrocarriles de México"/>
  <node id="11620491204" lat="17.9981380" lon="-94.5557025" version="1" timestamp="2024-02-14T02:28:59Z" changeset="147432533" uid="19456985" user="Ferrocarriles de México"/>
  <node id="11620491205" lat="17.9981776" lon="-94.5557293" version="1" timestamp="2024-02-14T02:28:59Z" changeset="147432533" uid="19456985" user="Ferrocarriles de México"/>
  <node id="11620491206" lat="17.9982005" lon="-94.5557991" version="1" timestamp="2024-02-14T02:28:59Z" changeset="147432533" uid="19456985" user="Ferrocarriles de México"/>
  <node id="11620491207" lat="17.9982018" lon="-94.5558755" version="1" timestamp="2024-02-14T02:28:59Z" changeset="147432533" uid="19456985" user="Ferrocarriles de México"/>
  <node id="11620491208" lat="17.9981916" lon="-94.5559238" version="1" timestamp="2024-02-14T02:28:59Z" changeset="147432533" uid="19456985" user="Ferrocarriles de México"/>
  <node id="11620491209" lat="17.9981533" lon="-94.5559828" version="1" timestamp="2024-02-14T02:28:59Z" changeset="147432533" uid="19456985" user="Ferrocarriles de México"/>
  <node id="11620491210" lat="17.9981138" lon="-94.5560123" version="1" timestamp="2024-02-14T02:28:59Z" changeset="147432533" uid="19456985" user="Ferrocarriles de México"/>
  <node id="11620491211" lat="17.9979340" lon="-94.5560901" version="1" timestamp="2024-02-14T02:28:59Z" changeset="147432533" uid="19456985" user="Ferrocarriles de México"/>
  <node id="11620491212" lat="17.9979046" lon="-94.5561263" version="1" timestamp="2024-02-14T02:28:59Z" changeset="147432533" uid="19456985" user="Ferrocarriles de México"/>
  <node id="11620491213" lat="17.9978893" lon="-94.5561732" version="1" timestamp="2024-02-14T02:28:59Z" changeset="147432533" uid="19456985" user="Ferrocarriles de México"/>
  <node id="11620491214" lat="17.9978931" lon="-94.5562993" version="1" timestamp="2024-02-14T02:28:59Z" changeset="147432533" uid="19456985" user="Ferrocarriles de México"/>
  <node id="11620491215" lat="17.9979123" lon="-94.5563690" version="1" timestamp="2024-02-14T02:28:59Z" changeset="147432533" uid="19456985" user="Ferrocarriles de México"/>
  <node id="11620491216" lat="17.9979352" lon="-94.5564120" version="1" timestamp="2024-02-14T02:28:59Z" changeset="147432533" uid="19456985" user="Ferrocarriles de México"/>
  <node id="11620491217" lat="17.9979582" lon="-94.5564213" version="1" timestamp="2024-02-14T02:28:59Z" changeset="147432533" uid="19456985" user="Ferrocarriles de México"/>
  <node id="11620491218" lat="17.9980283" lon="-94.5564120" version="1" timestamp="2024-02-14T02:28:59Z" changeset="147432533" uid="19456985" user="Ferrocarriles de México"/>
  <node id="11620491219" lat="17.9980577" lon="-94.5564482" version="1" timestamp="2024-02-14T02:28:59Z" changeset="147432533" uid="19456985" user="Ferrocarriles de México"/>
  <node id="11620491220" lat="17.9980437" lon="-94.5565246" version="1" timestamp="2024-02-14T02:28:59Z" changeset="147432533" uid="19456985" user="Ferrocarriles de México"/>
  <node id="11620491221" lat="17.9980016" lon="-94.5566198" version="1" timestamp="2024-02-14T02:28:59Z" changeset="147432533" uid="19456985" user="Ferrocarriles de México"/>
  <node id="11620491222" lat="17.9979072" lon="-94.5566909" version="1" timestamp="2024-02-14T02:28:59Z" changeset="147432533" uid="19456985" user="Ferrocarriles de México"/>
  <node id="11620491223" lat="17.9977273" lon="-94.5567647" version="1" timestamp="2024-02-14T02:28:59Z" changeset="147432533" uid="19456985" user="Ferrocarriles de México"/>
  <node id="11620491224" lat="17.9976878" lon="-94.5567915" version="1" timestamp="2024-02-14T02:28:59Z" changeset="147432533" uid="19456985" user="Ferrocarriles de México"/>
  <node id="11620491225" lat="17.9976610" lon="-94.5568290" version="1" timestamp="2024-02-14T02:28:59Z" changeset="147432533" uid="19456985" user="Ferrocarriles de México"/>
  <node id="11620491226" lat="17.9976278" lon="-94.5569712" version="1" timestamp="2024-02-14T02:28:59Z" changeset="147432533" uid="19456985" user="Ferrocarriles de México"/>
  <node id="11620491227" lat="17.9975845" lon="-94.5570610" version="1" timestamp="2024-02-14T02:28:59Z" changeset="147432533" uid="19456985" user="Ferrocarriles de México"/>
  <node id="11620491228" lat="17.9975309" lon="-94.5571147" version="1" timestamp="2024-02-14T02:28:59Z" changeset="147432533" uid="19456985" user="Ferrocarriles de México"/>
  <node id="11620491229" lat="17.9974684" lon="-94.5571522" version="1" timestamp="2024-02-14T02:28:59Z" changeset="147432533" uid="19456985" user="Ferrocarriles de México"/>
  <node id="11620491230" lat="17.9974021" lon="-94.5571415" version="1" timestamp="2024-02-14T02:28:59Z" changeset="147432533" uid="19456985" user="Ferrocarriles de México"/>
  <node id="11620491231" lat="17.9973319" lon="-94.5571563" version="1" timestamp="2024-02-14T02:28:59Z" changeset="147432533" uid="19456985" user="Ferrocarriles de México"/>
  <node id="11620491232" lat="17.9973000" lon="-94.5571965" version="1" timestamp="2024-02-14T02:28:59Z" changeset="147432533" uid="19456985" user="Ferrocarriles de México"/>
  <node id="11620491233" lat="17.9972490" lon="-94.5573628" version="1" timestamp="2024-02-14T02:28:59Z" changeset="147432533" uid="19456985" user="Ferrocarriles de México"/>
  <node id="11620491234" lat="17.9971712" lon="-94.5574553" version="1" timestamp="2024-02-14T02:28:59Z" changeset="147432533" uid="19456985" user="Ferrocarriles de México"/>
  <node id="11620491235" lat="17.9971138" lon="-94.5574754" version="1" timestamp="2024-02-14T02:28:59Z" changeset="147432533" uid="19456985" user="Ferrocarriles de México"/>
  <node id="11620491236" lat="17.9969888" lon="-94.5574701" version="1" timestamp="2024-02-14T02:28:59Z" changeset="147432533" uid="19456985" user="Ferrocarriles de México"/>
  <node id="11620491237" lat="17.9969225" lon="-94.5574929" version="1" timestamp="2024-02-14T02:28:59Z" changeset="147432533" uid="19456985" user="Ferrocarriles de México"/>
  <node id="11620491238" lat="17.9968817" lon="-94.5575197" version="1" timestamp="2024-02-14T02:28:59Z" changeset="147432533" uid="19456985" user="Ferrocarriles de México"/>
  <node id="11620491239" lat="17.9967439" lon="-94.5576257" version="1" timestamp="2024-02-14T02:28:59Z" changeset="147432533" uid="19456985" user="Ferrocarriles de México"/>
  <node id="11620491240" lat="17.9961802" lon="-94.5581380" version="1" timestamp="2024-02-14T02:28:59Z" changeset="147432533" uid="19456985" user="Ferrocarriles de México"/>
  <node id="11620491241" lat="17.9959812" lon="-94.5583499" version="1" timestamp="2024-02-14T02:28:59Z" changeset="147432533" uid="19456985" user="Ferrocarriles de México"/>
  <node id="11620491242" lat="17.9958320" lon="-94.5585671" version="1" timestamp="2024-02-14T02:28:59Z" changeset="147432533" uid="19456985" user="Ferrocarriles de México"/>
  <node id="11620491243" lat="17.9956853" lon="-94.5588675" version="1" timestamp="2024-02-14T02:28:59Z" changeset="147432533" uid="19456985" user="Ferrocarriles de México"/>
  <node id="11620491244" lat="17.9956598" lon="-94.5589399" version="1" timestamp="2024-02-14T02:28:59Z" changeset="147432533" uid="19456985" user="Ferrocarriles de México"/>
  <node id="11620491245" lat="17.9956368" lon="-94.5590593" version="1" timestamp="2024-02-14T02:28:59Z" changeset="147432533" uid="19456985" user="Ferrocarriles de México"/>
  <node id="11620491246" lat="17.9955399" lon="-94.5592538" version="1" timestamp="2024-02-14T02:28:59Z" changeset="147432533" uid="19456985" user="Ferrocarriles de México"/>
  <node id="11620491247" lat="17.9954633" lon="-94.5593074" version="1" timestamp="2024-02-14T02:28:59Z" changeset="147432533" uid="19456985" user="Ferrocarriles de México"/>
  <node id="11620491248" lat="17.9954174" lon="-94.5593154" version="1" timestamp="2024-02-14T02:28:59Z" changeset="147432533" uid="19456985" user="Ferrocarriles de México"/>
  <node id="11620491249" lat="17.9953179" lon="-94.5593074" version="1" timestamp="2024-02-14T02:28:59Z" changeset="147432533" uid="19456985" user="Ferrocarriles de México"/>
  <node id="11620491250" lat="17.9952720" lon="-94.5593128" version="1" timestamp="2024-02-14T02:28:59Z" changeset="147432533" uid="19456985" user="Ferrocarriles de México"/>
  <node id="11620491251" lat="17.9951572" lon="-94.5594040" version="1" timestamp="2024-02-14T02:28:59Z" changeset="147432533" uid="19456985" user="Ferrocarriles de México"/>
  <node id="11620491252" lat="17.9950552" lon="-94.5595059" version="1" timestamp="2024-02-14T02:28:59Z" changeset="147432533" uid="19456985" user="Ferrocarriles de México"/>
  <node id="11620491253" lat="17.9949608" lon="-94.5596239" version="1" timestamp="2024-02-14T02:28:59Z" changeset="147432533" uid="19456985" user="Ferrocarriles de México"/>
  <node id="11620491254" lat="17.9947389" lon="-94.5599458" version="1" timestamp="2024-02-14T02:28:59Z" changeset="147432533" uid="19456985" user="Ferrocarriles de México"/>
  <node id="11620491255" lat="17.9946674" lon="-94.5600745" version="1" timestamp="2024-02-14T02:28:59Z" changeset="147432533" uid="19456985" user="Ferrocarriles de México"/>
  <node id="11620491256" lat="17.9946343" lon="-94.5601094" version="1" timestamp="2024-02-14T02:28:59Z" changeset="147432533" uid="19456985" user="Ferrocarriles de México"/>
  <node id="11620491257" lat="17.9944710" lon="-94.5602194" version="1" timestamp="2024-02-14T02:28:59Z" changeset="147432533" uid="19456985" user="Ferrocarriles de México"/>
  <node id="11620491258" lat="17.9940144" lon="-94.5603535" version="1" timestamp="2024-02-14T02:28:59Z" changeset="147432533" uid="19456985" user="Ferrocarriles de México"/>
  <node id="11620491259" lat="17.9938817" lon="-94.5604017" version="1" timestamp="2024-02-14T02:28:59Z" changeset="147432533" uid="19456985" user="Ferrocarriles de México"/>
  <node id="11620491260" lat="17.9937542" lon="-94.5604768" version="1" timestamp="2024-02-14T02:28:59Z" changeset="147432533" uid="19456985" user="Ferrocarriles de México"/>
  <node id="11620491261" lat="17.9935985" lon="-94.5606029" version="1" timestamp="2024-02-14T02:28:59Z" changeset="147432533" uid="19456985" user="Ferrocarriles de México"/>
  <node id="11620491262" lat="17.9935093" lon="-94.5607156" version="1" timestamp="2024-02-14T02:28:59Z" changeset="147432533" uid="19456985" user="Ferrocarriles de México"/>
  <node id="11620491263" lat="17.9934047" lon="-94.5608845" version="1" timestamp="2024-02-14T02:28:59Z" changeset="147432533" uid="19456985" user="Ferrocarriles de México"/>
  <node id="11620491264" lat="17.9933690" lon="-94.5609757" version="1" timestamp="2024-02-14T02:28:59Z" changeset="147432533" uid="19456985" user="Ferrocarriles de México"/>
  <node id="11620491265" lat="17.9933128" lon="-94.5612064" version="1" timestamp="2024-02-14T02:28:59Z" changeset="147432533" uid="19456985" user="Ferrocarriles de México"/>
  <node id="12038575491" lat="18.0169924" lon="-94.5669369" version="1" timestamp="2024-07-07T01:48:40Z" changeset="153644619" uid="19456985" user="Ferrocarriles de México">
    <tag k="power" v="pole"/>
  </node>
  <node id="12038575492" lat="18.0164058" lon="-94.5666607" version="1" timestamp="2024-07-07T01:48:40Z" changeset="153644619" uid="19456985" user="Ferrocarriles de México">
    <tag k="power" v="pole"/>
  </node>
  <node id="12038575493" lat="18.0155653" lon="-94.5662449" version="1" timestamp="2024-07-07T01:48:40Z" changeset="153644619" uid="19456985" user="Ferrocarriles de México">
    <tag k="power" v="pole"/>
  </node>
  <node id="12038575494" lat="18.0147912" lon="-94.5658627" version="1" timestamp="2024-07-07T01:48:40Z" changeset="153644619" uid="19456985" user="Ferrocarriles de México">
    <tag k="power" v="pole"/>
  </node>
  <node id="12038575495" lat="18.0143053" lon="-94.5656401" version="1" timestamp="2024-07-07T01:48:40Z" changeset="153644619" uid="19456985" user="Ferrocarriles de México">
    <tag k="power" v="pole"/>
  </node>
  <node id="12038575496" lat="18.0136638" lon="-94.5653182" version="1" timestamp="2024-07-07T01:48:40Z" changeset="153644619" uid="19456985" user="Ferrocarriles de México">
    <tag k="power" v="pole"/>
  </node>
  <node id="12038575497" lat="18.0123055" lon="-94.5646644" version="1" timestamp="2024-07-07T01:48:40Z" changeset="153644619" uid="19456985" user="Ferrocarriles de México">
    <tag k="power" v="pole"/>
  </node>
  <node id="12038575498" lat="18.0130975" lon="-94.5650406" version="1" timestamp="2024-07-07T01:48:40Z" changeset="153644619" uid="19456985" user="Ferrocarriles de México">
    <tag k="power" v="pole"/>
  </node>
  <node id="12038575499" lat="18.0110461" lon="-94.5640422" version="1" timestamp="2024-07-07T01:48:40Z" changeset="153644619" uid="19456985" user="Ferrocarriles de México">
    <tag k="power" v="tower"/>
  </node>
  <node id="12038575500" lat="18.0098287" lon="-94.5634367" version="1" timestamp="2024-07-07T01:48:40Z" changeset="153644619" uid="19456985" user="Ferrocarriles de México">
    <tag k="power" v="tower"/>
  </node>
  <node id="12038575501" lat="18.0083594" lon="-94.5624590" version="1" timestamp="2024-07-07T01:48:40Z" changeset="153644619" uid="19456985" user="Ferrocarriles de México">
    <tag k="power" v="tower"/>
  </node>
  <node id="12038575502" lat="18.0067958" lon="-94.5614223" version="1" timestamp="2024-07-07T01:48:40Z" changeset="153644619" uid="19456985" user="Ferrocarriles de México">
    <tag k="power" v="tower"/>
  </node>
  <node id="12038575503" lat="18.0054017" lon="-94.5605452" version="1" timestamp="2024-07-07T01:48:40Z" changeset="153644619" uid="19456985" user="Ferrocarriles de México">
    <tag k="power" v="tower"/>
  </node>
  <node id="12038575504" lat="18.0042373" lon="-94.5599149" version="1" timestamp="2024-07-07T01:48:40Z" changeset="153644619" uid="19456985" user="Ferrocarriles de México">
    <tag k="power" v="tower"/>
  </node>
  <node id="12038575505" lat="18.0042271" lon="-94.5604581" version="1" timestamp="2024-07-07T01:48:40Z" changeset="153644619" uid="19456985" user="Ferrocarriles de México">
    <tag k="power" v="portal"/>
  </node>
  <node id="12038575506" lat="18.0041480" lon="-94.5604088" version="1" timestamp="2024-07-07T01:48:40Z" changeset="153644619" uid="19456985" user="Ferrocarriles de México"/>
  <node id="12038575507" lat="18.0041492" lon="-94.5607266" version="1" timestamp="2024-07-07T01:48:40Z" changeset="153644619" uid="19456985" user="Ferrocarriles de México"/>
  <node id="12038575508" lat="18.0043182" lon="-94.5607259" version="1" timestamp="2024-07-07T01:48:40Z" changeset="153644619" uid="19456985" user="Ferrocarriles de México"/>
  <node id="12038575509" lat="18.0043170" lon="-94.5604081" version="1" timestamp="2024-07-07T01:48:40Z" changeset="153644619" uid="19456985" user="Ferrocarriles de México"/>
  <node id="12147236828" lat="18.0025167" lon="-94.5453358" version="1" timestamp="2024-08-31T05:20:23Z" changeset="155998974" uid="10529559" user="PiedmontPark"/>
  <node id="12735463572" lat="18.0030884" lon="-94.5449197" version="1" timestamp="2025-04-07T01:21:39Z" changeset="164612880" uid="22435626" user="KawarthaLake"/>
  <node id="13134953748" lat="18.0084562" lon="-94.5596667" version="1" timestamp="2025-09-10T20:25:50Z" changeset="171755106" uid="23279192" user="AndresSM30"/>
  <node id="13134953749" lat="18.0083161" lon="-94.5593802" version="1" timestamp="2025-09-10T20:25:50Z" changeset="171755106" uid="23279192" user="AndresSM30"/>
  <node id="13134953750" lat="18.0073804" lon="-94.5591436" version="1" timestamp="2025-09-10T20:25:50Z" changeset="171755106" uid="23279192" user="AndresSM30"/>
  <node id="13134953751" lat="18.0071495" lon="-94.5592702" version="1" timestamp="2025-09-10T20:25:50Z" changeset="171755106" uid="23279192" user="AndresSM30"/>
  <node id="13134953752" lat="18.0070666" lon="-94.5595401" version="1" timestamp="2025-09-10T20:25:50Z" changeset="171755106" uid="23279192" user="AndresSM30"/>
  <node id="13134953753" lat="18.0072344" lon="-94.5598888" version="1" timestamp="2025-09-10T20:25:50Z" changeset="171755106" uid="23279192" user="AndresSM30"/>
  <node id="13134953754" lat="18.0081246" lon="-94.5600652" version="1" timestamp="2025-09-10T20:25:50Z" changeset="171755106" uid="23279192" user="AndresSM30"/>
  <node id="13134953755" lat="18.0083694" lon="-94.5599573" version="1" timestamp="2025-09-10T20:25:50Z" changeset="171755106" uid="23279192" user="AndresSM30"/>
  <node id="13134953756" lat="18.0067849" lon="-94.5590118" version="1" timestamp="2025-09-10T20:25:50Z" changeset="171755106" uid="23279192" user="AndresSM30"/>
  <node id="13134953757" lat="18.0066508" lon="-94.5587393" version="1" timestamp="2025-09-10T20:25:50Z" changeset="171755106" uid="23279192" user="AndresSM30"/>
  <node id="13134953758" lat="18.0064912" lon="-94.5588242" version="1" timestamp="2025-09-10T20:25:50Z" changeset="171755106" uid="23279192" user="AndresSM30"/>
  <node id="13134953759" lat="18.0066338" lon="-94.5591090" version="1" timestamp="2025-09-10T20:25:50Z" changeset="171755106" uid="23279192" user="AndresSM30"/>
  <node id="13134953760" lat="18.0069948" lon="-94.5583335" version="1" timestamp="2025-09-10T20:25:50Z" changeset="171755106" uid="23279192" user="AndresSM30"/>
  <node id="13134953761" lat="18.0070984" lon="-94.5578625" version="1" timestamp="2025-09-10T20:25:50Z" changeset="171755106" uid="23279192" user="AndresSM30"/>
  <node id="13134953762" lat="18.0068985" lon="-94.5578063" version="1" timestamp="2025-09-10T20:25:50Z" changeset="171755106" uid="23279192" user="AndresSM30"/>
  <node id="13134953763" lat="18.0068268" lon="-94.5583116" version="1" timestamp="2025-09-10T20:25:50Z" changeset="171755106" uid="23279192" user="AndresSM30"/>
  <node id="13139673259" lat="18.0060325" lon="-94.5576709" version="1" timestamp="2025-09-12T18:31:44Z" changeset="171845725" uid="23279192" user="AndresSM30">
    <tag k="leisure" v="sports_centre"/>
    <tag k="name" v="Domo"/>
  </node>
  <node id="13139673260" lat="18.0064814" lon="-94.5574778" version="2" timestamp="2025-09-30T15:53:11Z" changeset="172667502" uid="23257776" user="TecNM campus Minatitlán">
    <tag k="name" v="Edificio. LISC"/>
    <tag k="office" v="it"/>
  </node>
  <node id="13139673261" lat="18.0064557" lon="-94.5571071" version="1" timestamp="2025-09-12T18:31:44Z" changeset="171845725" uid="23279192" user="AndresSM30">
    <tag k="amenity" v="cafe"/>
    <tag k="name" v="Cafeteria"/>
  </node>
  <node id="13139673262" lat="18.0062283" lon="-94.5571291" version="2" timestamp="2025-09-30T15:53:11Z" changeset="172667502" uid="23257776" user="TecNM campus Minatitlán">
    <tag k="addr:city" v="Minatitlán"/>
    <tag k="addr:postcode" v="96848"/>
    <tag k="addr:state" v="Ver"/>
    <tag k="addr:street" v="Boulevard Instituto Tecnológico (Carretera Transístmica)"/>
    <tag k="amenity" v="school"/>
    <tag k="grades" v="2"/>
    <tag k="name" v="Edificio H"/>
    <tag k="operator" v="Aulas de Clases"/>
    <tag k="operator:type" v="clases"/>
  </node>
  <node id="13139673263" lat="18.0059792" lon="-94.5571236" version="1" timestamp="2025-09-12T18:31:44Z" changeset="171845725" uid="23279192" user="AndresSM30">
    <tag k="amenity" v="school"/>
    <tag k="name" v="Edificio G"/>
  </node>
  <node id="13139673264" lat="18.0067100" lon="-94.5574720" version="1" timestamp="2025-09-12T18:31:44Z" changeset="171845725" uid="23279192" user="AndresSM30">
    <tag k="amenity" v="research_institute"/>
    <tag k="name" v="Edificio LIE-2"/>
  </node>
  <node id="13139673265" lat="18.0069005" lon="-94.5574331" version="2" timestamp="2025-10-14T21:24:17Z" changeset="173294474" uid="23279192" user="AndresSM30">
    <tag k="amenity" v="research_institute"/>
    <tag k="name" v="Edificio LIE-1"/>
  </node>
  <node id="13139673266" lat="18.0071819" lon="-94.5574421" version="1" timestamp="2025-09-12T18:31:44Z" changeset="171845725" uid="23279192" user="AndresSM30">
    <tag k="amenity" v="school"/>
    <tag k="name" v="Edificio CECT"/>
  </node>
  <node id="13139673267" lat="18.0066718" lon="-94.5570638" version="1" timestamp="2025-09-12T18:31:44Z" changeset="171845725" uid="23279192" user="AndresSM30">
    <tag k="name" v="Suabastacion"/>
    <tag k="power" v="substation"/>
  </node>
  <node id="13139673268" lat="18.0061041" lon="-94.5567783" version="1" timestamp="2025-09-12T18:31:44Z" changeset="171845725" uid="23279192" user="AndresSM30"/>
  <node id="13139673269" lat="18.0061049" lon="-94.5565778" version="1" timestamp="2025-09-12T18:31:44Z" changeset="171845725" uid="23279192" user="AndresSM30"/>
  <node id="13139673270" lat="18.0059212" lon="-94.5565702" version="2" timestamp="2025-09-30T15:53:11Z" changeset="172667502" uid="23257776" user="TecNM campus Minatitlán">
    <tag k="crossing" v="unmarked"/>
    <tag k="crossing:markings" v="no"/>
    <tag k="highway" v="crossing"/>
  </node>
  <node id="13139673271" lat="18.0059194" lon="-94.5567823" version="1" timestamp="2025-09-12T18:31:44Z" changeset="171845725" uid="23279192" user="AndresSM30"/>
  <node id="13139673272" lat="18.0063285" lon="-94.5566627" version="1" timestamp="2025-09-12T18:31:44Z" changeset="171845725" uid="23279192" user="AndresSM30">
    <tag k="amenity" v="library"/>
    <tag k="name" v="Edificio O"/>
  </node>
  <node id="13139673273" lat="18.0067243" lon="-94.5566346" version="1" timestamp="2025-09-12T18:31:44Z" changeset="171845725" uid="23279192" user="AndresSM30">
    <tag k="amenity" v="school"/>
    <tag k="name" v="Edificio J"/>
  </node>
  <node id="13139673274" lat="18.0069246" lon="-94.5567560" version="1" timestamp="2025-09-12T18:31:44Z" changeset="171845725" uid="23279192" user="AndresSM30">
    <tag k="amenity" v="school"/>
    <tag k="name" v="Edificio I"/>
  </node>
  <node id="13139673275" lat="18.0056146" lon="-94.5571032" version="1" timestamp="2025-09-12T18:31:44Z" changeset="171845725" uid="23279192" user="AndresSM30">
    <tag k="amenity" v="research_institute"/>
    <tag k="name" v="Edificio de LII"/>
  </node>
  <node id="13139673276" lat="18.0055757" lon="-94.5567752" version="1" timestamp="2025-09-12T18:31:44Z" changeset="171845725" uid="23279192" user="AndresSM30">
    <tag k="amenity" v="school"/>
    <tag k="name" v="Edificio E"/>
  </node>
  <node id="13139673277" lat="18.0054216" lon="-94.5567909" version="1" timestamp="2025-09-12T18:31:44Z" changeset="171845725" uid="23279192" user="AndresSM30">
    <tag k="amenity" v="language_school"/>
    <tag k="name" v="Edificio CI"/>
  </node>
  <node id="13139673278" lat="18.0055249" lon="-94.5563057" version="1" timestamp="2025-09-12T18:31:44Z" changeset="171845725" uid="23279192" user="AndresSM30">
    <tag k="amenity" v="school"/>
    <tag k="name" v="Edificio D"/>
  </node>
  <node id="13139673279" lat="18.0052848" lon="-94.5564048" version="1" timestamp="2025-09-12T18:31:44Z" changeset="171845725" uid="23279192" user="AndresSM30">
    <tag k="amenity" v="school"/>
    <tag k="name" v="Edificio C"/>
  </node>
  <node id="13139673280" lat="18.0057926" lon="-94.5565833" version="1" timestamp="2025-09-12T18:31:44Z" changeset="171845725" uid="23279192" user="AndresSM30">
    <tag k="amenity" v="school"/>
    <tag k="name" v="Edificio F"/>
  </node>
  <node id="13139673281" lat="18.0060021" lon="-94.5562137" version="1" timestamp="2025-09-12T18:31:44Z" changeset="171845725" uid="23279192" user="AndresSM30">
    <tag k="amenity" v="school"/>
    <tag k="name" v="Edificio DPI"/>
  </node>
  <node id="13139673282" lat="18.0057126" lon="-94.5560406" version="1" timestamp="2025-09-12T18:31:44Z" changeset="171845725" uid="23279192" user="AndresSM30">
    <tag k="amenity" v="school"/>
    <tag k="name" v="Edificio LQG"/>
  </node>
  <node id="13139673283" lat="18.0059295" lon="-94.5557874" version="1" timestamp="2025-09-12T18:31:44Z" changeset="171845725" uid="23279192" user="AndresSM30">
    <tag k="amenity" v="research_institute"/>
    <tag k="name" v="Edificio UVMA"/>
  </node>
  <node id="13139673284" lat="18.0056381" lon="-94.5560885" version="2" timestamp="2025-09-30T02:40:57Z" changeset="172639095" uid="23257776" user="TecNM campus Minatitlán"/>
  <node id="13139673285" lat="18.0056372" lon="-94.5558704" version="2" timestamp="2025-09-30T02:40:57Z" changeset="172639095" uid="23257776" user="TecNM campus Minatitlán"/>
  <node id="13139673286" lat="18.0053774" lon="-94.5558710" version="2" timestamp="2025-09-30T02:40:57Z" changeset="172639095" uid="23257776" user="TecNM campus Minatitlán"/>
  <node id="13139673287" lat="18.0053736" lon="-94.5560861" version="2" timestamp="2025-09-30T02:40:57Z" changeset="172639095" uid="23257776" user="TecNM campus Minatitlán"/>
  <node id="13139673288" lat="18.0050462" lon="-94.5563930" version="1" timestamp="2025-09-12T18:31:44Z" changeset="171845725" uid="23279192" user="AndresSM30">
    <tag k="amenity" v="school"/>
    <tag k="name" v="Edificio AC"/>
  </node>
  <node id="13139673289" lat="18.0049725" lon="-94.5562700" version="2" timestamp="2025-09-30T03:24:35Z" changeset="172639812" uid="23257776" user="TecNM campus Minatitlán">
    <tag k="amenity" v="school"/>
    <tag k="name" v="Entrada lateral"/>
  </node>
  <node id="13139673290" lat="18.0053377" lon="-94.5554330" version="1" timestamp="2025-09-12T18:31:44Z" changeset="171845725" uid="23279192" user="AndresSM30">
    <tag k="amenity" v="school"/>
    <tag k="name" v="Entrada principal"/>
  </node>
  <node id="13139673291" lat="18.0051780" lon="-94.5558909" version="2" timestamp="2025-09-30T02:40:57Z" changeset="172639095" uid="23257776" user="TecNM campus Minatitlán">
    <tag k="addr:city" v="Minatitlán"/>
    <tag k="addr:postcode" v="96848"/>
    <tag k="addr:state" v="Ver"/>
    <tag k="addr:street" v="Boulevard Instituto Tecnológico (Carretera Transístmica)"/>
    <tag k="name" v="Edificio ACB"/>
    <tag k="office" v="educational_institution"/>
    <tag k="opening_hours" v="Mo-Fr 09:00-18:00"/>
    <tag k="phone" v="9222224345"/>
    <tag k="website" v="https://minatitlan.tecnm.mx/"/>
  </node>
  <node id="13139673292" lat="18.0049462" lon="-94.5558862" version="1" timestamp="2025-09-12T18:31:44Z" changeset="171845725" uid="23279192" user="AndresSM30">
    <tag k="name" v="Edificio ACA"/>
    <tag k="office" v="educational_institution"/>
  </node>
  <node id="13139673293" lat="18.0054250" lon="-94.5556422" version="1" timestamp="2025-09-12T18:31:44Z" changeset="171845725" uid="23279192" user="AndresSM30">
    <tag k="amenity" v="school"/>
    <tag k="name" v="Edificio B"/>
  </node>
  <node id="13139673294" lat="18.0056457" lon="-94.5553636" version="1" timestamp="2025-09-12T18:31:44Z" changeset="171845725" uid="23279192" user="AndresSM30">
    <tag k="amenity" v="school"/>
    <tag k="name" v="Edificio A"/>
  </node>
  <node id="13139673295" lat="18.0058157" lon="-94.5549459" version="1" timestamp="2025-09-12T18:31:44Z" changeset="171845725" uid="23279192" user="AndresSM30">
    <tag k="amenity" v="research_institute"/>
    <tag k="name" v="Edificio LIQP"/>
  </node>
  <node id="13139673296" lat="18.0060110" lon="-94.5553519" version="1" timestamp="2025-09-12T18:31:44Z" changeset="171845725" uid="23279192" user="AndresSM30">
    <tag k="amenity" v="research_institute"/>
    <tag k="name" v="Edificio LCI"/>
  </node>
  <node id="13139673297" lat="18.0062752" lon="-94.5557267" version="1" timestamp="2025-09-12T18:31:44Z" changeset="171845725" uid="23279192" user="AndresSM30">
    <tag k="amenity" v="school"/>
    <tag k="name" v="Edificio LIEM"/>
  </node>
  <node id="13139673298" lat="18.0066420" lon="-94.5562375" version="1" timestamp="2025-09-12T18:31:44Z" changeset="171845725" uid="23279192" user="AndresSM30">
    <tag k="amenity" v="school"/>
    <tag k="name" v="Edificio LAI"/>
  </node>
  <node id="13139673299" lat="18.0066074" lon="-94.5560301" version="1" timestamp="2025-09-12T18:31:44Z" changeset="171845725" uid="23279192" user="AndresSM30">
    <tag k="amenity" v="cafe"/>
    <tag k="name" v="Palapa"/>
  </node>
  <node id="13139673300" lat="18.0065110" lon="-94.5559496" version="1" timestamp="2025-09-12T18:31:44Z" changeset="171845725" uid="23279192" user="AndresSM30">
    <tag k="amenity" v="school"/>
    <tag k="name" v="Edificio V"/>
  </node>
  <node id="13139686801" lat="18.0065002" lon="-94.5556790" version="1" timestamp="2025-09-12T18:31:44Z" changeset="171845725" uid="23279192" user="AndresSM30">
    <tag k="amenity" v="school"/>
    <tag k="name" v="Edificio S.G"/>
  </node>
  <node id="13139686802" lat="18.0059472" lon="-94.5546294" version="1" timestamp="2025-09-12T18:31:44Z" changeset="171845725" uid="23279192" user="AndresSM30">
    <tag k="amenity" v="school"/>
    <tag k="name" v="Edificio X"/>
  </node>
  <node id="13182425683" lat="18.0052702" lon="-94.5557474" version="1" timestamp="2025-09-30T02:40:57Z" changeset="172639095" uid="23257776" user="TecNM campus Minatitlán"/>
  <node id="13182425684" lat="18.0052662" lon="-94.5560408" version="1" timestamp="2025-09-30T02:40:57Z" changeset="172639095" uid="23257776" user="TecNM campus Minatitlán"/>
  <node id="13182425685" lat="18.0050907" lon="-94.5560346" version="1" timestamp="2025-09-30T02:40:57Z" changeset="172639095" uid="23257776" user="TecNM campus Minatitlán"/>
  <node id="13182425686" lat="18.0050915" lon="-94.5557475" version="1" timestamp="2025-09-30T02:40:57Z" changeset="172639095" uid="23257776" user="TecNM campus Minatitlán"/>
  <node id="13182425687" lat="18.0050135" lon="-94.5560340" version="1" timestamp="2025-09-30T02:40:57Z" changeset="172639095" uid="23257776" user="TecNM campus Minatitlán"/>
  <node id="13182425688" lat="18.0050116" lon="-94.5557564" version="1" timestamp="2025-09-30T02:40:57Z" changeset="172639095" uid="23257776" user="TecNM campus Minatitlán"/>
  <node id="13182425689" lat="18.0048987" lon="-94.5557528" version="1" timestamp="2025-09-30T02:40:57Z" changeset="172639095" uid="23257776" user="TecNM campus Minatitlán"/>
  <node id="13182425690" lat="18.0048992" lon="-94.5560323" version="1" timestamp="2025-09-30T02:40:57Z" changeset="172639095" uid="23257776" user="TecNM campus Minatitlán"/>
  <node id="13182425691" lat="18.0052110" lon="-94.5554186" version="1" timestamp="2025-09-30T02:40:57Z" changeset="172639095" uid="23257776" user="TecNM campus Minatitlán"/>
  <node id="13182425692" lat="18.0051160" lon="-94.5554171" version="1" timestamp="2025-09-30T02:40:57Z" changeset="172639095" uid="23257776" user="TecNM campus Minatitlán"/>
  <node id="13182425693" lat="18.0053283" lon="-94.5549285" version="1" timestamp="2025-09-30T02:40:57Z" changeset="172639095" uid="23257776" user="TecNM campus Minatitlán"/>
  <node id="13182425694" lat="18.0053398" lon="-94.5556973" version="1" timestamp="2025-09-30T02:40:57Z" changeset="172639095" uid="23257776" user="TecNM campus Minatitlán">
    <tag k="crossing" v="unmarked"/>
    <tag k="crossing:markings" v="no"/>
    <tag k="highway" v="crossing"/>
  </node>
  <node id="13182425695" lat="18.0050758" lon="-94.5557000" version="1" timestamp="2025-09-30T02:40:57Z" changeset="172639095" uid="23257776" user="TecNM campus Minatitlán"/>
  <node id="13182425696" lat="18.0050745" lon="-94.5560997" version="1" timestamp="2025-09-30T02:40:57Z" changeset="172639095" uid="23257776" user="TecNM campus Minatitlán"/>
  <node id="13182425697" lat="18.0053372" lon="-94.5560956" version="1" timestamp="2025-09-30T02:40:57Z" changeset="172639095" uid="23257776" user="TecNM campus Minatitlán"/>
  <node id="13182425698" lat="18.0053393" lon="-94.5557751" version="1" timestamp="2025-09-30T02:40:57Z" changeset="172639095" uid="23257776" user="TecNM campus Minatitlán"/>
  <node id="13182425699" lat="18.0053395" lon="-94.5557362" version="1" timestamp="2025-09-30T02:40:57Z" changeset="172639095" uid="23257776" user="TecNM campus Minatitlán"/>
  <node id="13182425700" lat="18.0049142" lon="-94.5553262" version="1" timestamp="2025-09-30T02:40:57Z" changeset="172639095" uid="23257776" user="TecNM campus Minatitlán"/>
  <node id="13182469801" lat="18.0049905" lon="-94.5554310" version="1" timestamp="2025-09-30T02:40:57Z" changeset="172639095" uid="23257776" user="TecNM campus Minatitlán"/>
  <node id="13182469802" lat="18.0053358" lon="-94.5554340" version="1" timestamp="2025-09-30T02:40:57Z" changeset="172639095" uid="23257776" user="TecNM campus Minatitlán"/>
  <node id="13182469803" lat="18.0052908" lon="-94.5554336" version="1" timestamp="2025-09-30T02:40:57Z" changeset="172639095" uid="23257776" user="TecNM campus Minatitlán"/>
  <node id="13182469804" lat="18.0055202" lon="-94.5551291" version="1" timestamp="2025-09-30T02:40:57Z" changeset="172639095" uid="23257776" user="TecNM campus Minatitlán"/>
  <node id="13182469805" lat="18.0054812" lon="-94.5551917" version="1" timestamp="2025-09-30T02:40:57Z" changeset="172639095" uid="23257776" user="TecNM campus Minatitlán"/>
  <node id="13182469806" lat="18.0055015" lon="-94.5549753" version="1" timestamp="2025-09-30T02:40:57Z" changeset="172639095" uid="23257776" user="TecNM campus Minatitlán"/>
  <node id="13182469807" lat="18.0054933" lon="-94.5558462" version="2" timestamp="2025-09-30T15:11:48Z" changeset="172665393" uid="23257776" user="TecNM campus Minatitlán"/>
  <node id="13182469808" lat="18.0054917" lon="-94.5554390" version="1" timestamp="2025-09-30T02:40:57Z" changeset="172639095" uid="23257776" user="TecNM campus Minatitlán"/>
  <node id="13182469809" lat="18.0053718" lon="-94.5554402" version="1" timestamp="2025-09-30T02:40:57Z" changeset="172639095" uid="23257776" user="TecNM campus Minatitlán"/>
  <node id="13182469810" lat="18.0053718" lon="-94.5558453" version="1" timestamp="2025-09-30T02:40:57Z" changeset="172639095" uid="23257776" user="TecNM campus Minatitlán"/>
  <node id="13182469811" lat="18.0053907" lon="-94.5558476" version="1" timestamp="2025-09-30T02:40:57Z" changeset="172639095" uid="23257776" user="TecNM campus Minatitlán"/>
  <node id="13182469812" lat="18.0055095" lon="-94.5558695" version="1" timestamp="2025-09-30T02:40:57Z" changeset="172639095" uid="23257776" user="TecNM campus Minatitlán"/>
  <node id="13182469813" lat="18.0053387" lon="-94.5558605" version="1" timestamp="2025-09-30T02:40:57Z" changeset="172639095" uid="23257776" user="TecNM campus Minatitlán">
    <tag k="crossing" v="unmarked"/>
    <tag k="crossing:markings" v="no"/>
    <tag k="highway" v="crossing"/>
  </node>
  <node id="13182469814" lat="18.0058989" lon="-94.5558675" version="1" timestamp="2025-09-30T02:40:57Z" changeset="172639095" uid="23257776" user="TecNM campus Minatitlán">
    <tag k="crossing" v="unmarked"/>
    <tag k="crossing:markings" v="no"/>
    <tag k="highway" v="crossing"/>
  </node>
  <node id="13182469815" lat="18.0057967" lon="-94.5558665" version="1" timestamp="2025-09-30T02:40:57Z" changeset="172639095" uid="23257776" user="TecNM campus Minatitlán">
    <tag k="crossing" v="unmarked"/>
    <tag k="crossing:markings" v="no"/>
    <tag k="highway" v="crossing"/>
  </node>
  <node id="13182469816" lat="18.0057658" lon="-94.5558661" version="1" timestamp="2025-09-30T02:40:57Z" changeset="172639095" uid="23257776" user="TecNM campus Minatitlán"/>
  <node id="13182469817" lat="18.0053362" lon="-94.5554566" version="1" timestamp="2025-09-30T02:40:57Z" changeset="172639095" uid="23257776" user="TecNM campus Minatitlán"/>
  <node id="13182469818" lat="18.0053593" lon="-94.5554542" version="1" timestamp="2025-09-30T02:40:57Z" changeset="172639095" uid="23257776" user="TecNM campus Minatitlán">
    <tag k="crossing" v="unmarked"/>
    <tag k="crossing:markings" v="no"/>
    <tag k="highway" v="crossing"/>
  </node>
  <node id="13182469819" lat="18.0053837" lon="-94.5554239" version="1" timestamp="2025-09-30T02:40:57Z" changeset="172639095" uid="23257776" user="TecNM campus Minatitlán"/>
  <node id="13182469820" lat="18.0055077" lon="-94.5554239" version="2" timestamp="2025-09-30T03:24:35Z" changeset="172639812" uid="23257776" user="TecNM campus Minatitlán"/>
  <node id="13182469821" lat="18.0055048" lon="-94.5555110" version="2" timestamp="2025-09-30T03:24:35Z" changeset="172639812" uid="23257776" user="TecNM campus Minatitlán"/>
  <node id="13182469822" lat="18.0058012" lon="-94.5555126" version="1" timestamp="2025-09-30T02:40:57Z" changeset="172639095" uid="23257776" user="TecNM campus Minatitlán">
    <tag k="crossing" v="unmarked"/>
    <tag k="crossing:markings" v="no"/>
    <tag k="highway" v="crossing"/>
  </node>
  <node id="13182469823" lat="18.0057236" lon="-94.5555107" version="1" timestamp="2025-09-30T02:40:57Z" changeset="172639095" uid="23257776" user="TecNM campus Minatitlán"/>
  <node id="13182469824" lat="18.0057811" lon="-94.5563064" version="1" timestamp="2025-09-30T02:40:57Z" changeset="172639095" uid="23257776" user="TecNM campus Minatitlán"/>
  <node id="13182469825" lat="18.0057803" lon="-94.5558398" version="2" timestamp="2025-09-30T03:24:35Z" changeset="172639812" uid="23257776" user="TecNM campus Minatitlán"/>
  <node id="13182469826" lat="18.0056532" lon="-94.5558391" version="2" timestamp="2025-09-30T03:24:35Z" changeset="172639812" uid="23257776" user="TecNM campus Minatitlán"/>
  <node id="13182469827" lat="18.0056536" lon="-94.5563064" version="1" timestamp="2025-09-30T02:40:57Z" changeset="172639095" uid="23257776" user="TecNM campus Minatitlán"/>
  <node id="13182505579" lat="18.0062692" lon="-94.5554780" version="1" timestamp="2025-09-30T03:24:35Z" changeset="172639812" uid="23257776" user="TecNM campus Minatitlán"/>
  <node id="13182505580" lat="18.0058110" lon="-94.5554759" version="1" timestamp="2025-09-30T03:24:35Z" changeset="172639812" uid="23257776" user="TecNM campus Minatitlán"/>
  <node id="13182505581" lat="18.0058071" lon="-94.5552056" version="1" timestamp="2025-09-30T03:24:35Z" changeset="172639812" uid="23257776" user="TecNM campus Minatitlán"/>
  <node id="13182505582" lat="18.0062672" lon="-94.5552137" version="1" timestamp="2025-09-30T03:24:35Z" changeset="172639812" uid="23257776" user="TecNM campus Minatitlán"/>
  <node id="13182505583" lat="18.0053413" lon="-94.5566966" version="1" timestamp="2025-09-30T03:24:35Z" changeset="172639812" uid="23257776" user="TecNM campus Minatitlán"/>
  <node id="13182505584" lat="18.0053402" lon="-94.5561946" version="1" timestamp="2025-09-30T03:24:35Z" changeset="172639812" uid="23257776" user="TecNM campus Minatitlán"/>
  <node id="13182505585" lat="18.0052302" lon="-94.5561922" version="1" timestamp="2025-09-30T03:24:35Z" changeset="172639812" uid="23257776" user="TecNM campus Minatitlán"/>
  <node id="13182505586" lat="18.0052269" lon="-94.5566954" version="1" timestamp="2025-09-30T03:24:35Z" changeset="172639812" uid="23257776" user="TecNM campus Minatitlán"/>
  <node id="13182505587" lat="18.0050726" lon="-94.5562266" version="1" timestamp="2025-09-30T03:24:35Z" changeset="172639812" uid="23257776" user="TecNM campus Minatitlán">
    <tag k="crossing" v="unmarked"/>
    <tag k="crossing:markings" v="no"/>
    <tag k="highway" v="crossing"/>
  </node>
  <node id="13182505588" lat="18.0056535" lon="-94.5562385" version="1" timestamp="2025-09-30T03:24:35Z" changeset="172639812" uid="23257776" user="TecNM campus Minatitlán">
    <tag k="crossing" v="unmarked"/>
    <tag k="crossing:markings" v="no"/>
    <tag k="highway" v="crossing"/>
  </node>
  <node id="13182505589" lat="18.0054230" lon="-94.5562338" version="1" timestamp="2025-09-30T03:24:35Z" changeset="172639812" uid="23257776" user="TecNM campus Minatitlán"/>
  <node id="13182505590" lat="18.0059221" lon="-94.5562465" version="1" timestamp="2025-09-30T03:24:35Z" changeset="172639812" uid="23257776" user="TecNM campus Minatitlán">
    <tag k="crossing" v="unmarked"/>
    <tag k="crossing:markings" v="no"/>
    <tag k="highway" v="crossing"/>
  </node>
  <node id="13182505591" lat="18.0059271" lon="-94.5564093" version="2" timestamp="2025-09-30T15:53:11Z" changeset="172667502" uid="23257776" user="TecNM campus Minatitlán">
    <tag k="crossing" v="uncontrolled"/>
    <tag k="crossing:markings" v="yes"/>
    <tag k="highway" v="crossing"/>
  </node>
  <node id="13182505592" lat="18.0061493" lon="-94.5566694" version="1" timestamp="2025-09-30T03:24:35Z" changeset="172639812" uid="23257776" user="TecNM campus Minatitlán">
    <tag k="crossing" v="unmarked"/>
    <tag k="crossing:markings" v="no"/>
    <tag k="highway" v="crossing"/>
  </node>
  <node id="13182505593" lat="18.0061493" lon="-94.5574664" version="1" timestamp="2025-09-30T03:24:35Z" changeset="172639812" uid="23257776" user="TecNM campus Minatitlán">
    <tag k="crossing" v="unmarked"/>
    <tag k="crossing:markings" v="no"/>
    <tag k="highway" v="crossing"/>
  </node>
  <node id="13182505594" lat="18.0063259" lon="-94.5574680" version="2" timestamp="2025-09-30T15:11:48Z" changeset="172665393" uid="23257776" user="TecNM campus Minatitlán"/>
  <node id="13182505595" lat="18.0058612" lon="-94.5562447" version="1" timestamp="2025-09-30T03:24:35Z" changeset="172639812" uid="23257776" user="TecNM campus Minatitlán"/>
  <node id="13182505596" lat="18.0053688" lon="-94.5562327" version="1" timestamp="2025-09-30T03:24:35Z" changeset="172639812" uid="23257776" user="TecNM campus Minatitlán">
    <tag k="crossing" v="unmarked"/>
    <tag k="crossing:markings" v="no"/>
    <tag k="highway" v="crossing"/>
  </node>
  <node id="13182505597" lat="18.0049682" lon="-94.5563198" version="1" timestamp="2025-09-30T03:24:35Z" changeset="172639812" uid="23257776" user="TecNM campus Minatitlán"/>
  <node id="13182505598" lat="18.0050034" lon="-94.5562883" version="1" timestamp="2025-09-30T03:24:35Z" changeset="172639812" uid="23257776" user="TecNM campus Minatitlán"/>
  <node id="13182505599" lat="18.0055050" lon="-94.5558627" version="2" timestamp="2025-10-01T19:07:16Z" changeset="172720992" uid="23254573" user="Angel H Cervantes"/>
  <node id="13182505600" lat="18.0055050" lon="-94.5557795" version="1" timestamp="2025-09-30T03:24:35Z" changeset="172639812" uid="23257776" user="TecNM campus Minatitlán"/>
  <node id="13182720922" lat="18.0053690" lon="-94.5561828" version="1" timestamp="2025-09-30T03:28:46Z" changeset="172639882" uid="23257776" user="TecNM campus Minatitlán"/>
  <node id="13182727301" lat="18.0050752" lon="-94.5558712" version="1" timestamp="2025-09-30T03:24:35Z" changeset="172639812" uid="23257776" user="TecNM campus Minatitlán"/>
  <node id="13182727302" lat="18.0050124" lon="-94.5558712" version="1" timestamp="2025-09-30T03:24:35Z" changeset="172639812" uid="23257776" user="TecNM campus Minatitlán"/>
  <node id="13182727303" lat="18.0050740" lon="-94.5561302" version="1" timestamp="2025-09-30T03:24:35Z" changeset="172639812" uid="23257776" user="TecNM campus Minatitlán"/>
  <node id="13182727304" lat="18.0053692" lon="-94.5561329" version="1" timestamp="2025-09-30T03:24:35Z" changeset="172639812" uid="23257776" user="TecNM campus Minatitlán"/>
  <node id="13182727305" lat="18.0054444" lon="-94.5561329" version="1" timestamp="2025-09-30T03:24:35Z" changeset="172639812" uid="23257776" user="TecNM campus Minatitlán"/>
  <node id="13182727306" lat="18.0054725" lon="-94.5561115" version="1" timestamp="2025-09-30T03:24:35Z" changeset="172639812" uid="23257776" user="TecNM campus Minatitlán"/>
  <node id="13182727307" lat="18.0055388" lon="-94.5561115" version="1" timestamp="2025-09-30T03:24:35Z" changeset="172639812" uid="23257776" user="TecNM campus Minatitlán"/>
  <node id="13182727308" lat="18.0056383" lon="-94.5561423" version="1" timestamp="2025-09-30T03:24:35Z" changeset="172639812" uid="23257776" user="TecNM campus Minatitlán"/>
  <node id="13182727309" lat="18.0056442" lon="-94.5561797" version="1" timestamp="2025-09-30T03:24:35Z" changeset="172639812" uid="23257776" user="TecNM campus Minatitlán"/>
  <node id="13184307336" lat="18.0055618" lon="-94.5558634" version="1" timestamp="2025-09-30T15:11:48Z" changeset="172665393" uid="23257776" user="TecNM campus Minatitlán"/>
  <node id="13184307337" lat="18.0056988" lon="-94.5555573" version="1" timestamp="2025-09-30T15:11:48Z" changeset="172665393" uid="23257776" user="TecNM campus Minatitlán"/>
  <node id="13184307338" lat="18.0056988" lon="-94.5552163" version="1" timestamp="2025-09-30T15:11:48Z" changeset="172665393" uid="23257776" user="TecNM campus Minatitlán"/>
  <node id="13184307339" lat="18.0055815" lon="-94.5552133" version="1" timestamp="2025-09-30T15:11:48Z" changeset="172665393" uid="23257776" user="TecNM campus Minatitlán"/>
  <node id="13184307340" lat="18.0055845" lon="-94.5555573" version="1" timestamp="2025-09-30T15:11:48Z" changeset="172665393" uid="23257776" user="TecNM campus Minatitlán"/>
  <node id="13184307341" lat="18.0056304" lon="-94.5555583" version="1" timestamp="2025-09-30T15:11:48Z" changeset="172665393" uid="23257776" user="TecNM campus Minatitlán"/>
  <node id="13184307342" lat="18.0057979" lon="-94.5551718" version="1" timestamp="2025-09-30T15:11:48Z" changeset="172665393" uid="23257776" user="TecNM campus Minatitlán">
    <tag k="crossing" v="unmarked"/>
    <tag k="crossing:markings" v="no"/>
    <tag k="highway" v="crossing"/>
  </node>
  <node id="13184307343" lat="18.0058727" lon="-94.5551799" version="1" timestamp="2025-09-30T15:11:48Z" changeset="172665393" uid="23257776" user="TecNM campus Minatitlán"/>
  <node id="13184307344" lat="18.0058779" lon="-94.5552068" version="1" timestamp="2025-09-30T15:11:48Z" changeset="172665393" uid="23257776" user="TecNM campus Minatitlán"/>
  <node id="13184307345" lat="18.0058387" lon="-94.5551762" version="1" timestamp="2025-09-30T15:11:48Z" changeset="172665393" uid="23257776" user="TecNM campus Minatitlán"/>
  <node id="13184307346" lat="18.0057996" lon="-94.5553422" version="1" timestamp="2025-09-30T15:11:48Z" changeset="172665393" uid="23257776" user="TecNM campus Minatitlán"/>
  <node id="13184307347" lat="18.0058327" lon="-94.5550498" version="1" timestamp="2025-09-30T15:11:48Z" changeset="172665393" uid="23257776" user="TecNM campus Minatitlán"/>
  <node id="13184307348" lat="18.0058349" lon="-94.5550956" version="1" timestamp="2025-09-30T15:11:48Z" changeset="172665393" uid="23257776" user="TecNM campus Minatitlán"/>
  <node id="13184307349" lat="18.0059049" lon="-94.5550525" version="1" timestamp="2025-09-30T15:11:48Z" changeset="172665393" uid="23257776" user="TecNM campus Minatitlán"/>
  <node id="13184307350" lat="18.0057399" lon="-94.5550539" version="1" timestamp="2025-09-30T15:11:48Z" changeset="172665393" uid="23257776" user="TecNM campus Minatitlán"/>
  <node id="13184307351" lat="18.0057388" lon="-94.5547896" version="1" timestamp="2025-09-30T15:11:48Z" changeset="172665393" uid="23257776" user="TecNM campus Minatitlán"/>
  <node id="13184307352" lat="18.0059033" lon="-94.5547898" version="1" timestamp="2025-09-30T15:11:48Z" changeset="172665393" uid="23257776" user="TecNM campus Minatitlán"/>
  <node id="13184307353" lat="18.0061736" lon="-94.5573975" version="1" timestamp="2025-09-30T15:11:48Z" changeset="172665393" uid="23257776" user="TecNM campus Minatitlán"/>
  <node id="13184307354" lat="18.0061736" lon="-94.5570018" version="1" timestamp="2025-09-30T15:11:48Z" changeset="172665393" uid="23257776" user="TecNM campus Minatitlán"/>
  <node id="13184307355" lat="18.0063076" lon="-94.5570072" version="1" timestamp="2025-09-30T15:11:48Z" changeset="172665393" uid="23257776" user="TecNM campus Minatitlán"/>
  <node id="13184307356" lat="18.0063063" lon="-94.5573989" version="1" timestamp="2025-09-30T15:11:48Z" changeset="172665393" uid="23257776" user="TecNM campus Minatitlán"/>
  <node id="13184307357" lat="18.0063066" lon="-94.5573338" version="1" timestamp="2025-09-30T15:11:48Z" changeset="172665393" uid="23257776" user="TecNM campus Minatitlán"/>
  <node id="13184363250" lat="18.0066005" lon="-94.5573730" version="1" timestamp="2025-09-30T15:53:11Z" changeset="172667502" uid="23257776" user="TecNM campus Minatitlán"/>
  <node id="13184363251" lat="18.0066023" lon="-94.5576182" version="1" timestamp="2025-09-30T15:53:11Z" changeset="172667502" uid="23257776" user="TecNM campus Minatitlán"/>
  <node id="13184363252" lat="18.0063664" lon="-94.5576191" version="1" timestamp="2025-09-30T15:53:11Z" changeset="172667502" uid="23257776" user="TecNM campus Minatitlán"/>
  <node id="13184363253" lat="18.0063636" lon="-94.5573730" version="1" timestamp="2025-09-30T15:53:11Z" changeset="172667502" uid="23257776" user="TecNM campus Minatitlán"/>
  <node id="13184363254" lat="18.0053720" lon="-94.5565503" version="1" timestamp="2025-09-30T15:53:11Z" changeset="172667502" uid="23257776" user="TecNM campus Minatitlán"/>
  <node id="13184363255" lat="18.0057259" lon="-94.5565619" version="1" timestamp="2025-09-30T15:53:11Z" changeset="172667502" uid="23257776" user="TecNM campus Minatitlán">
    <tag k="crossing" v="unmarked"/>
    <tag k="crossing:markings" v="no"/>
    <tag k="highway" v="crossing"/>
  </node>
  <node id="13184363256" lat="18.0054497" lon="-94.5562343" version="1" timestamp="2025-09-30T15:53:11Z" changeset="172667502" uid="23257776" user="TecNM campus Minatitlán">
    <tag k="crossing" v="unmarked"/>
    <tag k="crossing:markings" v="no"/>
    <tag k="highway" v="crossing"/>
  </node>
  <node id="13184363257" lat="18.0054541" lon="-94.5565529" version="1" timestamp="2025-09-30T15:53:11Z" changeset="172667502" uid="23257776" user="TecNM campus Minatitlán">
    <tag k="crossing" v="unmarked"/>
    <tag k="crossing:markings" v="no"/>
    <tag k="highway" v="crossing"/>
  </node>
  <node id="13184363258" lat="18.0058388" lon="-94.5568296" version="1" timestamp="2025-09-30T15:53:11Z" changeset="172667502" uid="23257776" user="TecNM campus Minatitlán"/>
  <node id="13184363259" lat="18.0058375" lon="-94.5564196" version="1" timestamp="2025-09-30T15:53:11Z" changeset="172667502" uid="23257776" user="TecNM campus Minatitlán"/>
  <node id="13184363260" lat="18.0057289" lon="-94.5564196" version="1" timestamp="2025-09-30T15:53:11Z" changeset="172667502" uid="23257776" user="TecNM campus Minatitlán"/>
  <node id="13184363261" lat="18.0057315" lon="-94.5568282" version="1" timestamp="2025-09-30T15:53:11Z" changeset="172667502" uid="23257776" user="TecNM campus Minatitlán"/>
  <node id="13184363262" lat="18.0061332" lon="-94.5569493" version="1" timestamp="2025-09-30T15:53:11Z" changeset="172667502" uid="23257776" user="TecNM campus Minatitlán"/>
  <node id="13184363263" lat="18.0061309" lon="-94.5572895" version="1" timestamp="2025-09-30T15:53:11Z" changeset="172667502" uid="23257776" user="TecNM campus Minatitlán"/>
  <node id="13184363264" lat="18.0058336" lon="-94.5572823" version="1" timestamp="2025-09-30T15:53:11Z" changeset="172667502" uid="23257776" user="TecNM campus Minatitlán"/>
  <node id="13184363265" lat="18.0058324" lon="-94.5569446" version="1" timestamp="2025-09-30T15:53:11Z" changeset="172667502" uid="23257776" user="TecNM campus Minatitlán"/>
  <node id="13184363266" lat="18.0059532" lon="-94.5569458" version="1" timestamp="2025-09-30T15:53:11Z" changeset="172667502" uid="23257776" user="TecNM campus Minatitlán"/>
  <node id="13184363267" lat="18.0059543" lon="-94.5570691" version="1" timestamp="2025-09-30T15:53:11Z" changeset="172667502" uid="23257776" user="TecNM campus Minatitlán"/>
  <node id="13184363268" lat="18.0060193" lon="-94.5570691" version="1" timestamp="2025-09-30T15:53:11Z" changeset="172667502" uid="23257776" user="TecNM campus Minatitlán"/>
  <node id="13184363269" lat="18.0060204" lon="-94.5569493" version="1" timestamp="2025-09-30T15:53:11Z" changeset="172667502" uid="23257776" user="TecNM campus Minatitlán"/>
  <node id="13189413010" lat="18.0061399" lon="-94.5558623" version="1" timestamp="2025-10-02T20:01:16Z" changeset="172764439" uid="23254573" user="Angel H Cervantes"/>
  <node id="13189413011" lat="18.0061330" lon="-94.5555154" version="1" timestamp="2025-10-02T20:01:16Z" changeset="172764439" uid="23254573" user="Angel H Cervantes"/>
  <node id="13189413012" lat="18.0058474" lon="-94.5558670" version="1" timestamp="2025-10-02T20:01:16Z" changeset="172764439" uid="23254573" user="Angel H Cervantes"/>
  <node id="13189413013" lat="18.0061463" lon="-94.5564114" version="1" timestamp="2025-10-02T20:01:16Z" changeset="172764439" uid="23254573" user="Angel H Cervantes"/>
  <node id="13189413014" lat="18.0068031" lon="-94.5564220" version="1" timestamp="2025-10-02T20:01:16Z" changeset="172764439" uid="23254573" user="Angel H Cervantes"/>
  <node id="13189413015" lat="18.0068065" lon="-94.5568816" version="1" timestamp="2025-10-02T20:01:16Z" changeset="172764439" uid="23254573" user="Angel H Cervantes"/>
  <node id="13189413016" lat="18.0061493" lon="-94.5568655" version="1" timestamp="2025-10-02T20:01:16Z" changeset="172764439" uid="23254573" user="Angel H Cervantes"/>
  <node id="13189413017" lat="18.0065957" lon="-94.5568764" version="1" timestamp="2025-10-02T20:01:16Z" changeset="172764439" uid="23254573" user="Angel H Cervantes"/>
  <node id="13189413018" lat="18.0065958" lon="-94.5564187" version="1" timestamp="2025-10-02T20:01:16Z" changeset="172764439" uid="23254573" user="Angel H Cervantes"/>
  <node id="13189413019" lat="18.0065548" lon="-94.5561037" version="1" timestamp="2025-10-02T20:01:16Z" changeset="172764439" uid="23254573" user="Angel H Cervantes"/>
  <node id="13189413020" lat="18.0065548" lon="-94.5564180" version="1" timestamp="2025-10-02T20:01:16Z" changeset="172764439" uid="23254573" user="Angel H Cervantes"/>
  <node id="13189413021" lat="18.0062267" lon="-94.5568674" version="1" timestamp="2025-10-02T20:01:16Z" changeset="172764439" uid="23254573" user="Angel H Cervantes"/>
  <node id="13189413022" lat="18.0063252" lon="-94.5569602" version="1" timestamp="2025-10-02T20:01:16Z" changeset="172764439" uid="23254573" user="Angel H Cervantes"/>
  <node id="13189413023" lat="18.0067844" lon="-94.5569656" version="1" timestamp="2025-10-02T20:01:16Z" changeset="172764439" uid="23254573" user="Angel H Cervantes"/>
  <node id="13189413024" lat="18.0067878" lon="-94.5577270" version="1" timestamp="2025-10-02T20:01:16Z" changeset="172764439" uid="23254573" user="Angel H Cervantes"/>
  <node id="13189413025" lat="18.0067861" lon="-94.5568811" version="1" timestamp="2025-10-02T20:01:16Z" changeset="172764439" uid="23254573" user="Angel H Cervantes"/>
  <node id="13189413026" lat="18.0070275" lon="-94.5576701" version="1" timestamp="2025-10-02T20:01:16Z" changeset="172764439" uid="23254573" user="Angel H Cervantes"/>
  <node id="13189413027" lat="18.0070224" lon="-94.5572231" version="1" timestamp="2025-10-02T20:01:16Z" changeset="172764439" uid="23254573" user="Angel H Cervantes"/>
  <node id="13189413028" lat="18.0067855" lon="-94.5572196" version="1" timestamp="2025-10-02T20:01:16Z" changeset="172764439" uid="23254573" user="Angel H Cervantes"/>
  <node id="13189413029" lat="18.0057419" lon="-94.5574574" version="1" timestamp="2025-10-02T20:01:16Z" changeset="172764439" uid="23254573" user="Angel H Cervantes"/>
  <node id="13189413030" lat="18.0057313" lon="-94.5568619" version="1" timestamp="2025-10-02T20:01:16Z" changeset="172764439" uid="23254573" user="Angel H Cervantes"/>
  <node id="13189413031" lat="18.0061493" lon="-94.5573143" version="1" timestamp="2025-10-02T20:01:16Z" changeset="172764439" uid="23254573" user="Angel H Cervantes"/>
  <node id="13189413032" lat="18.0057393" lon="-94.5573091" version="1" timestamp="2025-10-02T20:01:16Z" changeset="172764439" uid="23254573" user="Angel H Cervantes"/>
  <node id="13189413033" lat="18.0065956" lon="-94.5569634" version="1" timestamp="2025-10-02T20:01:16Z" changeset="172764439" uid="23254573" user="Angel H Cervantes"/>
  <node id="13189413034" lat="18.0050974" lon="-94.5554582" version="1" timestamp="2025-10-02T20:01:16Z" changeset="172764439" uid="23254573" user="Angel H Cervantes"/>
  <node id="13189413035" lat="18.0050957" lon="-94.5556746" version="1" timestamp="2025-10-02T20:01:16Z" changeset="172764439" uid="23254573" user="Angel H Cervantes"/>
  <node id="13189413036" lat="18.0053083" lon="-94.5556692" version="1" timestamp="2025-10-02T20:01:16Z" changeset="172764439" uid="23254573" user="Angel H Cervantes"/>
  <node id="13189413037" lat="18.0053066" lon="-94.5554672" version="1" timestamp="2025-10-02T20:01:16Z" changeset="172764439" uid="23254573" user="Angel H Cervantes"/>
  <node id="13189413038" lat="18.0064253" lon="-94.5561237" version="1" timestamp="2025-10-02T20:01:16Z" changeset="172764439" uid="23254573" user="Angel H Cervantes"/>
  <node id="13189413039" lat="18.0064241" lon="-94.5559691" version="1" timestamp="2025-10-02T20:01:16Z" changeset="172764439" uid="23254573" user="Angel H Cervantes"/>
  <node id="13189413040" lat="18.0061787" lon="-94.5559645" version="1" timestamp="2025-10-02T20:01:16Z" changeset="172764439" uid="23254573" user="Angel H Cervantes"/>
  <node id="13189413041" lat="18.0061753" lon="-94.5561290" version="1" timestamp="2025-10-02T20:01:16Z" changeset="172764439" uid="23254573" user="Angel H Cervantes"/>
  <node id="13189413042" lat="18.0064185" lon="-94.5562328" version="1" timestamp="2025-10-02T20:01:16Z" changeset="172764439" uid="23254573" user="Angel H Cervantes"/>
  <node id="13189413043" lat="18.0061856" lon="-94.5562293" version="1" timestamp="2025-10-02T20:01:16Z" changeset="172764439" uid="23254573" user="Angel H Cervantes"/>
  <node id="13189413044" lat="18.0061879" lon="-94.5563811" version="1" timestamp="2025-10-02T20:01:16Z" changeset="172764439" uid="23254573" user="Angel H Cervantes"/>
  <node id="13189413045" lat="18.0064219" lon="-94.5563794" version="1" timestamp="2025-10-02T20:01:16Z" changeset="172764439" uid="23254573" user="Angel H Cervantes"/>
  <node id="13198605663" lat="18.0073088" lon="-94.5576988" version="1" timestamp="2025-10-06T20:55:22Z" changeset="172933602" uid="23254573" user="Angel H Cervantes"/>
  <node id="13198605664" lat="18.0070691" lon="-94.5577006" version="1" timestamp="2025-10-06T20:55:22Z" changeset="172933602" uid="23254573" user="Angel H Cervantes"/>
  <node id="13198605665" lat="18.0070623" lon="-94.5572535" version="1" timestamp="2025-10-06T20:55:22Z" changeset="172933602" uid="23254573" user="Angel H Cervantes"/>
  <node id="13198605666" lat="18.0073003" lon="-94.5572678" version="1" timestamp="2025-10-06T20:55:22Z" changeset="172933602" uid="23254573" user="Angel H Cervantes"/>
  <node id="13198605667" lat="18.0069959" lon="-94.5576326" version="1" timestamp="2025-10-06T20:55:22Z" changeset="172933602" uid="23254573" user="Angel H Cervantes"/>
  <node id="13198605668" lat="18.0068752" lon="-94.5576362" version="1" timestamp="2025-10-06T20:55:22Z" changeset="172933602" uid="23254573" user="Angel H Cervantes"/>
  <node id="13198605669" lat="18.0068735" lon="-94.5573018" version="1" timestamp="2025-10-06T20:55:22Z" changeset="172933602" uid="23254573" user="Angel H Cervantes"/>
  <node id="13198605670" lat="18.0069959" lon="-94.5573054" version="1" timestamp="2025-10-06T20:55:22Z" changeset="172933602" uid="23254573" user="Angel H Cervantes"/>
  <node id="13198605671" lat="18.0068786" lon="-94.5565311" version="1" timestamp="2025-10-06T20:55:22Z" changeset="172933602" uid="23254573" user="Angel H Cervantes"/>
  <node id="13198605672" lat="18.0069840" lon="-94.5565383" version="1" timestamp="2025-10-06T20:55:22Z" changeset="172933602" uid="23254573" user="Angel H Cervantes"/>
  <node id="13198605673" lat="18.0069857" lon="-94.5569853" version="1" timestamp="2025-10-06T20:55:22Z" changeset="172933602" uid="23254573" user="Angel H Cervantes"/>
  <node id="13198605674" lat="18.0068735" lon="-94.5569853" version="1" timestamp="2025-10-06T20:55:22Z" changeset="172933602" uid="23254573" user="Angel H Cervantes"/>
  <node id="13198605675" lat="18.0067579" lon="-94.5568315" version="1" timestamp="2025-10-06T20:55:22Z" changeset="172933602" uid="23254573" user="Angel H Cervantes"/>
  <node id="13198605676" lat="18.0066490" lon="-94.5568315" version="1" timestamp="2025-10-06T20:55:22Z" changeset="172933602" uid="23254573" user="Angel H Cervantes"/>
  <node id="13198605677" lat="18.0066439" lon="-94.5564721" version="1" timestamp="2025-10-06T20:55:22Z" changeset="172933602" uid="23254573" user="Angel H Cervantes"/>
  <node id="13198605678" lat="18.0067579" lon="-94.5564739" version="1" timestamp="2025-10-06T20:55:22Z" changeset="172933602" uid="23254573" user="Angel H Cervantes"/>
  <node id="13198605679" lat="18.0064851" lon="-94.5568409" version="1" timestamp="2025-10-06T20:55:22Z" changeset="172933602" uid="23254573" user="Angel H Cervantes"/>
  <node id="13198605680" lat="18.0064766" lon="-94.5565423" version="1" timestamp="2025-10-06T20:55:22Z" changeset="172933602" uid="23254573" user="Angel H Cervantes"/>
  <node id="13198605681" lat="18.0062080" lon="-94.5565334" version="1" timestamp="2025-10-06T20:55:22Z" changeset="172933602" uid="23254573" user="Angel H Cervantes"/>
  <node id="13198605682" lat="18.0061960" lon="-94.5568302" version="1" timestamp="2025-10-06T20:55:22Z" changeset="172933602" uid="23254573" user="Angel H Cervantes"/>
  <node id="13198605683" lat="18.0067164" lon="-94.5563438" version="1" timestamp="2025-10-06T20:55:22Z" changeset="172933602" uid="23254573" user="Angel H Cervantes"/>
  <node id="13198605684" lat="18.0067096" lon="-94.5561596" version="1" timestamp="2025-10-06T20:55:22Z" changeset="172933602" uid="23254573" user="Angel H Cervantes"/>
  <node id="13198605685" lat="18.0065906" lon="-94.5561579" version="1" timestamp="2025-10-06T20:55:22Z" changeset="172933602" uid="23254573" user="Angel H Cervantes"/>
  <node id="13198605686" lat="18.0066025" lon="-94.5563367" version="1" timestamp="2025-10-06T20:55:22Z" changeset="172933602" uid="23254573" user="Angel H Cervantes"/>
  <node id="13198605687" lat="18.0067062" lon="-94.5560917" version="1" timestamp="2025-10-06T20:55:22Z" changeset="172933602" uid="23254573" user="Angel H Cervantes"/>
  <node id="13198605688" lat="18.0065719" lon="-94.5560828" version="1" timestamp="2025-10-06T20:55:22Z" changeset="172933602" uid="23254573" user="Angel H Cervantes"/>
  <node id="13198605689" lat="18.0065702" lon="-94.5559737" version="1" timestamp="2025-10-06T20:55:22Z" changeset="172933602" uid="23254573" user="Angel H Cervantes"/>
  <node id="13198605690" lat="18.0067062" lon="-94.5559826" version="1" timestamp="2025-10-06T20:55:22Z" changeset="172933602" uid="23254573" user="Angel H Cervantes"/>
  <node id="13198605691" lat="18.0065566" lon="-94.5560792" version="1" timestamp="2025-10-06T20:55:22Z" changeset="172933602" uid="23254573" user="Angel H Cervantes"/>
  <node id="13198605692" lat="18.0065583" lon="-94.5558396" version="1" timestamp="2025-10-06T20:55:22Z" changeset="172933602" uid="23254573" user="Angel H Cervantes"/>
  <node id="13198605693" lat="18.0064426" lon="-94.5558342" version="1" timestamp="2025-10-06T20:55:22Z" changeset="172933602" uid="23254573" user="Angel H Cervantes"/>
  <node id="13198605694" lat="18.0064443" lon="-94.5560792" version="1" timestamp="2025-10-06T20:55:22Z" changeset="172933602" uid="23254573" user="Angel H Cervantes"/>
  <node id="13198605695" lat="18.0064103" lon="-94.5558521" version="1" timestamp="2025-10-06T20:55:22Z" changeset="172933602" uid="23254573" user="Angel H Cervantes"/>
  <node id="13198605696" lat="18.0064154" lon="-94.5555928" version="1" timestamp="2025-10-06T20:55:22Z" changeset="172933602" uid="23254573" user="Angel H Cervantes"/>
  <node id="13198605697" lat="18.0061620" lon="-94.5555928" version="1" timestamp="2025-10-06T20:55:22Z" changeset="172933602" uid="23254573" user="Angel H Cervantes"/>
  <node id="13198605698" lat="18.0061620" lon="-94.5558485" version="1" timestamp="2025-10-06T20:55:22Z" changeset="172933602" uid="23254573" user="Angel H Cervantes"/>
  <node id="13198605699" lat="18.0060787" lon="-94.5564279" version="1" timestamp="2025-10-06T20:55:22Z" changeset="172933602" uid="23254573" user="Angel H Cervantes"/>
  <node id="13198605700" lat="18.0059614" lon="-94.5564207" version="1" timestamp="2025-10-06T20:55:22Z" changeset="172933602" uid="23254573" user="Angel H Cervantes"/>
  <node id="13198625801" lat="18.0059563" lon="-94.5560381" version="1" timestamp="2025-10-06T20:55:22Z" changeset="172933602" uid="23254573" user="Angel H Cervantes"/>
  <node id="13198625802" lat="18.0060753" lon="-94.5560470" version="1" timestamp="2025-10-06T20:55:22Z" changeset="172933602" uid="23254573" user="Angel H Cervantes"/>
  <node id="13198625803" lat="18.0059971" lon="-94.5560184" version="1" timestamp="2025-10-06T20:55:22Z" changeset="172933602" uid="23254573" user="Angel H Cervantes"/>
  <node id="13198625804" lat="18.0058933" lon="-94.5560166" version="1" timestamp="2025-10-06T20:55:22Z" changeset="172933602" uid="23254573" user="Angel H Cervantes"/>
  <node id="13198625805" lat="18.0058933" lon="-94.5556017" version="1" timestamp="2025-10-06T20:55:22Z" changeset="172933602" uid="23254573" user="Angel H Cervantes"/>
  <node id="13198625806" lat="18.0060022" lon="-94.5556125" version="1" timestamp="2025-10-06T20:55:22Z" changeset="172933602" uid="23254573" user="Angel H Cervantes"/>
  <node id="13198625807" lat="18.0055634" lon="-94.5565244" version="1" timestamp="2025-10-06T20:55:22Z" changeset="172933602" uid="23254573" user="Angel H Cervantes"/>
  <node id="13198625808" lat="18.0055566" lon="-94.5561453" version="1" timestamp="2025-10-06T20:55:22Z" changeset="172933602" uid="23254573" user="Angel H Cervantes"/>
  <node id="13198625809" lat="18.0054699" lon="-94.5561436" version="1" timestamp="2025-10-06T20:55:22Z" changeset="172933602" uid="23254573" user="Angel H Cervantes"/>
  <node id="13198625810" lat="18.0054784" lon="-94.5565280" version="1" timestamp="2025-10-06T20:55:22Z" changeset="172933602" uid="23254573" user="Angel H Cervantes"/>
  <node id="13198625811" lat="18.0056247" lon="-94.5566568" version="1" timestamp="2025-10-06T20:55:22Z" changeset="172933602" uid="23254573" user="Angel H Cervantes"/>
  <node id="13198625812" lat="18.0055039" lon="-94.5566550" version="1" timestamp="2025-10-06T20:55:22Z" changeset="172933602" uid="23254573" user="Angel H Cervantes"/>
  <node id="13198625813" lat="18.0055056" lon="-94.5569822" version="1" timestamp="2025-10-06T20:55:22Z" changeset="172933602" uid="23254573" user="Angel H Cervantes"/>
  <node id="13198625814" lat="18.0056281" lon="-94.5569786" version="1" timestamp="2025-10-06T20:55:22Z" changeset="172933602" uid="23254573" user="Angel H Cervantes"/>
  <node id="13198625815" lat="18.0056995" lon="-94.5572772" version="1" timestamp="2025-10-06T20:55:22Z" changeset="172933602" uid="23254573" user="Angel H Cervantes"/>
  <node id="13198625816" lat="18.0057046" lon="-94.5570001" version="1" timestamp="2025-10-06T20:55:22Z" changeset="172933602" uid="23254573" user="Angel H Cervantes"/>
  <node id="13198625817" lat="18.0054988" lon="-94.5570037" version="1" timestamp="2025-10-06T20:55:22Z" changeset="172933602" uid="23254573" user="Angel H Cervantes"/>
  <node id="13198625818" lat="18.0055481" lon="-94.5572665" version="1" timestamp="2025-10-06T20:55:22Z" changeset="172933602" uid="23254573" user="Angel H Cervantes"/>
  <node id="13198625819" lat="18.0054614" lon="-94.5569321" version="1" timestamp="2025-10-06T20:55:22Z" changeset="172933602" uid="23254573" user="Angel H Cervantes"/>
  <node id="13198625820" lat="18.0054648" lon="-94.5567032" version="1" timestamp="2025-10-06T20:55:22Z" changeset="172933602" uid="23254573" user="Angel H Cervantes"/>
  <node id="13198625821" lat="18.0053628" lon="-94.5566925" version="1" timestamp="2025-10-06T20:55:22Z" changeset="172933602" uid="23254573" user="Angel H Cervantes"/>
  <node id="13198625822" lat="18.0053594" lon="-94.5569214" version="1" timestamp="2025-10-06T20:55:22Z" changeset="172933602" uid="23254573" user="Angel H Cervantes"/>
  <node id="13198625823" lat="18.0065498" lon="-94.5572343" version="1" timestamp="2025-10-06T20:55:22Z" changeset="172933602" uid="23254573" user="Angel H Cervantes"/>
  <node id="13198625824" lat="18.0065481" lon="-94.5570144" version="1" timestamp="2025-10-06T20:55:22Z" changeset="172933602" uid="23254573" user="Angel H Cervantes"/>
  <node id="13198625825" lat="18.0063525" lon="-94.5570144" version="1" timestamp="2025-10-06T20:55:22Z" changeset="172933602" uid="23254573" user="Angel H Cervantes"/>
  <node id="13198625826" lat="18.0063576" lon="-94.5572272" version="1" timestamp="2025-10-06T20:55:22Z" changeset="172933602" uid="23254573" user="Angel H Cervantes"/>
  <node id="13198625827" lat="18.0066518" lon="-94.5573488" version="1" timestamp="2025-10-06T20:55:22Z" changeset="172933602" uid="23254573" user="Angel H Cervantes"/>
  <node id="13198625828" lat="18.0067572" lon="-94.5573470" version="1" timestamp="2025-10-06T20:55:22Z" changeset="172933602" uid="23254573" user="Angel H Cervantes"/>
  <node id="13198625829" lat="18.0067657" lon="-94.5576760" version="1" timestamp="2025-10-06T20:55:22Z" changeset="172933602" uid="23254573" user="Angel H Cervantes"/>
  <node id="13198625830" lat="18.0066552" lon="-94.5576742" version="1" timestamp="2025-10-06T20:55:22Z" changeset="172933602" uid="23254573" user="Angel H Cervantes"/>
  <node id="13198625831" lat="18.0067028" lon="-94.5571360" version="1" timestamp="2025-10-06T20:55:22Z" changeset="172933602" uid="23254573" user="Angel H Cervantes"/>
  <node id="13198625832" lat="18.0067045" lon="-94.5570036" version="1" timestamp="2025-10-06T20:55:22Z" changeset="172933602" uid="23254573" user="Angel H Cervantes"/>
  <node id="13198625833" lat="18.0066178" lon="-94.5570126" version="1" timestamp="2025-10-06T20:55:22Z" changeset="172933602" uid="23254573" user="Angel H Cervantes"/>
  <node id="13198625834" lat="18.0066178" lon="-94.5571360" version="1" timestamp="2025-10-06T20:55:22Z" changeset="172933602" uid="23254573" user="Angel H Cervantes"/>
  <node id="13233612929" lat="18.0061735" lon="-94.5579386" version="1" timestamp="2025-10-14T21:24:17Z" changeset="173294474" uid="23279192" user="AndresSM30"/>
  <node id="13233612930" lat="18.0061735" lon="-94.5575251" version="1" timestamp="2025-10-14T21:24:17Z" changeset="173294474" uid="23279192" user="AndresSM30"/>
  <node id="13233612931" lat="18.0058655" lon="-94.5574922" version="1" timestamp="2025-10-14T21:24:17Z" changeset="173294474" uid="23279192" user="AndresSM30"/>
  <node id="13233612932" lat="18.0059629" lon="-94.5579752" version="1" timestamp="2025-10-14T21:24:17Z" changeset="173294474" uid="23279192" user="AndresSM30"/>
  <way id="113715643" version="4" timestamp="2021-01-21T16:01:13Z" changeset="97916287" uid="10140135" user="AlwaysSunnyInMapadelphia">
    <nd ref="1289153648"/>
    <nd ref="8345733211"/>
    <nd ref="1289154283"/>
    <tag k="alt_name" v="Calle Diecisiete"/>
    <tag k="highway" v="residential"/>
    <tag k="name" v="Calle 17"/>
  </way>
  <way id="113715647" version="5" timestamp="2021-01-21T15:55:39Z" changeset="97916051" uid="10140135" user="AlwaysSunnyInMapadelphia">
    <nd ref="1289153585"/>
    <nd ref="8345733213"/>
    <nd ref="1289153562"/>
    <tag k="alt_name" v="Calle Trece"/>
    <tag k="highway" v="residential"/>
    <tag k="name" v="Calle 13"/>
  </way>
  <way id="113715652" version="7" timestamp="2023-09-07T02:28:30Z" changeset="140918766" uid="19456985" user="Ferrocarriles de México">
    <nd ref="6561333547"/>
    <nd ref="6561333545"/>
    <nd ref="1111619516"/>
    <nd ref="1289154063"/>
    <nd ref="1289153543"/>
    <nd ref="1289154175"/>
    <nd ref="1289154116"/>
    <nd ref="1289153733"/>
    <nd ref="1289154090"/>
    <nd ref="5830811909"/>
    <nd ref="1289153713"/>
    <nd ref="6561333544"/>
    <nd ref="1289153667"/>
    <nd ref="1289153476"/>
    <nd ref="1289153796"/>
    <nd ref="1289153573"/>
    <nd ref="1289153522"/>
    <nd ref="1289154147"/>
    <nd ref="6561335318"/>
    <nd ref="6561335319"/>
    <nd ref="6561335320"/>
    <nd ref="6561335321"/>
    <nd ref="6561335322"/>
    <nd ref="6561335323"/>
    <nd ref="6561335330"/>
    <nd ref="6561335324"/>
    <nd ref="6561335325"/>
    <nd ref="6561335326"/>
    <nd ref="6561335327"/>
    <nd ref="6561335328"/>
    <nd ref="6561335329"/>
    <nd ref="1111619470"/>
    <nd ref="6561335369"/>
    <tag k="electrified" v="no"/>
    <tag k="gauge" v="1435"/>
    <tag k="name" v="Línea ZA"/>
    <tag k="operator" v="Ferroistmo"/>
    <tag k="operator:wikidata" v="Q5445414"/>
    <tag k="railway" v="rail"/>
    <tag k="usage" v="branch"/>
  </way>
  <way id="113715653" version="3" timestamp="2021-01-06T21:46:53Z" changeset="97072675" uid="9633823" user="127logs">
    <nd ref="1289154050"/>
    <nd ref="1289153765"/>
    <nd ref="1289154285"/>
    <nd ref="1289154129"/>
    <nd ref="1289153539"/>
    <nd ref="1289153922"/>
    <tag k="highway" v="residential"/>
    <tag k="name" v="Calle Agustín de Iturbide"/>
  </way>
  <way id="113715657" version="4" timestamp="2021-01-06T21:46:53Z" changeset="97072675" uid="9633823" user="127logs">
    <nd ref="1289154266"/>
    <nd ref="1289153719"/>
    <nd ref="1289153826"/>
    <tag k="highway" v="residential"/>
    <tag k="name" v="Privada Bernal Díaz del Castillo"/>
  </way>
  <way id="113715664" version="3" timestamp="2021-01-06T21:46:53Z" changeset="97072675" uid="9633823" user="127logs">
    <nd ref="1289153708"/>
    <nd ref="1289153517"/>
    <tag k="highway" v="residential"/>
    <tag k="name" v="Calle Alameda"/>
  </way>
  <way id="113715671" version="4" timestamp="2021-01-06T21:41:27Z" changeset="97072538" uid="9633823" user="127logs">
    <nd ref="1289153909"/>
    <nd ref="1289154232"/>
    <nd ref="1289154229"/>
    <nd ref="8204576580"/>
    <nd ref="8204576582"/>
    <nd ref="1289153472"/>
    <nd ref="1289154171"/>
    <tag k="highway" v="residential"/>
    <tag k="name" v="Calle Adalberto Tejeda"/>
  </way>
  <way id="113715682" version="4" timestamp="2021-01-21T16:01:13Z" changeset="97916287" uid="10140135" user="AlwaysSunnyInMapadelphia">
    <nd ref="1289153597"/>
    <nd ref="1289153692"/>
    <nd ref="6561335394"/>
    <nd ref="1289154226"/>
    <tag k="alt_name" v="Calle Veintiuno"/>
    <tag k="highway" v="residential"/>
    <tag k="name" v="Calle 21"/>
  </way>
  <way id="113715685" version="5" timestamp="2021-01-21T15:55:39Z" changeset="97916051" uid="10140135" user="AlwaysSunnyInMapadelphia">
    <nd ref="1289153692"/>
    <nd ref="1289154052"/>
    <nd ref="6391743694"/>
    <tag k="highway" v="residential"/>
    <tag k="name" v="Calle 19"/>
  </way>
  <way id="113715686" version="5" timestamp="2021-01-06T21:41:27Z" changeset="97072538" uid="9633823" user="127logs">
    <nd ref="1289154176"/>
    <nd ref="1289154022"/>
    <nd ref="1289153517"/>
    <nd ref="1289154278"/>
    <nd ref="1289154266"/>
    <tag k="highway" v="residential"/>
    <tag k="name" v="Úrsulo Galván"/>
  </way>
  <way id="113715692" version="7" timestamp="2021-01-06T22:30:08Z" changeset="97073751" uid="9633823" user="127logs">
    <nd ref="1289153701"/>
    <nd ref="6391747701"/>
    <nd ref="1289154143"/>
    <nd ref="6391747703"/>
    <nd ref="6391766614"/>
    <tag k="alt_name" v="Calle Constitución"/>
    <tag k="highway" v="secondary"/>
    <tag k="name" v="Hilario C. Salas"/>
    <tag k="oneway" v="yes"/>
  </way>
  <way id="113715695" version="4" timestamp="2021-01-21T15:44:18Z" changeset="97915580" uid="10140135" user="AlwaysSunnyInMapadelphia">
    <nd ref="1289153714"/>
    <nd ref="6561333553"/>
    <tag k="alt_name" v="Calle Veintitres"/>
    <tag k="highway" v="residential"/>
    <tag k="name" v="Calle 23"/>
  </way>
  <way id="113715702" version="4" timestamp="2018-09-17T14:34:16Z" changeset="62667441" uid="8652266" user="TheSolarGuy">
    <nd ref="1289153466"/>
    <nd ref="5830887961"/>
    <nd ref="1289153558"/>
    <nd ref="1289154186"/>
    <nd ref="1289153536"/>
    <nd ref="1289154169"/>
    <nd ref="1289154109"/>
    <nd ref="1289153726"/>
    <nd ref="1289154217"/>
    <nd ref="1289153978"/>
    <nd ref="5911890475"/>
    <nd ref="1289153841"/>
    <nd ref="5911899886"/>
    <nd ref="1289153588"/>
    <nd ref="1289154068"/>
    <nd ref="1289153689"/>
    <nd ref="1289153644"/>
    <nd ref="1289154280"/>
    <nd ref="1289153736"/>
    <nd ref="1289153545"/>
    <nd ref="1289153500"/>
    <nd ref="1289154120"/>
    <nd ref="1289154161"/>
    <nd ref="1289153828"/>
    <nd ref="1289153722"/>
    <nd ref="1289153530"/>
    <nd ref="1289153966"/>
    <nd ref="1289153639"/>
    <nd ref="1289153582"/>
    <nd ref="1289154213"/>
    <nd ref="1289153685"/>
    <nd ref="1289153497"/>
    <nd ref="1289153466"/>
    <tag k="landuse" v="industrial"/>
    <tag k="name" v="Complejo Petroquímico Cosoleacaque"/>
  </way>
  <way id="113715703" version="5" timestamp="2021-01-06T21:00:02Z" changeset="97071344" uid="9633823" user="127logs">
    <nd ref="1289154087"/>
    <nd ref="1289154102"/>
    <nd ref="3782161876"/>
    <nd ref="3782161874"/>
    <tag k="highway" v="residential"/>
    <tag k="name" v="Privada Nicaragua"/>
  </way>
  <way id="113715713" version="4" timestamp="2021-01-06T22:22:49Z" changeset="97073583" uid="9633823" user="127logs">
    <nd ref="1289154047"/>
    <nd ref="1289153610"/>
    <nd ref="1289154144"/>
    <nd ref="3782161893"/>
    <tag k="alt_name" v="Calle Cándido Aguilar"/>
    <tag k="highway" v="residential"/>
    <tag k="name" v="Adalberto Tejeda"/>
  </way>
  <way id="113715720" version="4" timestamp="2021-01-06T21:13:49Z" changeset="97071771" uid="9633823" user="127logs">
    <nd ref="1289154091"/>
    <nd ref="1289154197"/>
    <nd ref="8204606195"/>
    <nd ref="1289153857"/>
    <nd ref="1289153511"/>
    <nd ref="1289153708"/>
    <nd ref="1289154042"/>
    <tag k="highway" v="residential"/>
    <tag k="name" v="Calle Ignacio Zaragoza"/>
  </way>
  <way id="113715726" version="12" timestamp="2024-02-14T02:28:59Z" changeset="147432533" uid="19456985" user="Ferrocarriles de México">
    <nd ref="11620491118"/>
    <nd ref="1289154028"/>
    <nd ref="1289153843"/>
    <nd ref="5830269154"/>
    <nd ref="8201353637"/>
    <nd ref="6391747697"/>
    <nd ref="1289153589"/>
    <nd ref="1289153463"/>
    <nd ref="1289153506"/>
    <nd ref="1289153610"/>
    <nd ref="1289154066"/>
    <nd ref="1289153909"/>
    <nd ref="1289153730"/>
    <nd ref="1289153539"/>
    <nd ref="1289154278"/>
    <nd ref="1289154042"/>
    <nd ref="1289153694"/>
    <nd ref="1289153622"/>
    <nd ref="1289154087"/>
    <nd ref="1289153609"/>
    <nd ref="8298067488"/>
    <nd ref="1289154247"/>
    <tag k="highway" v="residential"/>
    <tag k="name" v="Calle Miguel Alemán"/>
  </way>
  <way id="113715728" version="5" timestamp="2021-01-21T16:01:13Z" changeset="97916287" uid="10140135" user="AlwaysSunnyInMapadelphia">
    <nd ref="6561335429"/>
    <nd ref="8345733207"/>
    <nd ref="1289153682"/>
    <tag k="alt_name" v="Calle Trece"/>
    <tag k="highway" v="residential"/>
    <tag k="name" v="Calle 13"/>
  </way>
  <way id="113715731" version="6" timestamp="2024-08-31T05:20:23Z" changeset="155998974" uid="10529559" user="PiedmontPark">
    <nd ref="1289154137"/>
    <nd ref="1289154190"/>
    <nd ref="1289154065"/>
    <nd ref="12147236828"/>
    <nd ref="7266773757"/>
    <tag k="alt_name" v="Calle Quince"/>
    <tag k="highway" v="residential"/>
    <tag k="name" v="Calle 15"/>
  </way>
  <way id="113715734" version="8" timestamp="2025-04-07T01:21:39Z" changeset="164612880" uid="22435626" user="KawarthaLake">
    <nd ref="8345733208"/>
    <nd ref="1289153687"/>
    <nd ref="6561335431"/>
    <nd ref="8179010441"/>
    <nd ref="12735463572"/>
    <tag k="alt_name" v="Calle Diecisiete"/>
    <tag k="highway" v="residential"/>
    <tag k="name" v="Calle 17"/>
  </way>
  <way id="117838937" version="9" timestamp="2021-01-06T20:29:13Z" changeset="97070320" uid="9633823" user="127logs">
    <nd ref="1326556872"/>
    <nd ref="8205003696"/>
    <nd ref="1326556848"/>
    <nd ref="1326556803"/>
    <nd ref="8189424269"/>
    <nd ref="1326556746"/>
    <nd ref="1326556717"/>
    <nd ref="1326556684"/>
    <nd ref="8201689414"/>
    <nd ref="1326556667"/>
    <nd ref="1326556653"/>
    <nd ref="8201813290"/>
    <nd ref="8297956877"/>
    <nd ref="1326556637"/>
    <tag k="highway" v="residential"/>
    <tag k="name" v="Calle Vicente Guerrero"/>
    <tag k="oneway" v="yes"/>
  </way>
  <way id="117838976" version="10" timestamp="2021-01-06T20:29:13Z" changeset="97070320" uid="9633823" user="127logs">
    <nd ref="1326556606"/>
    <nd ref="8297956887"/>
    <nd ref="1326556622"/>
    <nd ref="1326556640"/>
    <nd ref="8201689413"/>
    <nd ref="1326556660"/>
    <nd ref="1326556670"/>
    <nd ref="1326556688"/>
    <nd ref="8189424270"/>
    <nd ref="1326556727"/>
    <nd ref="1326556771"/>
    <tag k="highway" v="residential"/>
    <tag k="name" v="Calle Ignacio Zaragoza"/>
  </way>
  <way id="117839028" version="3" timestamp="2021-01-06T21:34:28Z" changeset="97072337" uid="9633823" user="127logs">
    <nd ref="1326556493"/>
    <nd ref="8201187202"/>
    <nd ref="1326556475"/>
    <tag k="highway" v="residential"/>
    <tag k="name" v="Calle 5 de mayo"/>
  </way>
  <way id="117839048" version="4" timestamp="2021-01-07T18:23:00Z" changeset="97125389" uid="9633823" user="127logs">
    <nd ref="1326556563"/>
    <nd ref="1326556552"/>
    <nd ref="8200953084"/>
    <tag k="highway" v="residential"/>
    <tag k="name" v="Calle Independencia"/>
  </way>
  <way id="117839049" version="4" timestamp="2021-01-06T21:24:46Z" changeset="97072066" uid="9633823" user="127logs">
    <nd ref="1326556506"/>
    <nd ref="8201187201"/>
    <nd ref="1326556540"/>
    <tag k="highway" v="residential"/>
    <tag k="name" v="Callejón Los Pinos"/>
  </way>
  <way id="117839069" version="3" timestamp="2021-01-07T18:23:00Z" changeset="97125389" uid="9633823" user="127logs">
    <nd ref="1326556547"/>
    <nd ref="1326556555"/>
    <tag k="highway" v="residential"/>
    <tag k="name" v="Calle Ignacio Allende"/>
  </way>
  <way id="117839080" version="4" timestamp="2021-01-06T21:24:46Z" changeset="97072066" uid="9633823" user="127logs">
    <nd ref="1326556550"/>
    <nd ref="8298140170"/>
    <nd ref="1326556532"/>
    <tag k="highway" v="residential"/>
    <tag k="name" v="Calle Miguel Hidalgo"/>
  </way>
  <way id="117839127" version="3" timestamp="2021-01-06T20:18:10Z" changeset="97069955" uid="9633823" user="127logs">
    <nd ref="1326556587"/>
    <nd ref="1326556636"/>
    <nd ref="1326556652"/>
    <tag k="highway" v="residential"/>
    <tag k="name" v="Calle J. M. Azueta"/>
  </way>
  <way id="117839173" version="3" timestamp="2021-01-06T20:18:10Z" changeset="97069955" uid="9633823" user="127logs">
    <nd ref="1326556642"/>
    <nd ref="1326556627"/>
    <nd ref="1326556612"/>
    <tag k="highway" v="residential"/>
    <tag k="name" v="Cerrada La Ceiba"/>
  </way>
  <way id="117839176" version="3" timestamp="2021-01-06T20:18:10Z" changeset="97069955" uid="9633823" user="127logs">
    <nd ref="1326556575"/>
    <nd ref="1326556601"/>
    <nd ref="1326556627"/>
    <tag k="highway" v="residential"/>
    <tag k="name" v="Calle Roberto Pérez H"/>
  </way>
  <way id="117839181" version="3" timestamp="2021-01-07T18:23:00Z" changeset="97125389" uid="9633823" user="127logs">
    <nd ref="1326556576"/>
    <nd ref="1326556594"/>
    <nd ref="1326556643"/>
    <tag k="highway" v="residential"/>
    <tag k="name" v="Calle Guadalupe Victoria"/>
  </way>
  <way id="117839260" version="3" timestamp="2021-01-06T21:20:09Z" changeset="97071936" uid="9633823" user="127logs">
    <nd ref="1326556423"/>
    <nd ref="5830754923"/>
    <nd ref="5830754920"/>
    <nd ref="1326556489"/>
    <nd ref="1326556493"/>
    <nd ref="1326556504"/>
    <tag k="highway" v="residential"/>
    <tag k="name" v="Calle Emiliano Zapata"/>
  </way>
  <way id="117839292" version="4" timestamp="2021-01-05T19:46:17Z" changeset="97002334" uid="9633823" user="127logs">
    <nd ref="1326556867"/>
    <nd ref="1326556793"/>
    <nd ref="1326556734"/>
    <nd ref="1326556666"/>
    <nd ref="1326556648"/>
    <tag k="highway" v="residential"/>
    <tag k="name" v="Calle Adolfo Ruiz Cortinez"/>
  </way>
  <way id="117839315" version="4" timestamp="2023-07-27T20:17:13Z" changeset="139105870" uid="17365610" user="म्यापर">
    <nd ref="1326556567"/>
    <nd ref="1326556621"/>
    <nd ref="1326556642"/>
    <nd ref="3781236070"/>
    <nd ref="1326556665"/>
    <nd ref="11071924659"/>
    <tag k="highway" v="residential"/>
    <tag k="name" v="Calle Raúl Pérez H"/>
  </way>
  <way id="117839337" version="4" timestamp="2021-01-06T21:00:02Z" changeset="97071344" uid="9633823" user="127logs">
    <nd ref="1326556654"/>
    <nd ref="1326556636"/>
    <nd ref="1326556621"/>
    <nd ref="1326556601"/>
    <nd ref="1326556578"/>
    <tag k="highway" v="residential"/>
    <tag k="name" v="Calle Abel R. Pérez"/>
  </way>
  <way id="117839370" version="6" timestamp="2021-01-06T21:24:46Z" changeset="97072066" uid="9633823" user="127logs">
    <nd ref="1326556495"/>
    <nd ref="8201187203"/>
    <nd ref="1326556504"/>
    <nd ref="1326556540"/>
    <nd ref="8201819820"/>
    <nd ref="1326556550"/>
    <nd ref="1326556555"/>
    <nd ref="1326556563"/>
    <nd ref="1326556594"/>
    <tag k="highway" v="residential"/>
    <tag k="name" v="Calle 21 de Marzo"/>
  </way>
  <way id="117839371" version="7" timestamp="2021-01-06T21:17:31Z" changeset="97071858" uid="9633823" user="127logs">
    <nd ref="1326556546"/>
    <nd ref="5830741997"/>
    <nd ref="5830741996"/>
    <nd ref="5830741993"/>
    <nd ref="8298124302"/>
    <nd ref="8297956886"/>
    <nd ref="5830754918"/>
    <nd ref="8201813312"/>
    <nd ref="1326556635"/>
    <tag k="highway" v="residential"/>
    <tag k="name" v="Avenida Tecnológico"/>
  </way>
  <way id="117839376" version="10" timestamp="2021-01-07T18:23:00Z" changeset="97125389" uid="9633823" user="127logs">
    <nd ref="1326556397"/>
    <nd ref="8298156731"/>
    <nd ref="8200953085"/>
    <nd ref="8200953084"/>
    <nd ref="1326556576"/>
    <nd ref="8201813308"/>
    <nd ref="5830741988"/>
    <nd ref="5830741987"/>
    <nd ref="8201813310"/>
    <nd ref="1326556629"/>
    <nd ref="8300792563"/>
    <nd ref="1326556671"/>
    <tag k="alt_name" v="Carretera Antigua a Mapachapa"/>
    <tag k="highway" v="tertiary"/>
    <tag k="name" v="Héroe de nacozari"/>
  </way>
  <way id="117839383" version="11" timestamp="2021-01-05T20:35:44Z" changeset="97004153" uid="9633823" user="127logs">
    <nd ref="8178991498"/>
    <nd ref="1326556941"/>
    <nd ref="1326556900"/>
    <nd ref="8201813297"/>
    <nd ref="8205003703"/>
    <nd ref="1326556813"/>
    <nd ref="1326556746"/>
    <nd ref="8201689399"/>
    <nd ref="1326556688"/>
    <nd ref="8205003705"/>
    <nd ref="1326556644"/>
    <tag k="highway" v="residential"/>
    <tag k="name" v="Calle Adolfo López Mateos"/>
    <tag k="oneway" v="yes"/>
  </way>
  <way id="117839388" version="8" timestamp="2021-01-06T20:39:09Z" changeset="97070625" uid="9633823" user="127logs">
    <nd ref="1326556637"/>
    <nd ref="8297956876"/>
    <nd ref="8201813292"/>
    <nd ref="1326556663"/>
    <nd ref="8201813303"/>
    <nd ref="1326556686"/>
    <nd ref="1326556740"/>
    <nd ref="1326556744"/>
    <nd ref="1326556846"/>
    <tag k="highway" v="residential"/>
    <tag k="name" v="Calle Abel R. Pérez"/>
    <tag k="oneway" v="yes"/>
  </way>
  <way id="117839408" version="8" timestamp="2021-01-06T20:39:09Z" changeset="97070625" uid="9633823" user="127logs">
    <nd ref="8297976270"/>
    <nd ref="1326556595"/>
    <nd ref="1326556622"/>
    <nd ref="8201689404"/>
    <nd ref="1326556653"/>
    <nd ref="1326556676"/>
    <nd ref="8201813302"/>
    <nd ref="1326556725"/>
    <nd ref="1326556792"/>
    <nd ref="1326556865"/>
    <nd ref="1326556931"/>
    <tag k="highway" v="residential"/>
    <tag k="name" v="Calle Ignacio Allende"/>
  </way>
  <way id="117839420" version="10" timestamp="2021-01-05T20:35:44Z" changeset="97004153" uid="9633823" user="127logs">
    <nd ref="1326557103"/>
    <nd ref="8178991499"/>
    <nd ref="1326556970"/>
    <nd ref="1326556917"/>
    <nd ref="1326556857"/>
    <nd ref="8201813298"/>
    <nd ref="8205003702"/>
    <nd ref="1326556779"/>
    <nd ref="1326556717"/>
    <nd ref="8201689400"/>
    <nd ref="1326556670"/>
    <nd ref="1326556625"/>
    <tag k="highway" v="residential"/>
    <tag k="name" v="Calle José María Morelos"/>
  </way>
  <way id="374746062" version="2" timestamp="2021-01-06T20:18:10Z" changeset="97069955" uid="9633823" user="127logs">
    <nd ref="3781236070"/>
    <nd ref="3781236071"/>
    <tag k="highway" v="residential"/>
    <tag k="name" v="Calle El Roble El Pino"/>
    <tag k="surface" v="unpaved"/>
  </way>
  <way id="374746071" version="4" timestamp="2021-01-06T20:57:33Z" changeset="97071233" uid="9633823" user="127logs">
    <nd ref="8298067502"/>
    <nd ref="3782161871"/>
    <nd ref="3782161872"/>
    <nd ref="3782161873"/>
    <nd ref="1326556560"/>
    <nd ref="1326556578"/>
    <nd ref="1326556612"/>
    <nd ref="3781236071"/>
    <nd ref="1326556675"/>
    <nd ref="8167021709"/>
    <tag k="highway" v="residential"/>
    <tag k="name" v="Calle Río Blanco"/>
    <tag k="oneway" v="no"/>
    <tag k="surface" v="unpaved"/>
  </way>
  <way id="374746072" version="2" timestamp="2021-01-21T15:44:18Z" changeset="97915580" uid="10140135" user="AlwaysSunnyInMapadelphia">
    <nd ref="3781236071"/>
    <nd ref="3781236083"/>
    <tag k="highway" v="residential"/>
    <tag k="name" v="Privada El Pino"/>
    <tag k="surface" v="unpaved"/>
  </way>
  <way id="374835740" version="2" timestamp="2020-12-10T08:18:02Z" changeset="95599396" uid="10529605" user="AggtelekKarstCaves">
    <nd ref="3782161876"/>
    <nd ref="3782161877"/>
    <tag k="highway" v="residential"/>
  </way>
  <way id="374835741" version="5" timestamp="2021-01-21T15:44:18Z" changeset="97915580" uid="10140135" user="AlwaysSunnyInMapadelphia">
    <nd ref="8204606209"/>
    <nd ref="3782161881"/>
    <nd ref="8204606210"/>
    <nd ref="3782161882"/>
    <nd ref="3782161883"/>
    <nd ref="3782161884"/>
    <tag k="highway" v="residential"/>
    <tag k="name" v="Calle Francisco Villa"/>
  </way>
  <way id="374835742" version="2" timestamp="2020-12-10T08:18:02Z" changeset="95599396" uid="10529605" user="AggtelekKarstCaves">
    <nd ref="3782161881"/>
    <nd ref="3782161885"/>
    <tag k="highway" v="residential"/>
  </way>
  <way id="374835743" version="3" timestamp="2020-12-10T08:18:02Z" changeset="95599396" uid="10529605" user="AggtelekKarstCaves">
    <nd ref="8204606210"/>
    <nd ref="3782161886"/>
    <tag k="highway" v="residential"/>
  </way>
  <way id="374835744" version="3" timestamp="2021-01-21T15:44:18Z" changeset="97915580" uid="10140135" user="AlwaysSunnyInMapadelphia">
    <nd ref="3782161888"/>
    <nd ref="3782161883"/>
    <nd ref="3782161887"/>
    <tag k="highway" v="residential"/>
    <tag k="name" v="Calle Flores Magón"/>
  </way>
  <way id="374835745" version="2" timestamp="2020-12-10T08:18:02Z" changeset="95599396" uid="10529605" user="AggtelekKarstCaves">
    <nd ref="3782161880"/>
    <nd ref="3782161882"/>
    <tag k="highway" v="residential"/>
  </way>
  <way id="374835746" version="4" timestamp="2021-01-06T21:00:02Z" changeset="97071344" uid="9633823" user="127logs">
    <nd ref="3782161880"/>
    <nd ref="3782161888"/>
    <nd ref="3782161877"/>
    <nd ref="3782161879"/>
    <nd ref="3782161890"/>
    <nd ref="8298067501"/>
    <nd ref="3782161878"/>
    <nd ref="8298067498"/>
    <tag k="highway" v="residential"/>
    <tag k="name" v="Callejón Primer Callejón"/>
  </way>
  <way id="374835747" version="2" timestamp="2020-12-10T08:18:02Z" changeset="95599396" uid="10529605" user="AggtelekKarstCaves">
    <nd ref="3782161890"/>
    <nd ref="3782161891"/>
    <tag k="highway" v="residential"/>
  </way>
  <way id="374835748" version="2" timestamp="2020-12-10T08:18:02Z" changeset="95599396" uid="10529605" user="AggtelekKarstCaves">
    <nd ref="3782161879"/>
    <nd ref="3782161884"/>
    <nd ref="3782161892"/>
    <tag k="highway" v="residential"/>
  </way>
  <way id="374835750" version="6" timestamp="2021-01-21T16:01:13Z" changeset="97916287" uid="10140135" user="AlwaysSunnyInMapadelphia">
    <nd ref="6318513302"/>
    <nd ref="1289154206"/>
    <nd ref="1289153525"/>
    <nd ref="1289153714"/>
    <nd ref="1289153533"/>
    <nd ref="1289153597"/>
    <nd ref="1289153982"/>
    <nd ref="1289153648"/>
    <nd ref="1289153489"/>
    <nd ref="1289154137"/>
    <nd ref="1289154106"/>
    <nd ref="1289153585"/>
    <nd ref="5830269168"/>
    <nd ref="1289154214"/>
    <nd ref="1289153556"/>
    <nd ref="1289154165"/>
    <nd ref="1289153838"/>
    <nd ref="1289154288"/>
    <nd ref="6561335396"/>
    <nd ref="1289153741"/>
    <nd ref="8178877925"/>
    <tag k="alt_name" v="Calle Cinco"/>
    <tag k="highway" v="residential"/>
    <tag k="name" v="Calle 5"/>
  </way>
  <way id="558712711" version="8" timestamp="2025-09-30T03:24:35Z" changeset="172639812" uid="23257776" user="TecNM campus Minatitlán">
    <nd ref="8209110178"/>
    <nd ref="8209110171"/>
    <nd ref="8209110182"/>
    <nd ref="8209110181"/>
    <nd ref="8209110180"/>
    <nd ref="8209110179"/>
    <nd ref="8209110175"/>
    <nd ref="8209110176"/>
    <nd ref="8209110177"/>
    <nd ref="8209139041"/>
    <nd ref="8209139042"/>
    <nd ref="8209110172"/>
    <nd ref="13182505597"/>
    <nd ref="8209110174"/>
    <nd ref="8209110173"/>
    <nd ref="8209110170"/>
    <nd ref="8209110178"/>
    <tag k="amenity" v="university"/>
    <tag k="name" v="Instituto Tecnológico de Minatitlán"/>
  </way>
  <way id="616000273" version="16" timestamp="2023-07-27T20:17:13Z" changeset="139105870" uid="17365610" user="म्यापर">
    <nd ref="6942506555"/>
    <nd ref="4050466278"/>
    <nd ref="4503870481"/>
    <nd ref="4050466284"/>
    <nd ref="4050466286"/>
    <nd ref="4050466296"/>
    <nd ref="4503870480"/>
    <nd ref="4050466323"/>
    <nd ref="4503870479"/>
    <nd ref="4050466333"/>
    <nd ref="4503870478"/>
    <nd ref="4050466347"/>
    <nd ref="4050466357"/>
    <nd ref="4050466367"/>
    <nd ref="4050466374"/>
    <nd ref="5854865741"/>
    <nd ref="4050466039"/>
    <nd ref="4050466540"/>
    <nd ref="4503870464"/>
    <nd ref="4050466756"/>
    <nd ref="4050466826"/>
    <nd ref="4050467008"/>
    <nd ref="4050467068"/>
    <nd ref="4985737845"/>
    <nd ref="4050467409"/>
    <nd ref="4050467535"/>
    <nd ref="4050467577"/>
    <nd ref="4050467682"/>
    <nd ref="4050467673"/>
    <nd ref="4050467706"/>
    <nd ref="4050467736"/>
    <nd ref="4050467767"/>
    <nd ref="4050467859"/>
    <nd ref="4050467949"/>
    <nd ref="4050468138"/>
    <nd ref="4050468226"/>
    <nd ref="4050468285"/>
    <nd ref="4050468329"/>
    <nd ref="4050468390"/>
    <nd ref="4050468429"/>
    <nd ref="4050468503"/>
    <nd ref="4050468561"/>
    <nd ref="4050468572"/>
    <nd ref="4050468628"/>
    <nd ref="4050468722"/>
    <nd ref="4050468814"/>
    <nd ref="4050468901"/>
    <nd ref="4050468938"/>
    <nd ref="4050468968"/>
    <nd ref="4050469001"/>
    <nd ref="4050469019"/>
    <nd ref="4050469054"/>
    <nd ref="4050469079"/>
    <nd ref="4050469117"/>
    <nd ref="4050469119"/>
    <nd ref="4050469134"/>
    <nd ref="4050469149"/>
    <nd ref="4050469150"/>
    <nd ref="5830824833"/>
    <nd ref="4050469164"/>
    <nd ref="4050469174"/>
    <nd ref="5320944246"/>
    <nd ref="4050469191"/>
    <nd ref="4050469204"/>
    <nd ref="6561333551"/>
    <nd ref="6561333550"/>
    <nd ref="4050469223"/>
    <nd ref="4050469230"/>
    <nd ref="4050469281"/>
    <nd ref="4050469289"/>
    <nd ref="4050469284"/>
    <nd ref="4050469320"/>
    <nd ref="4050469323"/>
    <nd ref="4050469329"/>
    <nd ref="4050469298"/>
    <nd ref="4050469196"/>
    <nd ref="4050469101"/>
    <nd ref="4050469040"/>
    <nd ref="5830887932"/>
    <nd ref="4050468988"/>
    <nd ref="4050468929"/>
    <nd ref="4050468835"/>
    <nd ref="4050468805"/>
    <nd ref="4050468738"/>
    <nd ref="4050468674"/>
    <nd ref="4050468673"/>
    <nd ref="4050468625"/>
    <nd ref="4050468583"/>
    <nd ref="4050468566"/>
    <nd ref="4050468556"/>
    <nd ref="4050468537"/>
    <nd ref="4050468526"/>
    <nd ref="4050468514"/>
    <nd ref="4050468500"/>
    <nd ref="4050468494"/>
    <nd ref="4050468482"/>
    <nd ref="4050468473"/>
    <nd ref="4050468468"/>
    <nd ref="4050468462"/>
    <nd ref="4050468451"/>
    <nd ref="4050468439"/>
    <nd ref="4050468432"/>
    <nd ref="4050468423"/>
    <nd ref="4050468413"/>
    <nd ref="4050468402"/>
    <nd ref="4050467182"/>
    <nd ref="4050467187"/>
    <nd ref="4050468399"/>
    <nd ref="4050468408"/>
    <nd ref="4050468448"/>
    <nd ref="4050468497"/>
    <nd ref="4050468547"/>
    <nd ref="4050468582"/>
    <nd ref="4050468635"/>
    <nd ref="4050468690"/>
    <nd ref="4050468792"/>
    <nd ref="4050468826"/>
    <nd ref="4050468882"/>
    <nd ref="4050468920"/>
    <nd ref="4050469033"/>
    <nd ref="4050469026"/>
    <nd ref="4050469024"/>
    <nd ref="4050469007"/>
    <nd ref="4050469000"/>
    <nd ref="4050468982"/>
    <nd ref="4050468950"/>
    <nd ref="4050468940"/>
    <nd ref="4050468923"/>
    <nd ref="4050468922"/>
    <nd ref="4050468916"/>
    <nd ref="4050468912"/>
    <nd ref="4050468910"/>
    <nd ref="4050468893"/>
    <nd ref="4050468891"/>
    <nd ref="4050468888"/>
    <nd ref="4050468886"/>
    <nd ref="4050468885"/>
    <nd ref="4050468877"/>
    <nd ref="4050468883"/>
    <nd ref="4050468881"/>
    <nd ref="4050468879"/>
    <nd ref="4050468875"/>
    <nd ref="4050468873"/>
    <nd ref="4050468872"/>
    <nd ref="4050468867"/>
    <nd ref="4050468863"/>
    <nd ref="4050468870"/>
    <nd ref="4050468865"/>
    <nd ref="4050468846"/>
    <nd ref="4050468869"/>
    <nd ref="4050468889"/>
    <nd ref="4050468919"/>
    <nd ref="4050468995"/>
    <nd ref="4050469047"/>
    <nd ref="4050469131"/>
    <nd ref="4050469141"/>
    <nd ref="4050469145"/>
    <nd ref="4050469193"/>
    <nd ref="4050469224"/>
    <nd ref="4050469296"/>
    <nd ref="4050469371"/>
    <nd ref="4050469591"/>
    <nd ref="4050469649"/>
    <nd ref="4050469656"/>
    <nd ref="4050469658"/>
    <nd ref="3781235056"/>
    <nd ref="4050469667"/>
    <nd ref="4050469698"/>
    <nd ref="4050469742"/>
    <nd ref="4050469800"/>
    <nd ref="4050469837"/>
    <nd ref="5830811885"/>
    <nd ref="4050469871"/>
    <nd ref="4050469897"/>
    <nd ref="4050469939"/>
    <nd ref="4050470106"/>
    <nd ref="4050470176"/>
    <nd ref="4050470251"/>
    <nd ref="4050470386"/>
    <nd ref="4050470474"/>
    <nd ref="4050470497"/>
    <nd ref="4050470496"/>
    <nd ref="4050470509"/>
    <nd ref="11071924686"/>
    <nd ref="4050471193"/>
    <nd ref="4050471286"/>
    <nd ref="4050471421"/>
    <nd ref="4050471552"/>
    <nd ref="4050472500"/>
    <nd ref="4050472587"/>
    <nd ref="4050472686"/>
    <nd ref="4050472868"/>
    <nd ref="4050472832"/>
    <nd ref="4050472735"/>
    <nd ref="4050472662"/>
    <nd ref="4050472638"/>
    <nd ref="4050472619"/>
    <nd ref="4050472596"/>
    <nd ref="4050472574"/>
    <nd ref="4050472543"/>
    <nd ref="4050472529"/>
    <nd ref="4050472524"/>
    <nd ref="4050472156"/>
    <nd ref="4050472086"/>
    <nd ref="4050472074"/>
    <nd ref="4050472057"/>
    <nd ref="4050472054"/>
    <nd ref="4050471933"/>
    <nd ref="4050471901"/>
    <nd ref="4050471633"/>
    <nd ref="4050471511"/>
    <nd ref="4050471499"/>
    <nd ref="4050471292"/>
    <nd ref="4050471104"/>
    <nd ref="4050471034"/>
    <nd ref="4050470993"/>
    <nd ref="4050470885"/>
    <nd ref="4050470829"/>
    <nd ref="4050469588"/>
    <nd ref="4050469578"/>
    <nd ref="4050470646"/>
    <nd ref="4050470623"/>
    <nd ref="4050470620"/>
    <nd ref="4050470586"/>
    <nd ref="4050470573"/>
    <nd ref="4050470541"/>
    <nd ref="4050470518"/>
    <nd ref="4050470515"/>
    <nd ref="5830740975"/>
    <nd ref="4050470492"/>
    <nd ref="4050470470"/>
    <nd ref="4050470456"/>
    <nd ref="4050470407"/>
    <nd ref="4050470401"/>
    <nd ref="4050470385"/>
    <nd ref="4050470369"/>
    <nd ref="4050470339"/>
  </way>
  <way id="616721303" version="3" timestamp="2021-01-21T15:55:39Z" changeset="97916051" uid="10140135" user="AlwaysSunnyInMapadelphia">
    <nd ref="1289154283"/>
    <nd ref="6391743691"/>
    <nd ref="6391743692"/>
    <nd ref="1289154221"/>
    <tag k="highway" v="residential"/>
    <tag k="name" v="Calle 19"/>
  </way>
  <way id="616782774" version="3" timestamp="2021-01-06T20:39:09Z" changeset="97070625" uid="9633823" user="127logs">
    <nd ref="5830741991"/>
    <nd ref="8205368042"/>
    <nd ref="5830741995"/>
    <nd ref="5830741998"/>
    <nd ref="5830741992"/>
    <tag k="highway" v="residential"/>
    <tag k="name" v="Calle Isaac Newton"/>
  </way>
  <way id="616782775" version="3" timestamp="2021-01-06T20:39:09Z" changeset="97070625" uid="9633823" user="127logs">
    <nd ref="5830741993"/>
    <nd ref="5830741991"/>
    <nd ref="8297956889"/>
    <nd ref="5830741994"/>
    <nd ref="8297956890"/>
    <nd ref="8297956888"/>
    <nd ref="1326556606"/>
    <tag k="highway" v="residential"/>
    <tag k="name" v="Calle Linus Pawling"/>
  </way>
  <way id="616782776" version="4" timestamp="2021-01-07T18:23:00Z" changeset="97125389" uid="9633823" user="127logs">
    <nd ref="1326556635"/>
    <nd ref="1326556638"/>
    <nd ref="1326556643"/>
    <nd ref="1326556647"/>
    <nd ref="1326556657"/>
    <tag k="alt_name" v="Avenida Tecnológico"/>
    <tag k="highway" v="residential"/>
    <tag k="name" v="Porfirio Díaz"/>
  </way>
  <way id="616782777" version="3" timestamp="2021-01-06T21:17:31Z" changeset="97071858" uid="9633823" user="127logs">
    <nd ref="5830741995"/>
    <nd ref="8298124300"/>
    <nd ref="5830741996"/>
    <tag k="alt_name" v="Calle Alfred Nobel"/>
    <tag k="highway" v="residential"/>
    <tag k="name" v="Alfred novel"/>
  </way>
  <way id="616782778" version="2" timestamp="2021-01-06T20:23:43Z" changeset="97070127" uid="9633823" user="127logs">
    <nd ref="5830741997"/>
    <nd ref="5830741998"/>
    <nd ref="5830741990"/>
    <tag k="highway" v="residential"/>
    <tag k="name" v="Calle Albert Einstein"/>
  </way>
  <way id="616784108" version="4" timestamp="2021-01-06T20:46:24Z" changeset="97070845" uid="9633823" user="127logs">
    <nd ref="5830754918"/>
    <nd ref="8204197233"/>
    <nd ref="5830754919"/>
    <tag k="highway" v="residential"/>
    <tag k="name" v="Calle Lasser"/>
  </way>
  <way id="616784109" version="2" timestamp="2021-01-06T21:34:28Z" changeset="97072337" uid="9633823" user="127logs">
    <nd ref="5830754920"/>
    <nd ref="5830754921"/>
    <tag k="highway" v="residential"/>
    <tag k="name" v="Prolongación Candido aguilar"/>
  </way>
  <way id="616784110" version="3" timestamp="2021-01-06T21:34:28Z" changeset="97072337" uid="9633823" user="127logs">
    <nd ref="8201187206"/>
    <nd ref="5830754924"/>
    <nd ref="5830754925"/>
    <tag k="alt_name" v="Calle Cándido Aguilar"/>
    <tag k="highway" v="path"/>
    <tag k="name" v="Candido perez"/>
  </way>
  <way id="616784111" version="1" timestamp="2018-08-13T21:44:26Z" changeset="61639902" uid="7620588" user="Guillermo Larios Barrios">
    <nd ref="5830754924"/>
    <nd ref="1326556506"/>
    <tag k="highway" v="residential"/>
    <tag k="name" v="El roble"/>
  </way>
  <way id="616784112" version="2" timestamp="2021-01-06T21:34:28Z" changeset="97072337" uid="9633823" user="127logs">
    <nd ref="5830754925"/>
    <nd ref="5830754926"/>
    <nd ref="5830754927"/>
    <nd ref="5830754928"/>
    <tag k="alt_name" v="Calle Los Almendros"/>
    <tag k="highway" v="residential"/>
    <tag k="name" v="Los robles"/>
  </way>
  <way id="673017930" version="1" timestamp="2019-02-26T04:09:18Z" changeset="67569285" uid="7540423" user="DonMorofok">
    <nd ref="6302608906"/>
    <nd ref="6302608907"/>
    <nd ref="6302608908"/>
    <nd ref="6302608909"/>
    <nd ref="6302608906"/>
    <tag k="leisure" v="sports_centre"/>
    <tag k="sport" v="swimming"/>
  </way>
  <way id="674485362" version="2" timestamp="2021-01-06T21:53:51Z" changeset="97072883" uid="9633823" user="127logs">
    <nd ref="1289154155"/>
    <nd ref="1289153547"/>
    <nd ref="1289153603"/>
    <nd ref="1289154074"/>
    <nd ref="1289153694"/>
    <nd ref="1289153826"/>
    <nd ref="6316549126"/>
    <tag k="highway" v="residential"/>
    <tag k="name" v="Calle José María Pino Suárez"/>
  </way>
  <way id="676143282" version="1" timestamp="2019-03-12T00:07:00Z" changeset="68042597" uid="3265371" user="Andrew Matheny">
    <nd ref="6332099142"/>
    <nd ref="6332099139"/>
    <nd ref="6332099138"/>
    <nd ref="6332099141"/>
    <nd ref="6332099137"/>
    <nd ref="6332099140"/>
    <nd ref="6332099136"/>
    <nd ref="5394569259"/>
    <nd ref="6332099135"/>
    <nd ref="6332099134"/>
    <nd ref="6332099142"/>
    <tag k="leisure" v="pitch"/>
    <tag k="sport" v="baseball"/>
  </way>
  <way id="682514701" version="2" timestamp="2021-01-06T21:49:23Z" changeset="97072750" uid="9633823" user="127logs">
    <nd ref="6316549126"/>
    <nd ref="6391743695"/>
    <nd ref="6391743696"/>
    <nd ref="6391743698"/>
    <nd ref="6391743700"/>
    <nd ref="6391743702"/>
    <nd ref="6391743704"/>
    <nd ref="6391743706"/>
    <nd ref="6391743707"/>
    <tag k="highway" v="residential"/>
  </way>
  <way id="682515372" version="2" timestamp="2021-01-06T21:46:53Z" changeset="97072675" uid="9633823" user="127logs">
    <nd ref="6391747696"/>
    <nd ref="1289153922"/>
    <nd ref="1289154266"/>
    <tag k="highway" v="residential"/>
    <tag k="name" v="Calle Bernal"/>
  </way>
  <way id="682515376" version="3" timestamp="2021-01-06T22:36:54Z" changeset="97073922" uid="9633823" user="127logs">
    <nd ref="6391747702"/>
    <nd ref="6391747703"/>
    <tag k="highway" v="secondary_link"/>
    <tag k="oneway" v="no"/>
  </way>
  <way id="682516965" version="2" timestamp="2019-06-20T16:43:20Z" changeset="71452468" uid="3265371" user="Andrew Matheny">
    <nd ref="6391766609"/>
    <nd ref="6391766610"/>
    <nd ref="6391766608"/>
    <nd ref="6391766619"/>
    <nd ref="6391766618"/>
    <nd ref="6391766617"/>
    <nd ref="6391766616"/>
    <nd ref="6561333546"/>
    <nd ref="6391766615"/>
    <nd ref="6391766614"/>
    <nd ref="6391766613"/>
    <nd ref="6391766612"/>
    <nd ref="6391766611"/>
    <tag k="highway" v="tertiary"/>
    <tag k="oneway" v="yes"/>
  </way>
  <way id="682516966" version="3" timestamp="2021-01-06T22:36:54Z" changeset="97073922" uid="9633823" user="127logs">
    <nd ref="6391766628"/>
    <nd ref="6391766627"/>
    <nd ref="1326556380"/>
    <nd ref="6391766626"/>
    <nd ref="6561333545"/>
    <nd ref="6391766625"/>
    <nd ref="8298218058"/>
    <nd ref="6391766624"/>
    <nd ref="6391766623"/>
    <nd ref="6391766621"/>
    <tag k="highway" v="tertiary"/>
    <tag k="lanes" v="1"/>
    <tag k="oneway" v="yes"/>
  </way>
  <way id="698728309" version="2" timestamp="2021-01-06T22:30:08Z" changeset="97073751" uid="9633823" user="127logs">
    <nd ref="6391766615"/>
    <nd ref="6391747702"/>
    <nd ref="1289153658"/>
    <nd ref="1289153964"/>
    <nd ref="1289153636"/>
    <nd ref="1289153701"/>
    <tag k="highway" v="secondary"/>
    <tag k="name" v="Calle Constitución"/>
    <tag k="oneway" v="yes"/>
  </way>
  <way id="698728310" version="7" timestamp="2024-05-03T22:45:05Z" changeset="150858450" uid="19456985" user="Ferrocarriles de México">
    <nd ref="1111619516"/>
    <nd ref="1111619547"/>
    <nd ref="1111619553"/>
    <nd ref="9644728341"/>
    <nd ref="9644728342"/>
    <nd ref="9644728340"/>
    <nd ref="1111619542"/>
    <nd ref="1111619445"/>
    <nd ref="1111619450"/>
    <nd ref="6296212717"/>
    <nd ref="6561335331"/>
    <nd ref="1111619470"/>
    <tag k="disused:railway" v="rail"/>
    <tag k="electrified" v="no"/>
    <tag k="gauge" v="1435"/>
    <tag k="railway" v="disused"/>
  </way>
  <way id="698728311" version="4" timestamp="2023-09-07T02:28:30Z" changeset="140918766" uid="19456985" user="Ferrocarriles de México">
    <nd ref="6561333548"/>
    <nd ref="6561333547"/>
    <tag k="bridge" v="yes"/>
    <tag k="electrified" v="no"/>
    <tag k="gauge" v="1435"/>
    <tag k="layer" v="1"/>
    <tag k="name" v="Línea ZA"/>
    <tag k="operator" v="Ferroistmo"/>
    <tag k="operator:wikidata" v="Q5445414"/>
    <tag k="railway" v="rail"/>
    <tag k="usage" v="branch"/>
  </way>
  <way id="765763029" version="2" timestamp="2024-07-07T01:48:40Z" changeset="153644619" uid="19456985" user="Ferrocarriles de México">
    <nd ref="7151830512"/>
    <nd ref="7151830507"/>
    <nd ref="7151830506"/>
    <nd ref="7151830505"/>
    <nd ref="7151830504"/>
    <nd ref="7151830503"/>
    <nd ref="7151820072"/>
    <nd ref="7151830495"/>
    <nd ref="12038575491"/>
    <nd ref="12038575492"/>
    <nd ref="12038575493"/>
    <nd ref="12038575494"/>
    <nd ref="12038575495"/>
    <nd ref="12038575496"/>
    <nd ref="12038575498"/>
    <nd ref="12038575497"/>
    <nd ref="12038575499"/>
    <nd ref="12038575500"/>
    <nd ref="12038575501"/>
    <nd ref="12038575502"/>
    <nd ref="12038575503"/>
    <nd ref="12038575504"/>
    <nd ref="12038575505"/>
    <tag k="cables" v="6"/>
    <tag k="circuits" v="1"/>
    <tag k="frequency" v="60"/>
    <tag k="power" v="line"/>
    <tag k="voltage" v="115000"/>
  </way>
  <way id="880468850" version="9" timestamp="2021-01-05T20:35:44Z" changeset="97004153" uid="9633823" user="127logs">
    <nd ref="8189424272"/>
    <nd ref="8205003706"/>
    <nd ref="8189424270"/>
    <nd ref="8201689398"/>
    <nd ref="8189424269"/>
    <nd ref="8189424268"/>
    <nd ref="8205003704"/>
    <nd ref="8201813296"/>
    <nd ref="8189424267"/>
    <nd ref="8189424266"/>
    <nd ref="8189384836"/>
    <tag k="highway" v="residential"/>
    <tag k="name" v="Calle Adolfo López Mateos"/>
    <tag k="oneway" v="yes"/>
  </way>
  <way id="881872568" version="2" timestamp="2021-01-06T21:34:28Z" changeset="97072337" uid="9633823" user="127logs">
    <nd ref="5830754925"/>
    <nd ref="5830754923"/>
    <tag k="alt_name" v="Calle Cándido Aguilar"/>
    <tag k="highway" v="residential"/>
    <tag k="name" v="Candido perez"/>
  </way>
  <way id="881872569" version="2" timestamp="2021-01-06T21:34:28Z" changeset="97072337" uid="9633823" user="127logs">
    <nd ref="5830754922"/>
    <nd ref="8201187206"/>
    <tag k="alt_name" v="Privada Roble"/>
    <tag k="highway" v="residential"/>
    <tag k="name" v="Candido perez"/>
  </way>
  <way id="881872570" version="2" timestamp="2021-01-06T21:24:46Z" changeset="97072066" uid="9633823" user="127logs">
    <nd ref="8201187201"/>
    <nd ref="8201187200"/>
    <tag k="highway" v="residential"/>
    <tag k="name" v="Privada Los Pinos"/>
  </way>
  <way id="881872571" version="2" timestamp="2021-01-06T21:41:27Z" changeset="97072538" uid="9633823" user="127logs">
    <nd ref="8201187203"/>
    <nd ref="8201187202"/>
    <tag k="highway" v="residential"/>
    <tag k="name" v="Calle Independencia"/>
  </way>
  <way id="881872572" version="2" timestamp="2021-01-06T21:24:46Z" changeset="97072066" uid="9633823" user="127logs">
    <nd ref="8201187205"/>
    <nd ref="8201187204"/>
    <tag k="highway" v="residential"/>
    <tag k="name" v="Privada Colima"/>
  </way>
  <way id="881872573" version="2" timestamp="2021-01-06T21:24:46Z" changeset="97072066" uid="9633823" user="127logs">
    <nd ref="8201187207"/>
    <nd ref="8201187204"/>
    <nd ref="8201187206"/>
    <tag k="highway" v="residential"/>
    <tag k="name" v="Calle El Roble"/>
  </way>
  <way id="881872574" version="2" timestamp="2023-04-05T18:02:40Z" changeset="134549116" uid="6766137" user="Abr_mx">
    <nd ref="8201187209"/>
    <nd ref="8201187208"/>
    <tag k="highway" v="primary_link"/>
  </way>
  <way id="881926356" version="1" timestamp="2020-12-07T11:29:31Z" changeset="95417856" uid="10811160" user="BanjaraHills">
    <nd ref="1326556637"/>
    <nd ref="8201689407"/>
    <tag k="highway" v="residential"/>
  </way>
  <way id="881926357" version="4" timestamp="2021-01-05T20:35:44Z" changeset="97004153" uid="9633823" user="127logs">
    <nd ref="8201689407"/>
    <nd ref="8201689405"/>
    <nd ref="8201813289"/>
    <nd ref="8201689404"/>
    <nd ref="8201689403"/>
    <nd ref="8201689402"/>
    <nd ref="8201689401"/>
    <nd ref="8201689400"/>
    <nd ref="8201689399"/>
    <nd ref="8201689398"/>
    <nd ref="8201689397"/>
    <nd ref="8201689396"/>
    <nd ref="8205003695"/>
    <nd ref="8201689406"/>
    <tag k="highway" v="residential"/>
    <tag k="name" v="Calle Vicente Guerrero"/>
    <tag k="oneway" v="yes"/>
  </way>
  <way id="881936245" version="1" timestamp="2020-12-07T12:05:12Z" changeset="95420188" uid="10811160" user="BanjaraHills">
    <nd ref="8201813290"/>
    <nd ref="8201813289"/>
    <tag k="highway" v="residential"/>
  </way>
  <way id="881936246" version="1" timestamp="2020-12-07T12:05:12Z" changeset="95420188" uid="10811160" user="BanjaraHills">
    <nd ref="8201813292"/>
    <nd ref="8201813291"/>
    <tag k="highway" v="residential"/>
  </way>
  <way id="881936252" version="2" timestamp="2021-01-06T20:46:24Z" changeset="97070845" uid="9633823" user="127logs">
    <nd ref="1326556668"/>
    <nd ref="1326556641"/>
    <tag k="highway" v="residential"/>
    <tag k="name" v="Calle Lázaro Cárdenas"/>
  </way>
  <way id="881936253" version="2" timestamp="2021-01-06T20:46:24Z" changeset="97070845" uid="9633823" user="127logs">
    <nd ref="1326556635"/>
    <nd ref="1326556659"/>
    <nd ref="1326556668"/>
    <nd ref="8201813306"/>
    <tag k="highway" v="residential"/>
    <tag k="name" v="Calle Salvador Díaz Mirón"/>
  </way>
  <way id="881936254" version="3" timestamp="2021-01-06T20:46:24Z" changeset="97070845" uid="9633823" user="127logs">
    <nd ref="1326556632"/>
    <nd ref="8201813313"/>
    <tag k="highway" v="residential"/>
    <tag k="name" v="Calle Miguel Alemán"/>
  </way>
  <way id="881936255" version="1" timestamp="2020-12-07T12:05:12Z" changeset="95420188" uid="10811160" user="BanjaraHills">
    <nd ref="8201819820"/>
    <nd ref="8201819819"/>
    <nd ref="8201813314"/>
    <nd ref="8201819818"/>
    <tag k="highway" v="service"/>
  </way>
  <way id="881936256" version="2" timestamp="2021-07-05T07:17:58Z" changeset="107422327" uid="10652799" user="AlQuoz">
    <nd ref="8201819818"/>
    <nd ref="8201819817"/>
    <nd ref="8201813316"/>
    <tag k="highway" v="service"/>
  </way>
  <way id="882195860" version="2" timestamp="2021-01-06T20:46:24Z" changeset="97070845" uid="9633823" user="127logs">
    <nd ref="8204197233"/>
    <nd ref="8204197232"/>
    <tag k="highway" v="residential"/>
    <tag k="name" v="Privada Tomás Alba Edison"/>
  </way>
  <way id="882238209" version="1" timestamp="2020-12-08T06:59:57Z" changeset="95464816" uid="10811160" user="BanjaraHills">
    <nd ref="8204576580"/>
    <nd ref="8204576579"/>
    <tag k="highway" v="residential"/>
  </way>
  <way id="882238210" version="1" timestamp="2020-12-08T06:59:57Z" changeset="95464816" uid="10811160" user="BanjaraHills">
    <nd ref="8204576582"/>
    <nd ref="8204576581"/>
    <tag k="highway" v="residential"/>
  </way>
  <way id="882238211" version="2" timestamp="2021-01-06T21:41:27Z" changeset="97072538" uid="9633823" user="127logs">
    <nd ref="3782161893"/>
    <nd ref="8204576579"/>
    <nd ref="8204576581"/>
    <nd ref="3782161894"/>
    <tag k="alt_name" v="Calle Cándido Aguilar"/>
    <tag k="highway" v="path"/>
    <tag k="name" v="Adalberto Tejeda"/>
  </way>
  <way id="882238212" version="2" timestamp="2021-01-06T21:34:28Z" changeset="97072337" uid="9633823" user="127logs">
    <nd ref="3782161894"/>
    <nd ref="3782161895"/>
    <tag k="alt_name" v="Calle Cándido Aguilar"/>
    <tag k="highway" v="residential"/>
    <tag k="name" v="Adalberto Tejeda"/>
  </way>
  <way id="882238213" version="3" timestamp="2023-04-05T18:02:40Z" changeset="134549116" uid="6766137" user="Abr_mx">
    <nd ref="8204576584"/>
    <nd ref="8204576583"/>
    <tag k="highway" v="primary_link"/>
    <tag k="oneway" v="no"/>
  </way>
  <way id="882245208" version="1" timestamp="2020-12-08T07:28:59Z" changeset="95467152" uid="10811160" user="BanjaraHills">
    <nd ref="8204606192"/>
    <nd ref="8204606191"/>
    <nd ref="8204606190"/>
    <tag k="highway" v="service"/>
  </way>
  <way id="882245209" version="1" timestamp="2020-12-08T07:28:59Z" changeset="95467152" uid="10811160" user="BanjaraHills">
    <nd ref="8204606194"/>
    <nd ref="8204606190"/>
    <tag k="highway" v="service"/>
  </way>
  <way id="882245210" version="1" timestamp="2020-12-08T07:28:59Z" changeset="95467152" uid="10811160" user="BanjaraHills">
    <nd ref="8204606190"/>
    <nd ref="8204606193"/>
    <nd ref="8204606192"/>
    <tag k="highway" v="service"/>
  </way>
  <way id="882245211" version="2" timestamp="2021-01-06T21:41:27Z" changeset="97072538" uid="9633823" user="127logs">
    <nd ref="8204606196"/>
    <nd ref="8204606195"/>
    <tag k="highway" v="residential"/>
    <tag k="name" v="Calle Chapultepec"/>
  </way>
  <way id="882245214" version="2" timestamp="2021-01-06T20:57:33Z" changeset="97071233" uid="9633823" user="127logs">
    <nd ref="8204606206"/>
    <nd ref="8204606205"/>
    <nd ref="8298067497"/>
    <tag k="highway" v="residential"/>
  </way>
  <way id="882245215" version="2" timestamp="2021-01-21T15:44:18Z" changeset="97915580" uid="10140135" user="AlwaysSunnyInMapadelphia">
    <nd ref="3782161880"/>
    <nd ref="8204606207"/>
    <tag k="highway" v="residential"/>
    <tag k="name" v="Callejón Primer Callejón"/>
  </way>
  <way id="882248992" version="2" timestamp="2025-09-30T02:40:57Z" changeset="172639095" uid="23257776" user="TecNM campus Minatitlán">
    <nd ref="8204662679"/>
    <nd ref="8204662678"/>
    <nd ref="13182469806"/>
    <nd ref="8204662677"/>
    <tag k="highway" v="service"/>
  </way>
  <way id="882248993" version="1" timestamp="2020-12-08T07:39:21Z" changeset="95467780" uid="10811160" user="BanjaraHills">
    <nd ref="8204662681"/>
    <nd ref="8204662677"/>
    <tag k="highway" v="service"/>
  </way>
  <way id="882248994" version="2" timestamp="2025-09-30T02:40:57Z" changeset="172639095" uid="23257776" user="TecNM campus Minatitlán">
    <nd ref="8204662677"/>
    <nd ref="8204662680"/>
    <nd ref="13182469804"/>
    <nd ref="13182469805"/>
    <nd ref="8204662679"/>
    <tag k="highway" v="service"/>
  </way>
  <way id="882287512" version="1" timestamp="2020-12-08T09:54:40Z" changeset="95476359" uid="10811160" user="BanjaraHills">
    <nd ref="8205003708"/>
    <nd ref="8205003707"/>
    <tag k="highway" v="residential"/>
  </way>
  <way id="882297098" version="3" timestamp="2023-04-05T18:02:40Z" changeset="134549116" uid="6766137" user="Abr_mx">
    <nd ref="8205145391"/>
    <nd ref="8205145390"/>
    <tag k="highway" v="primary_link"/>
    <tag k="oneway" v="no"/>
  </way>
  <way id="882714954" version="2" timestamp="2025-10-02T20:01:16Z" changeset="172764439" uid="23254573" user="Angel H Cervantes">
    <nd ref="8209139037"/>
    <nd ref="8209139036"/>
    <nd ref="8209139035"/>
    <nd ref="8209139034"/>
    <nd ref="8209139033"/>
    <nd ref="8209139032"/>
    <nd ref="8209139031"/>
    <nd ref="13189413024"/>
    <nd ref="8209139030"/>
    <nd ref="8209139037"/>
    <tag k="amenity" v="parking"/>
  </way>
  <way id="882714955" version="1" timestamp="2020-12-09T10:40:48Z" changeset="95546504" uid="10019202" user="Caravanserai">
    <nd ref="8209139043"/>
    <nd ref="8209139042"/>
    <nd ref="8209139041"/>
    <nd ref="8209139040"/>
    <nd ref="8209139039"/>
    <nd ref="8209139038"/>
    <nd ref="8209139043"/>
    <tag k="amenity" v="parking"/>
  </way>
  <way id="892438721" version="3" timestamp="2021-01-06T20:46:24Z" changeset="97070845" uid="9633823" user="127logs">
    <nd ref="1326556659"/>
    <nd ref="1326556633"/>
    <nd ref="8298012926"/>
    <nd ref="8201813313"/>
    <tag k="alt_name" v="Calle Miguel Alemán"/>
    <tag k="highway" v="residential"/>
    <tag k="name" v="Calle Adolfo Ruiz Cortines"/>
  </way>
  <way id="892438728" version="4" timestamp="2021-01-06T20:39:09Z" changeset="97070625" uid="9633823" user="127logs">
    <nd ref="1326556939"/>
    <nd ref="8294577468"/>
    <nd ref="1326556902"/>
    <nd ref="1326556844"/>
    <nd ref="1326556773"/>
    <nd ref="8201813301"/>
    <nd ref="1326556701"/>
    <nd ref="1326556667"/>
    <nd ref="8201689403"/>
    <nd ref="1326556640"/>
    <nd ref="8297956878"/>
    <nd ref="8205003707"/>
    <nd ref="1326556585"/>
    <tag k="alt_name" v="Calle Miguel Hidalgo"/>
    <tag k="highway" v="residential"/>
    <tag k="name" v="Avenida Miguel Hidalgo"/>
    <tag k="oneway" v="yes"/>
  </way>
  <way id="892438730" version="4" timestamp="2021-01-05T20:35:44Z" changeset="97004153" uid="9633823" user="127logs">
    <nd ref="1326556605"/>
    <nd ref="1326556660"/>
    <nd ref="8201689401"/>
    <nd ref="1326556684"/>
    <nd ref="1326556742"/>
    <nd ref="8201813299"/>
    <nd ref="1326556805"/>
    <nd ref="1326556875"/>
    <nd ref="1326556927"/>
    <nd ref="1326557009"/>
    <nd ref="8201659395"/>
    <nd ref="8178991497"/>
    <nd ref="8178965212"/>
    <tag k="alt_name" v="Calle Nicolás Bravo"/>
    <tag k="highway" v="residential"/>
    <tag k="name" v="Avenida Nicolás Bravo"/>
  </way>
  <way id="892443832" version="3" timestamp="2021-12-21T20:57:21Z" changeset="115225748" uid="11399679" user="MaptainPhasma">
    <nd ref="1326556632"/>
    <nd ref="1326556641"/>
    <nd ref="8201689408"/>
    <nd ref="1326556663"/>
    <nd ref="1326556676"/>
    <nd ref="1326556701"/>
    <nd ref="8201689415"/>
    <nd ref="1326556742"/>
    <nd ref="1326556779"/>
    <nd ref="9356535060"/>
    <nd ref="1326556813"/>
    <nd ref="8189424268"/>
    <nd ref="1326556863"/>
    <nd ref="1326556912"/>
    <nd ref="8205003697"/>
    <nd ref="8204939579"/>
    <nd ref="1326556968"/>
    <tag k="highway" v="residential"/>
    <tag k="name" v="Calle Cuauhtémoc"/>
  </way>
  <way id="892443833" version="3" timestamp="2021-01-06T20:39:09Z" changeset="97070625" uid="9633823" user="127logs">
    <nd ref="8201689412"/>
    <nd ref="8201689411"/>
    <nd ref="8201689410"/>
    <nd ref="8201689409"/>
    <nd ref="8201813304"/>
    <nd ref="8201689408"/>
    <nd ref="8201813291"/>
    <nd ref="8297956875"/>
    <nd ref="8201689407"/>
    <tag k="highway" v="residential"/>
    <tag k="name" v="Calle Abel R. Pérez"/>
    <tag k="oneway" v="yes"/>
  </way>
  <way id="892443836" version="2" timestamp="2021-01-06T20:39:09Z" changeset="97070625" uid="9633823" user="127logs">
    <nd ref="8201712019"/>
    <nd ref="8205003708"/>
    <nd ref="8201689413"/>
    <nd ref="8201689402"/>
    <nd ref="8201689414"/>
    <nd ref="8201689415"/>
    <nd ref="8201813300"/>
    <nd ref="8201689416"/>
    <nd ref="8201712017"/>
    <nd ref="8201712018"/>
    <nd ref="8201712020"/>
    <nd ref="1326556939"/>
    <tag k="alt_name" v="Calle Miguel Hidalgo"/>
    <tag k="highway" v="residential"/>
    <tag k="name" v="Avenida Miguel Hidalgo"/>
    <tag k="oneway" v="yes"/>
  </way>
  <way id="892805231" version="1" timestamp="2021-01-06T20:22:38Z" changeset="97070097" uid="9633823" user="127logs">
    <nd ref="8297976269"/>
    <nd ref="8297976268"/>
    <tag k="bridge" v="yes"/>
    <tag k="highway" v="pedestrian"/>
    <tag k="layer" v="1"/>
  </way>
  <way id="892805232" version="1" timestamp="2021-01-06T20:22:38Z" changeset="97070097" uid="9633823" user="127logs">
    <nd ref="8297976268"/>
    <nd ref="8297976270"/>
    <tag k="highway" v="pedestrian"/>
  </way>
  <way id="892805233" version="1" timestamp="2021-01-06T20:22:38Z" changeset="97070097" uid="9633823" user="127logs">
    <nd ref="5830741990"/>
    <nd ref="8297976269"/>
    <tag k="highway" v="pedestrian"/>
  </way>
  <way id="892807160" version="1" timestamp="2021-01-06T20:29:13Z" changeset="97070320" uid="9633823" user="127logs">
    <nd ref="8297956880"/>
    <nd ref="8297956879"/>
    <nd ref="8297956878"/>
    <tag k="highway" v="residential"/>
  </way>
  <way id="892807161" version="2" timestamp="2021-01-06T20:39:09Z" changeset="97070625" uid="9633823" user="127logs">
    <nd ref="8297956886"/>
    <nd ref="8297956885"/>
    <nd ref="8297956884"/>
    <nd ref="8297956883"/>
    <nd ref="8297956882"/>
    <nd ref="8297956881"/>
    <tag k="highway" v="residential"/>
    <tag k="name" v="Calle Gay Lussac"/>
  </way>
  <way id="892812538" version="2" timestamp="2021-01-06T20:46:24Z" changeset="97070845" uid="9633823" user="127logs">
    <nd ref="8201813313"/>
    <nd ref="8201813312"/>
    <tag k="highway" v="residential"/>
    <tag k="name" v="Calle Copernico"/>
  </way>
  <way id="892812539" version="2" timestamp="2021-01-06T20:46:24Z" changeset="97070845" uid="9633823" user="127logs">
    <nd ref="5830754919"/>
    <nd ref="1326556632"/>
    <tag k="alt_name" v="Calle Miguel Alemán"/>
    <tag k="highway" v="residential"/>
    <tag k="name" v="Lasser"/>
  </way>
  <way id="892812540" version="2" timestamp="2021-01-06T20:47:19Z" changeset="97070874" uid="9633823" user="127logs">
    <nd ref="1326556641"/>
    <nd ref="8298012927"/>
    <tag k="highway" v="residential"/>
    <tag k="name" v="Privada Lázaro Cárdenas"/>
  </way>
  <way id="892816502" version="2" timestamp="2021-01-06T21:00:02Z" changeset="97071344" uid="9633823" user="127logs">
    <nd ref="1289153826"/>
    <nd ref="1289153528"/>
    <tag k="highway" v="residential"/>
    <tag k="name" v="Calle Bernal Díaz del Castillo"/>
  </way>
  <way id="892816503" version="2" timestamp="2021-01-06T21:13:49Z" changeset="97071771" uid="9633823" user="127logs">
    <nd ref="1289154053"/>
    <nd ref="1289153528"/>
    <nd ref="1289153622"/>
    <nd ref="1289153918"/>
    <nd ref="1289153520"/>
    <nd ref="1289153473"/>
    <nd ref="1289153574"/>
    <tag k="highway" v="residential"/>
    <tag k="name" v="Privada Managua"/>
  </way>
  <way id="892816504" version="2" timestamp="2021-01-06T21:00:02Z" changeset="97071344" uid="9633823" user="127logs">
    <nd ref="1289153488"/>
    <nd ref="1289153565"/>
    <nd ref="1289154087"/>
    <tag k="highway" v="residential"/>
    <tag k="name" v="Calle Nicaragua"/>
  </way>
  <way id="892816505" version="2" timestamp="2021-01-06T21:00:02Z" changeset="97071344" uid="9633823" user="127logs">
    <nd ref="1289153715"/>
    <nd ref="1289153942"/>
    <nd ref="8298067488"/>
    <tag k="highway" v="residential"/>
    <tag k="name" v="Calle Arroyo de Amoniaco"/>
  </way>
  <way id="892816506" version="2" timestamp="2021-01-06T21:00:02Z" changeset="97071344" uid="9633823" user="127logs">
    <nd ref="1289153609"/>
    <nd ref="8298067496"/>
    <nd ref="8298067495"/>
    <nd ref="8298067494"/>
    <nd ref="8298067493"/>
    <nd ref="8298067492"/>
    <nd ref="8298067491"/>
    <nd ref="8298067490"/>
    <nd ref="8298067489"/>
    <tag k="highway" v="residential"/>
    <tag k="name" v="Calle Dante Delgado Rannauro"/>
  </way>
  <way id="892816507" version="1" timestamp="2021-01-06T20:57:33Z" changeset="97071233" uid="9633823" user="127logs">
    <nd ref="8298067497"/>
    <nd ref="8204606204"/>
    <nd ref="3782161876"/>
    <tag k="highway" v="residential"/>
  </way>
  <way id="892816508" version="2" timestamp="2021-01-06T21:00:02Z" changeset="97071344" uid="9633823" user="127logs">
    <nd ref="8298067498"/>
    <nd ref="8298067499"/>
    <nd ref="8298067500"/>
    <nd ref="3782161889"/>
    <tag k="highway" v="residential"/>
    <tag k="name" v="Callejón Primer Callejón"/>
  </way>
  <way id="892816509" version="1" timestamp="2021-01-06T20:57:33Z" changeset="97071233" uid="9633823" user="127logs">
    <nd ref="8298067503"/>
    <nd ref="8298067502"/>
    <tag k="bridge" v="yes"/>
    <tag k="highway" v="residential"/>
    <tag k="layer" v="1"/>
    <tag k="name" v="Calle Río Blanco"/>
    <tag k="oneway" v="no"/>
    <tag k="surface" v="unpaved"/>
  </way>
  <way id="892816510" version="1" timestamp="2021-01-06T20:57:33Z" changeset="97071233" uid="9633823" user="127logs">
    <nd ref="1289154247"/>
    <nd ref="8298067503"/>
    <tag k="highway" v="residential"/>
    <tag k="name" v="Calle Río Blanco"/>
    <tag k="oneway" v="no"/>
    <tag k="surface" v="unpaved"/>
  </way>
  <way id="892817237" version="1" timestamp="2021-01-06T21:00:02Z" changeset="97071344" uid="9633823" user="127logs">
    <nd ref="1326556578"/>
    <nd ref="1326556564"/>
    <tag k="highway" v="residential"/>
    <tag k="name" v="Privada Abel R. Pérez"/>
  </way>
  <way id="892822870" version="2" timestamp="2021-01-06T21:13:49Z" changeset="97071771" uid="9633823" user="127logs">
    <nd ref="8298119726"/>
    <nd ref="8298119725"/>
    <tag k="highway" v="residential"/>
    <tag k="name" v="Calle Ignacio Allende"/>
  </way>
  <way id="892823941" version="2" timestamp="2021-01-06T21:41:27Z" changeset="97072538" uid="9633823" user="127logs">
    <nd ref="1289153658"/>
    <nd ref="1289154143"/>
    <nd ref="1289153554"/>
    <nd ref="3782161894"/>
    <nd ref="1289153472"/>
    <nd ref="1289153568"/>
    <nd ref="1289153765"/>
    <nd ref="1289153777"/>
    <nd ref="1289154197"/>
    <nd ref="1289153547"/>
    <nd ref="1289153473"/>
    <nd ref="1289153614"/>
    <nd ref="1289154253"/>
    <tag k="highway" v="residential"/>
    <tag k="name" v="Calle Miguel Hidalgo"/>
  </way>
  <way id="892824398" version="1" timestamp="2021-01-06T21:17:31Z" changeset="97071858" uid="9633823" user="127logs">
    <nd ref="8298124300"/>
    <nd ref="8298124299"/>
    <tag k="highway" v="residential"/>
  </way>
  <way id="892824399" version="2" timestamp="2021-01-06T21:20:09Z" changeset="97071936" uid="9633823" user="127logs">
    <nd ref="8298124302"/>
    <nd ref="8298124301"/>
    <tag k="highway" v="residential"/>
    <tag k="name" v="Privada John Dalton"/>
  </way>
  <way id="892824636" version="2" timestamp="2021-01-06T21:41:27Z" changeset="97072538" uid="9633823" user="127logs">
    <nd ref="1289153790"/>
    <nd ref="1289153777"/>
    <nd ref="8204606196"/>
    <nd ref="1289154176"/>
    <tag k="highway" v="residential"/>
    <tag k="name" v="Calle Úrsulo Galván"/>
  </way>
  <way id="892825351" version="2" timestamp="2021-01-06T21:24:46Z" changeset="97072066" uid="9633823" user="127logs">
    <nd ref="8298140170"/>
    <nd ref="8298140169"/>
    <tag k="highway" v="residential"/>
    <tag k="name" v="Privada Hidalgo"/>
  </way>
  <way id="892825542" version="2" timestamp="2021-01-07T18:23:00Z" changeset="97125389" uid="9633823" user="127logs">
    <nd ref="1326556552"/>
    <nd ref="8200953083"/>
    <nd ref="1326556547"/>
    <nd ref="1326556532"/>
    <nd ref="8201187207"/>
    <nd ref="1326556506"/>
    <nd ref="5830754928"/>
    <nd ref="1326556489"/>
    <tag k="highway" v="residential"/>
    <tag k="name" v="Calle 5 de mayo"/>
  </way>
  <way id="892826366" version="1" timestamp="2021-01-06T21:29:18Z" changeset="97072185" uid="9633823" user="127logs">
    <nd ref="8298124370"/>
    <nd ref="8298124369"/>
    <nd ref="8298124368"/>
    <tag k="highway" v="residential"/>
  </way>
  <way id="892827667" version="1" timestamp="2021-01-06T21:34:28Z" changeset="97072337" uid="9633823" user="127logs">
    <nd ref="1326556380"/>
    <nd ref="8298124370"/>
    <nd ref="1326556397"/>
    <tag k="alt_name" v="Calle Hilario C. Salas"/>
    <tag k="highway" v="tertiary"/>
    <tag k="name" v="Heroe de nacozari"/>
  </way>
  <way id="892827668" version="2" timestamp="2021-05-13T22:36:47Z" changeset="104661483" uid="8792833" user="Amonite1025">
    <nd ref="1289153554"/>
    <nd ref="6391766613"/>
    <tag k="alt_name" v="Calle Hilario C. Salas"/>
    <tag k="highway" v="residential"/>
    <tag k="name" v="Cándido Aguilar"/>
    <tag k="oneway" v="yes"/>
  </way>
  <way id="892828826" version="3" timestamp="2021-01-06T22:18:23Z" changeset="97073464" uid="9633823" user="127logs">
    <nd ref="1289153625"/>
    <nd ref="1289153568"/>
    <nd ref="8204606194"/>
    <nd ref="1289153505"/>
    <nd ref="1289153507"/>
    <nd ref="1289153730"/>
    <nd ref="6391747696"/>
    <nd ref="8298218043"/>
    <nd ref="1289154118"/>
    <nd ref="8208206304"/>
    <tag k="highway" v="residential"/>
    <tag k="name" v="Calle José María Morelos"/>
  </way>
  <way id="892828827" version="2" timestamp="2021-01-06T22:30:08Z" changeset="97073751" uid="9633823" user="127logs">
    <nd ref="6391747698"/>
    <nd ref="6391747700"/>
    <nd ref="1289153627"/>
    <nd ref="1289154144"/>
    <nd ref="1289154095"/>
    <nd ref="1289154232"/>
    <nd ref="1289153507"/>
    <nd ref="1289154129"/>
    <nd ref="1289154022"/>
    <nd ref="1289153511"/>
    <nd ref="1289154074"/>
    <nd ref="1289153918"/>
    <nd ref="1289153565"/>
    <nd ref="8298067489"/>
    <nd ref="1289153942"/>
    <tag k="highway" v="residential"/>
    <tag k="name" v="Calle Emiliano Zapata"/>
  </way>
  <way id="892830062" version="2" timestamp="2021-01-21T15:55:39Z" changeset="97916051" uid="10140135" user="AlwaysSunnyInMapadelphia">
    <nd ref="1289153562"/>
    <nd ref="8345733212"/>
    <nd ref="1289154190"/>
    <tag k="highway" v="residential"/>
    <tag k="name" v="Calle 13"/>
  </way>
  <way id="892830066" version="1" timestamp="2021-01-06T21:49:23Z" changeset="97072750" uid="9633823" user="127logs">
    <nd ref="6391743704"/>
    <nd ref="6391743705"/>
    <tag k="highway" v="residential"/>
  </way>
  <way id="892830067" version="1" timestamp="2021-01-06T21:49:23Z" changeset="97072750" uid="9633823" user="127logs">
    <nd ref="6391743707"/>
    <nd ref="6391743708"/>
    <nd ref="6391743709"/>
    <tag k="highway" v="residential"/>
  </way>
  <way id="892830068" version="1" timestamp="2021-01-06T21:49:23Z" changeset="97072750" uid="9633823" user="127logs">
    <nd ref="6391743702"/>
    <nd ref="6391743703"/>
    <tag k="highway" v="residential"/>
  </way>
  <way id="892830069" version="1" timestamp="2021-01-06T21:49:23Z" changeset="97072750" uid="9633823" user="127logs">
    <nd ref="6391743700"/>
    <nd ref="6391743701"/>
    <tag k="highway" v="residential"/>
  </way>
  <way id="892830070" version="1" timestamp="2021-01-06T21:49:23Z" changeset="97072750" uid="9633823" user="127logs">
    <nd ref="6391743698"/>
    <nd ref="6391743699"/>
    <tag k="highway" v="residential"/>
  </way>
  <way id="892830071" version="1" timestamp="2021-01-06T21:49:23Z" changeset="97072750" uid="9633823" user="127logs">
    <nd ref="6391743696"/>
    <nd ref="6391743697"/>
    <tag k="highway" v="residential"/>
  </way>
  <way id="892833316" version="2" timestamp="2021-01-21T15:55:39Z" changeset="97916051" uid="10140135" user="AlwaysSunnyInMapadelphia">
    <nd ref="1289153612"/>
    <nd ref="8345733214"/>
    <nd ref="1289153556"/>
    <tag k="alt_name" v="Calle Once"/>
    <tag k="highway" v="residential"/>
    <tag k="name" v="Calle 11"/>
  </way>
  <way id="892834482" version="2" timestamp="2021-01-06T22:22:49Z" changeset="97073583" uid="9633823" user="127logs">
    <nd ref="1289153922"/>
    <nd ref="8298218047"/>
    <nd ref="8298218046"/>
    <nd ref="8298218045"/>
    <tag k="highway" v="residential"/>
    <tag k="name" v="Privada Agustín de Iturbide"/>
  </way>
  <way id="892835228" version="3" timestamp="2021-05-13T22:36:47Z" changeset="104661483" uid="8792833" user="Amonite1025">
    <nd ref="1289153496"/>
    <nd ref="1289153463"/>
    <nd ref="1289153627"/>
    <nd ref="1289153762"/>
    <nd ref="1289153554"/>
    <tag k="alt_name" v="Calle Hilario C. Salas"/>
    <tag k="highway" v="residential"/>
    <tag k="name" v="Cándido Aguilar"/>
    <tag k="oneway" v="yes"/>
  </way>
  <way id="892836010" version="2" timestamp="2021-01-07T22:47:37Z" changeset="97133285" uid="9633823" user="127logs">
    <nd ref="8200953086"/>
    <nd ref="1289154119"/>
    <nd ref="1289153693"/>
    <nd ref="1289153544"/>
    <nd ref="1289153593"/>
    <nd ref="1289154222"/>
    <nd ref="5830269155"/>
    <nd ref="8201353636"/>
    <nd ref="8204576578"/>
    <nd ref="1289153580"/>
    <nd ref="1289153524"/>
    <nd ref="1289153762"/>
    <nd ref="3782161893"/>
    <nd ref="1289154229"/>
    <nd ref="1289153505"/>
    <nd ref="1289154285"/>
    <nd ref="1289154176"/>
    <nd ref="1289153857"/>
    <nd ref="1289153603"/>
    <nd ref="1289153520"/>
    <nd ref="1289153488"/>
    <nd ref="1289153715"/>
    <tag k="highway" v="residential"/>
    <tag k="name" v="Calle Benito Juárez"/>
  </way>
  <way id="892836012" version="2" timestamp="2021-01-07T22:54:24Z" changeset="97133441" uid="9633823" user="127logs">
    <nd ref="6391766616"/>
    <nd ref="1289153518"/>
    <nd ref="5830269155"/>
    <nd ref="1289154082"/>
    <nd ref="5830269154"/>
    <nd ref="5830269153"/>
    <tag k="alt_name" v="Calle Ferrocarril"/>
    <tag k="highway" v="residential"/>
    <tag k="name" v="Calle Altamira"/>
  </way>
  <way id="892837183" version="1" timestamp="2021-01-06T22:36:54Z" changeset="97073922" uid="9633823" user="127logs">
    <nd ref="8298218058"/>
    <nd ref="8298218057"/>
    <nd ref="8298218056"/>
    <nd ref="8298218055"/>
    <nd ref="8298218054"/>
    <tag k="highway" v="residential"/>
    <tag k="name" v="Calle Héroe de Nacozari"/>
  </way>
  <way id="898020510" version="1" timestamp="2021-01-21T15:38:22Z" changeset="97915310" uid="10140135" user="AlwaysSunnyInMapadelphia">
    <nd ref="8204606209"/>
    <nd ref="8204606208"/>
    <tag k="highway" v="residential"/>
  </way>
  <way id="898028374" version="1" timestamp="2021-01-21T15:55:39Z" changeset="97916051" uid="10140135" user="AlwaysSunnyInMapadelphia">
    <nd ref="1289154065"/>
    <nd ref="6391743693"/>
    <nd ref="8345733208"/>
    <tag k="highway" v="residential"/>
    <tag k="name" v="Calle 17"/>
  </way>
  <way id="898028375" version="2" timestamp="2021-01-21T16:01:13Z" changeset="97916287" uid="10140135" user="AlwaysSunnyInMapadelphia">
    <nd ref="6391743694"/>
    <nd ref="8345733209"/>
    <nd ref="6561335432"/>
    <nd ref="8345733203"/>
    <tag k="alt_name" v="Calle Diecinueve"/>
    <tag k="highway" v="residential"/>
    <tag k="name" v="Calle 19"/>
  </way>
  <way id="898028376" version="2" timestamp="2021-01-21T16:01:13Z" changeset="97916287" uid="10140135" user="AlwaysSunnyInMapadelphia">
    <nd ref="1289154221"/>
    <nd ref="8345733210"/>
    <nd ref="1289153982"/>
    <tag k="alt_name" v="Calle Diecinueve"/>
    <tag k="highway" v="residential"/>
    <tag k="name" v="Calle 19"/>
  </way>
  <way id="898028377" version="1" timestamp="2021-01-21T15:55:39Z" changeset="97916051" uid="10140135" user="AlwaysSunnyInMapadelphia">
    <nd ref="1289153682"/>
    <nd ref="8345733206"/>
    <nd ref="8345733205"/>
    <nd ref="1289153494"/>
    <tag k="highway" v="residential"/>
    <tag k="name" v="Calle 13"/>
  </way>
  <way id="955734660" version="1" timestamp="2021-06-18T11:31:54Z" changeset="106585404" uid="10461114" user="BeniHammad">
    <nd ref="8845380806"/>
    <nd ref="8845163792"/>
    <tag k="highway" v="service"/>
  </way>
  <way id="955734661" version="1" timestamp="2021-06-18T11:31:54Z" changeset="106585404" uid="10461114" user="BeniHammad">
    <nd ref="8845382097"/>
    <nd ref="8845380809"/>
    <nd ref="8845380808"/>
    <nd ref="8845380807"/>
    <nd ref="8845380806"/>
    <nd ref="8845380805"/>
    <nd ref="8845380804"/>
    <nd ref="8845380803"/>
    <nd ref="8845380802"/>
    <nd ref="8845380801"/>
    <nd ref="8845380796"/>
    <nd ref="8845380800"/>
    <nd ref="8845380799"/>
    <nd ref="8845380798"/>
    <nd ref="8845380797"/>
    <tag k="highway" v="service"/>
  </way>
  <way id="955734664" version="2" timestamp="2022-04-06T04:45:19Z" changeset="119367500" uid="9094277" user="Siobkhan">
    <nd ref="8845382024"/>
    <nd ref="8845382023"/>
    <nd ref="8845382022"/>
    <nd ref="8845382021"/>
    <nd ref="8845380812"/>
    <nd ref="8845380811"/>
    <nd ref="8845382020"/>
    <nd ref="8845382019"/>
    <nd ref="8845382018"/>
    <nd ref="8845382017"/>
    <nd ref="8845380816"/>
    <nd ref="8845380813"/>
    <nd ref="8845380815"/>
    <nd ref="8845380814"/>
    <nd ref="8845163789"/>
    <tag k="highway" v="service"/>
  </way>
  <way id="961515180" version="1" timestamp="2021-07-05T07:17:58Z" changeset="107422327" uid="10652799" user="AlQuoz">
    <nd ref="8201813316"/>
    <nd ref="8201813315"/>
    <nd ref="8201819818"/>
    <tag k="highway" v="service"/>
  </way>
  <way id="997525032" version="2" timestamp="2025-09-30T02:40:57Z" changeset="172639095" uid="23257776" user="TecNM campus Minatitlán">
    <nd ref="9210651297"/>
    <nd ref="9210651303"/>
    <nd ref="9210651298"/>
    <nd ref="9210651305"/>
    <nd ref="9210651299"/>
    <nd ref="9210651300"/>
    <nd ref="13182425692"/>
    <nd ref="13182425691"/>
    <nd ref="9210651301"/>
    <nd ref="9210651302"/>
    <nd ref="9210651297"/>
    <tag k="access" v="private"/>
    <tag k="amenity" v="parking"/>
    <tag k="image" v="https://www.google.com.mx/url?sa=i&amp;url=https%3A%2F%2Fwww.veracruzenred.mx%2Ftag%2Finstituto-tecnologico-de-minatitlan%2F&amp;psig=AOvVaw3RTkcgTqtuYLMxpQhNOn6p&amp;ust=1635616711748000&amp;source=images&amp;cd=vfe&amp;ved=0CAsQjRxqFwoTCMiJ3aCZ8PMCFQAAAAAdAAAAABAE"/>
    <tag k="operator" v="Inatituto Tecnológico de Minatitlán"/>
    <tag k="operator:type" v="school"/>
    <tag k="parking" v="surface"/>
    <tag k="surface" v="concrete"/>
  </way>
  <way id="997525033" version="2" timestamp="2025-09-30T02:40:57Z" changeset="172639095" uid="23257776" user="TecNM campus Minatitlán">
    <nd ref="9210651304"/>
    <nd ref="9210651305"/>
    <nd ref="9210651306"/>
    <nd ref="9210651307"/>
    <nd ref="9210651308"/>
    <nd ref="13182425691"/>
    <nd ref="9210651310"/>
    <nd ref="9210651306"/>
    <tag k="highway" v="service"/>
    <tag k="service" v="driveway"/>
    <tag k="surface" v="concrete"/>
  </way>
  <way id="1126079118" version="1" timestamp="2022-12-31T17:43:57Z" changeset="130729814" uid="18134887" user="Moisés Torres">
    <nd ref="10297176877"/>
    <nd ref="10297176878"/>
    <nd ref="10297176879"/>
    <nd ref="10297176880"/>
    <nd ref="10297176881"/>
    <nd ref="4050468870"/>
    <nd ref="4050468865"/>
    <nd ref="4050468846"/>
    <nd ref="4050468889"/>
    <nd ref="4050468919"/>
    <nd ref="4050468995"/>
    <nd ref="10297176882"/>
    <nd ref="10297176883"/>
    <nd ref="10297176884"/>
    <nd ref="10297176885"/>
    <nd ref="10297176886"/>
    <nd ref="10297176887"/>
    <nd ref="10297176888"/>
    <nd ref="10297176889"/>
    <nd ref="10297176890"/>
    <nd ref="10297176891"/>
    <nd ref="10297176892"/>
    <nd ref="10297176893"/>
    <nd ref="10297176894"/>
    <nd ref="10297176895"/>
    <nd ref="10297176896"/>
    <nd ref="10297176897"/>
    <nd ref="10297176898"/>
    <nd ref="10297176899"/>
    <nd ref="10297176900"/>
    <nd ref="10297176877"/>
    <tag k="natural" v="scrub"/>
  </way>
  <way id="1134942194" version="1" timestamp="2023-01-24T19:01:48Z" changeset="131665573" uid="18134887" user="Moisés Torres">
    <nd ref="6391766614"/>
    <nd ref="6391747703"/>
    <nd ref="6391747702"/>
    <nd ref="6391766615"/>
    <nd ref="6391766614"/>
    <tag k="landuse" v="grass"/>
  </way>
  <way id="1134942195" version="1" timestamp="2023-01-24T19:01:48Z" changeset="131665573" uid="18134887" user="Moisés Torres">
    <nd ref="6391747703"/>
    <nd ref="1289154143"/>
    <nd ref="1289153658"/>
    <nd ref="6391747702"/>
    <nd ref="6391747703"/>
    <tag k="landuse" v="grass"/>
  </way>
  <way id="1192739696" version="2" timestamp="2023-07-31T20:03:42Z" changeset="139269953" uid="17365610" user="म्यापर">
    <nd ref="1326556840"/>
    <nd ref="6318767206"/>
    <nd ref="1326556789"/>
    <nd ref="1326556748"/>
    <nd ref="1326556731"/>
    <nd ref="11071924656"/>
    <nd ref="8205003691"/>
    <nd ref="1326556704"/>
    <nd ref="1326556681"/>
    <nd ref="1326556669"/>
    <nd ref="1326556662"/>
    <nd ref="8189424272"/>
    <nd ref="1326556644"/>
    <nd ref="1326556625"/>
    <nd ref="11071924657"/>
    <tag k="alt_name" v="Boulevard Instituto Tecnológico"/>
    <tag k="highway" v="primary"/>
    <tag k="lanes" v="4"/>
    <tag k="name" v="Boulevard Instituto Tecnológico (Carretera Transístmica)"/>
    <tag k="oneway" v="yes"/>
    <tag k="ref" v="MEX 185"/>
    <tag k="surface" v="asphalt"/>
  </way>
  <way id="1192739698" version="2" timestamp="2023-07-31T20:03:42Z" changeset="139269953" uid="17365610" user="म्यापर">
    <nd ref="11071924658"/>
    <nd ref="1326556654"/>
    <nd ref="8205003683"/>
    <nd ref="8205223551"/>
    <nd ref="8205003684"/>
    <nd ref="1326556709"/>
    <nd ref="6561335476"/>
    <nd ref="1289153686"/>
    <nd ref="4050469658"/>
    <tag k="alt_name" v="Boulevard Instituto Tecnológico"/>
    <tag k="highway" v="primary"/>
    <tag k="lanes" v="4"/>
    <tag k="name" v="Boulevard Instituto Tecnológico (Carretera Transístmica)"/>
    <tag k="oneway" v="yes"/>
    <tag k="ref" v="MEX 185"/>
    <tag k="surface" v="asphalt"/>
  </way>
  <way id="1192739729" version="1" timestamp="2023-07-27T20:17:13Z" changeset="139105870" uid="17365610" user="म्यापर">
    <nd ref="11071924790"/>
    <nd ref="11071924793"/>
    <nd ref="11071924792"/>
    <nd ref="11071924791"/>
    <tag k="highway" v="footway"/>
  </way>
  <way id="1250114947" version="1" timestamp="2024-02-14T02:28:59Z" changeset="147432533" uid="19456985" user="Ferrocarriles de México">
    <nd ref="1289153569"/>
    <nd ref="6296212705"/>
    <nd ref="1289154177"/>
    <tag k="alt_name" v="Boulevard Instituto Tecnológico"/>
    <tag k="highway" v="primary"/>
    <tag k="lanes" v="2"/>
    <tag k="name" v="Boulevard Instituto Tecnológico (Carretera Transístmica)"/>
    <tag k="ref" v="MEX 185"/>
    <tag k="surface" v="asphalt"/>
  </way>
  <way id="1250114948" version="2" timestamp="2025-09-30T02:40:57Z" changeset="172639095" uid="23257776" user="TecNM campus Minatitlán">
    <nd ref="11071924657"/>
    <nd ref="1326556605"/>
    <nd ref="8201712019"/>
    <nd ref="1326556585"/>
    <nd ref="8298119726"/>
    <nd ref="8205145391"/>
    <nd ref="5830741992"/>
    <nd ref="8204576584"/>
    <nd ref="1326556546"/>
    <nd ref="8204662681"/>
    <nd ref="13182425693"/>
    <nd ref="9210651304"/>
    <nd ref="13182425700"/>
    <nd ref="1326556495"/>
    <nd ref="1326556475"/>
    <nd ref="8201187209"/>
    <nd ref="11071924793"/>
    <nd ref="5830754921"/>
    <nd ref="6391766628"/>
    <nd ref="1289153569"/>
    <tag k="alt_name" v="Boulevard Instituto Tecnológico"/>
    <tag k="highway" v="primary"/>
    <tag k="lanes" v="2"/>
    <tag k="name" v="Boulevard Instituto Tecnológico (Carretera Transístmica)"/>
    <tag k="oneway" v="yes"/>
    <tag k="ref" v="MEX 185"/>
    <tag k="surface" v="asphalt"/>
  </way>
  <way id="1250114949" version="1" timestamp="2024-02-14T02:28:59Z" changeset="147432533" uid="19456985" user="Ferrocarriles de México">
    <nd ref="1289153569"/>
    <nd ref="6391766611"/>
    <nd ref="3782161895"/>
    <nd ref="1289154171"/>
    <nd ref="11071924792"/>
    <nd ref="8201187208"/>
    <nd ref="1289153625"/>
    <nd ref="1289154050"/>
    <nd ref="1289153790"/>
    <nd ref="1289154091"/>
    <nd ref="8204576583"/>
    <nd ref="1289154155"/>
    <nd ref="1289153574"/>
    <nd ref="8205145390"/>
    <nd ref="11071924658"/>
    <tag k="alt_name" v="Boulevard Instituto Tecnológico"/>
    <tag k="highway" v="primary"/>
    <tag k="lanes" v="2"/>
    <tag k="name" v="Boulevard Instituto Tecnológico (Carretera Transístmica)"/>
    <tag k="oneway" v="yes"/>
    <tag k="ref" v="MEX 185"/>
    <tag k="surface" v="asphalt"/>
  </way>
  <way id="1250114958" version="1" timestamp="2024-02-14T02:28:59Z" changeset="147432533" uid="19456985" user="Ferrocarriles de México">
    <nd ref="11620491117"/>
    <nd ref="8201353637"/>
    <nd ref="8201353636"/>
    <nd ref="6561333546"/>
    <nd ref="6561333548"/>
    <tag k="electrified" v="no"/>
    <tag k="gauge" v="1435"/>
    <tag k="name" v="Línea ZA"/>
    <tag k="operator" v="Ferroistmo"/>
    <tag k="operator:wikidata" v="Q5445414"/>
    <tag k="railway" v="rail"/>
    <tag k="usage" v="branch"/>
  </way>
  <way id="1250114962" version="1" timestamp="2024-02-14T02:28:59Z" changeset="147432533" uid="19456985" user="Ferrocarriles de México">
    <nd ref="11620491265"/>
    <nd ref="11620491264"/>
    <nd ref="11620491263"/>
    <nd ref="11620491262"/>
    <nd ref="11620491261"/>
    <nd ref="11620491260"/>
    <nd ref="11620491259"/>
    <nd ref="11620491258"/>
    <nd ref="11620491257"/>
    <nd ref="11620491256"/>
    <nd ref="11620491255"/>
    <nd ref="11620491254"/>
    <nd ref="11620491253"/>
    <nd ref="11620491252"/>
    <nd ref="11620491251"/>
    <nd ref="11620491250"/>
    <nd ref="11620491249"/>
    <nd ref="11620491248"/>
    <nd ref="11620491247"/>
    <nd ref="11620491246"/>
    <nd ref="11620491245"/>
    <nd ref="11620491244"/>
    <nd ref="11620491243"/>
    <nd ref="11620491242"/>
    <nd ref="11620491241"/>
    <nd ref="11620491240"/>
    <nd ref="11620491239"/>
    <nd ref="11620491238"/>
    <nd ref="11620491237"/>
    <nd ref="11620491236"/>
    <nd ref="11620491235"/>
    <nd ref="11620491234"/>
    <nd ref="11620491233"/>
    <nd ref="11620491232"/>
    <nd ref="11620491231"/>
    <nd ref="11620491230"/>
    <nd ref="11620491229"/>
    <nd ref="11620491228"/>
    <nd ref="11620491227"/>
    <nd ref="11620491226"/>
    <nd ref="11620491225"/>
    <nd ref="11620491224"/>
    <nd ref="11620491223"/>
    <nd ref="11620491222"/>
    <nd ref="11620491221"/>
    <nd ref="11620491220"/>
    <nd ref="11620491219"/>
    <nd ref="11620491218"/>
    <nd ref="11620491217"/>
    <nd ref="11620491216"/>
    <nd ref="11620491215"/>
    <nd ref="11620491214"/>
    <nd ref="11620491213"/>
    <nd ref="11620491212"/>
    <nd ref="11620491211"/>
    <nd ref="11620491210"/>
    <nd ref="11620491209"/>
    <nd ref="11620491208"/>
    <nd ref="11620491207"/>
    <nd ref="11620491206"/>
    <nd ref="11620491205"/>
    <nd ref="11620491204"/>
    <nd ref="11620491203"/>
    <nd ref="11620491202"/>
    <nd ref="11620491201"/>
    <nd ref="11620491200"/>
    <nd ref="11620491199"/>
    <nd ref="11620491198"/>
    <nd ref="11620491197"/>
    <nd ref="11620491196"/>
    <nd ref="11620491195"/>
    <nd ref="11620491194"/>
    <nd ref="11620491193"/>
    <nd ref="11620491192"/>
    <nd ref="11620491191"/>
    <nd ref="11620491190"/>
    <nd ref="11620491189"/>
    <nd ref="11620491188"/>
    <nd ref="11620491187"/>
    <nd ref="11620491186"/>
    <nd ref="11620491185"/>
    <nd ref="11620491184"/>
    <nd ref="11620491183"/>
    <nd ref="11620491182"/>
    <nd ref="11620491181"/>
    <nd ref="11620491180"/>
    <nd ref="11620491179"/>
    <nd ref="11620491178"/>
    <nd ref="11620491177"/>
    <nd ref="11620491176"/>
    <nd ref="11620491175"/>
    <nd ref="11620491174"/>
    <nd ref="11620491173"/>
    <nd ref="11620491172"/>
    <nd ref="11620491171"/>
    <nd ref="11620491170"/>
    <nd ref="11620491169"/>
    <nd ref="11620491168"/>
    <nd ref="11620491167"/>
    <nd ref="11620491166"/>
    <nd ref="11620491165"/>
    <nd ref="11620491164"/>
    <nd ref="11620491163"/>
    <nd ref="11620491162"/>
    <nd ref="11620491161"/>
    <nd ref="11620491160"/>
    <nd ref="11620491159"/>
    <nd ref="11620491158"/>
    <nd ref="11620491157"/>
    <nd ref="11620491156"/>
    <nd ref="11620491155"/>
    <nd ref="11620491154"/>
    <nd ref="11620491153"/>
    <nd ref="11620491152"/>
    <nd ref="11620491151"/>
    <nd ref="11620491150"/>
    <nd ref="11620491149"/>
    <nd ref="11620491148"/>
    <nd ref="11620491147"/>
    <nd ref="11620491146"/>
    <nd ref="11620491145"/>
    <nd ref="11620491144"/>
    <nd ref="11620491143"/>
    <nd ref="11620491142"/>
    <nd ref="11620491141"/>
    <nd ref="11620491140"/>
    <nd ref="11620491139"/>
    <nd ref="11620491138"/>
    <nd ref="11620491137"/>
    <nd ref="11620491136"/>
    <nd ref="11620491135"/>
    <nd ref="11620491134"/>
    <nd ref="11620491133"/>
    <nd ref="11620491132"/>
    <nd ref="11620491131"/>
    <nd ref="11620491130"/>
    <nd ref="11620491129"/>
    <nd ref="11620491128"/>
    <nd ref="11620491127"/>
    <nd ref="11620491126"/>
    <nd ref="11620491125"/>
    <nd ref="11620491124"/>
    <nd ref="11620491123"/>
    <nd ref="11620491122"/>
    <nd ref="11620491121"/>
    <nd ref="11620491120"/>
    <nd ref="11620491119"/>
    <nd ref="11620491069"/>
    <nd ref="11620338468"/>
    <nd ref="11620338467"/>
    <nd ref="11620338466"/>
    <nd ref="11620338465"/>
    <nd ref="11620338464"/>
    <nd ref="11620338463"/>
    <nd ref="11620338462"/>
    <nd ref="11620338461"/>
    <nd ref="11620338460"/>
    <nd ref="11620338459"/>
    <nd ref="11620338458"/>
    <nd ref="11620338457"/>
    <nd ref="11620338456"/>
    <nd ref="11620338455"/>
    <nd ref="11620338454"/>
    <nd ref="11620338453"/>
    <nd ref="11620338452"/>
    <nd ref="11620338451"/>
    <nd ref="11620338450"/>
    <nd ref="11620338449"/>
    <nd ref="11620338448"/>
    <nd ref="11620338430"/>
    <tag k="waterway" v="drain"/>
  </way>
  <way id="1299618812" version="1" timestamp="2024-07-07T01:48:40Z" changeset="153644619" uid="19456985" user="Ferrocarriles de México">
    <nd ref="12038575509"/>
    <nd ref="12038575508"/>
    <nd ref="12038575507"/>
    <nd ref="12038575506"/>
    <nd ref="12038575509"/>
    <tag k="power" v="substation"/>
    <tag k="substation" v="industrial"/>
    <tag k="voltage" v="115000"/>
  </way>
  <way id="1309197828" version="1" timestamp="2024-08-21T04:30:37Z" changeset="155536888" uid="16853649" user="MatoGrossoPlateau">
    <nd ref="5830269167"/>
    <nd ref="5830269168"/>
    <tag k="highway" v="residential"/>
    <tag k="name" v="Calle Platón Sánchez"/>
  </way>
  <way id="1428860568" version="1" timestamp="2025-09-10T20:25:50Z" changeset="171755106" uid="23279192" user="AndresSM30">
    <nd ref="13134953748"/>
    <nd ref="13134953749"/>
    <nd ref="13134953750"/>
    <nd ref="13134953751"/>
    <nd ref="13134953752"/>
    <nd ref="13134953753"/>
    <nd ref="13134953754"/>
    <nd ref="13134953755"/>
    <nd ref="13134953748"/>
    <tag k="access" v="private"/>
    <tag k="leisure" v="pitch"/>
    <tag k="lit" v="no"/>
    <tag k="name" v="Campo de Futbol"/>
    <tag k="sport" v="soccer"/>
    <tag k="surface" v="dirt"/>
  </way>
  <way id="1428860569" version="1" timestamp="2025-09-10T20:25:50Z" changeset="171755106" uid="23279192" user="AndresSM30">
    <nd ref="13134953756"/>
    <nd ref="13134953757"/>
    <nd ref="13134953758"/>
    <nd ref="13134953759"/>
    <nd ref="13134953756"/>
    <tag k="access" v="private"/>
    <tag k="leisure" v="pitch"/>
    <tag k="name" v="Campo de voleibol"/>
    <tag k="sport" v="volleyball"/>
    <tag k="surface" v="sand"/>
  </way>
  <way id="1428860570" version="1" timestamp="2025-09-10T20:25:50Z" changeset="171755106" uid="23279192" user="AndresSM30">
    <nd ref="13134953760"/>
    <nd ref="13134953761"/>
    <nd ref="13134953762"/>
    <nd ref="13134953763"/>
    <nd ref="13134953760"/>
    <tag k="access" v="private"/>
    <tag k="leisure" v="pitch"/>
    <tag k="lit" v="no"/>
    <tag k="name" v="Cancha de futbol"/>
    <tag k="sport" v="soccer"/>
    <tag k="surface" v="asphalt"/>
  </way>
  <way id="1429350116" version="1" timestamp="2025-09-12T18:31:44Z" changeset="171845725" uid="23279192" user="AndresSM30">
    <nd ref="13139673268"/>
    <nd ref="13139673269"/>
    <nd ref="13139673270"/>
    <nd ref="13139673271"/>
    <nd ref="13139673268"/>
    <tag k="leisure" v="park"/>
    <tag k="name" v="Plaza"/>
  </way>
  <way id="1429350117" version="2" timestamp="2025-09-30T02:40:57Z" changeset="172639095" uid="23257776" user="TecNM campus Minatitlán">
    <nd ref="13139673284"/>
    <nd ref="13139673285"/>
    <nd ref="13182469812"/>
    <nd ref="13139673286"/>
    <nd ref="13139673287"/>
    <nd ref="13139673284"/>
    <tag k="leisure" v="park"/>
    <tag k="name" v="Explanada"/>
  </way>
  <way id="1434248966" version="1" timestamp="2025-09-30T02:40:57Z" changeset="172639095" uid="23257776" user="TecNM campus Minatitlán">
    <nd ref="13182425683"/>
    <nd ref="13182425684"/>
    <nd ref="13182425685"/>
    <nd ref="13182425686"/>
    <nd ref="13182425683"/>
    <tag k="addr:city" v="Minatitlán"/>
    <tag k="addr:postcode" v="96848"/>
    <tag k="addr:state" v="Ver"/>
    <tag k="addr:street" v="Boulevard Instituto Tecnológico (Carretera Transístmica)"/>
    <tag k="architect" v="Moderna Funcional"/>
    <tag k="building" v="school"/>
    <tag k="building:levels" v="2"/>
    <tag k="height" v="8"/>
    <tag k="name" v="Edificio ACB"/>
  </way>
  <way id="1434248967" version="2" timestamp="2025-09-30T03:24:35Z" changeset="172639812" uid="23257776" user="TecNM campus Minatitlán">
    <nd ref="13182425687"/>
    <nd ref="13182727302"/>
    <nd ref="13182425688"/>
    <nd ref="13182425689"/>
    <nd ref="13182425690"/>
    <nd ref="13182425687"/>
    <tag k="addr:city" v="Minatitlán"/>
    <tag k="addr:postcode" v="96848"/>
    <tag k="addr:state" v="Ver"/>
    <tag k="addr:street" v="Boulevard Instituto Tecnológico (Carretera Transístmica)"/>
    <tag k="building" v="school"/>
    <tag k="building:levels" v="1"/>
    <tag k="height" v="3.5"/>
    <tag k="name" v="Edificio ACA"/>
  </way>
  <way id="1434248968" version="5" timestamp="2025-10-01T20:04:23Z" changeset="172723131" uid="23254573" user="Angel H Cervantes">
    <nd ref="13182425693"/>
    <nd ref="13182469802"/>
    <nd ref="13182469817"/>
    <nd ref="13182425694"/>
    <nd ref="13182425695"/>
    <nd ref="13182727301"/>
    <nd ref="13182425696"/>
    <nd ref="13182425697"/>
    <nd ref="13182469813"/>
    <nd ref="13182425698"/>
    <nd ref="13182425699"/>
    <nd ref="13182425694"/>
    <tag k="bicycle" v="no"/>
    <tag k="foot" v="yes"/>
    <tag k="highway" v="service"/>
    <tag k="horse" v="no"/>
    <tag k="incline" v="0%"/>
    <tag k="motor_vehicle" v="no"/>
    <tag k="name" v="Acera Principal"/>
    <tag k="surface" v="ground"/>
    <tag k="width" v="2"/>
  </way>
  <way id="1434248969" version="4" timestamp="2025-10-01T20:04:23Z" changeset="172723131" uid="23254573" user="Angel H Cervantes">
    <nd ref="13182425700"/>
    <nd ref="13182469801"/>
    <nd ref="13182469803"/>
    <nd ref="13182469802"/>
    <tag k="access" v="permit"/>
    <tag k="bicycle" v="no"/>
    <tag k="foot" v="yes"/>
    <tag k="highway" v="service"/>
    <tag k="horse" v="no"/>
    <tag k="incline" v="0%"/>
    <tag k="motor_vehicle" v="no"/>
    <tag k="name" v="Acera Principal Izquierda"/>
    <tag k="surface" v="ground"/>
    <tag k="wheelchair" v="yes"/>
    <tag k="width" v="1"/>
  </way>
  <way id="1434248970" version="1" timestamp="2025-09-30T02:40:57Z" changeset="172639095" uid="23257776" user="TecNM campus Minatitlán">
    <nd ref="13182469807"/>
    <nd ref="13182469808"/>
    <nd ref="13182469809"/>
    <nd ref="13182469810"/>
    <nd ref="13182469811"/>
    <nd ref="13182469807"/>
    <tag k="addr:city" v="Minatitlán"/>
    <tag k="addr:postcode" v="96848"/>
    <tag k="addr:state" v="Ver"/>
    <tag k="addr:street" v="Boulevard Instituto Tecnológico (Carretera Transístmica)"/>
    <tag k="building" v="school"/>
    <tag k="building:levels" v="1"/>
    <tag k="height" v="3"/>
    <tag k="name" v="Edificio B"/>
  </way>
  <way id="1434248971" version="7" timestamp="2025-10-02T20:01:16Z" changeset="172764439" uid="23254573" user="Angel H Cervantes">
    <nd ref="13182469813"/>
    <nd ref="13182505599"/>
    <nd ref="13184307336"/>
    <nd ref="13182469816"/>
    <nd ref="13182469815"/>
    <nd ref="13189413012"/>
    <nd ref="13182469814"/>
    <tag k="access" v="permit"/>
    <tag k="bicycle" v="no"/>
    <tag k="foot" v="yes"/>
    <tag k="highway" v="service"/>
    <tag k="horse" v="no"/>
    <tag k="incline" v="0%"/>
    <tag k="motor_vehicle" v="no"/>
    <tag k="name" v="Acera 1"/>
    <tag k="surface" v="ground"/>
    <tag k="width" v="0"/>
  </way>
  <way id="1434248972" version="4" timestamp="2025-10-01T20:04:23Z" changeset="172723131" uid="23254573" user="Angel H Cervantes">
    <nd ref="13182469817"/>
    <nd ref="13182469818"/>
    <nd ref="13182469819"/>
    <nd ref="13182469820"/>
    <nd ref="13182469821"/>
    <nd ref="13182469823"/>
    <nd ref="13182469822"/>
    <nd ref="13182469815"/>
    <tag k="access" v="permit"/>
    <tag k="bicycle" v="no"/>
    <tag k="foot" v="yes"/>
    <tag k="highway" v="service"/>
    <tag k="horse" v="no"/>
    <tag k="incline" v="0%"/>
    <tag k="motor_vehicle" v="no"/>
    <tag k="name" v="Acera 2"/>
    <tag k="surface" v="ground"/>
  </way>
  <way id="1434248973" version="2" timestamp="2025-09-30T03:24:35Z" changeset="172639812" uid="23257776" user="TecNM campus Minatitlán">
    <nd ref="13182469824"/>
    <nd ref="13182469825"/>
    <nd ref="13182469826"/>
    <nd ref="13182505588"/>
    <nd ref="13182469827"/>
    <nd ref="13182469824"/>
    <tag k="addr:city" v="Minatitlán"/>
    <tag k="addr:postcode" v="96848"/>
    <tag k="addr:state" v="Ver"/>
    <tag k="addr:street" v="Avenida Tecnológico"/>
    <tag k="building" v="school"/>
    <tag k="height" v="3"/>
    <tag k="layer" v="1"/>
    <tag k="name" v="Edificio LQG"/>
  </way>
  <way id="1434260880" version="2" timestamp="2025-09-30T15:11:48Z" changeset="172665393" uid="23257776" user="TecNM campus Minatitlán">
    <nd ref="13182505579"/>
    <nd ref="13182505580"/>
    <nd ref="13182505581"/>
    <nd ref="13184307344"/>
    <nd ref="13182505582"/>
    <nd ref="13182505579"/>
    <tag k="addr:city" v="Minatitlán"/>
    <tag k="addr:postcode" v="96848"/>
    <tag k="addr:state" v="Ver"/>
    <tag k="addr:street" v="Boulevard Instituto Tecnológico (Carretera Transístmica)"/>
    <tag k="building" v="college"/>
    <tag k="building:levels" v="2"/>
    <tag k="height" v="6"/>
    <tag k="name" v="Edificio SUM"/>
  </way>
  <way id="1434260881" version="1" timestamp="2025-09-30T03:24:35Z" changeset="172639812" uid="23257776" user="TecNM campus Minatitlán">
    <nd ref="13182505583"/>
    <nd ref="13182505584"/>
    <nd ref="13182505585"/>
    <nd ref="13182505586"/>
    <nd ref="13182505583"/>
    <tag k="addr:city" v="Minatitlán"/>
    <tag k="addr:postcode" v="96848"/>
    <tag k="addr:state" v="Ver"/>
    <tag k="addr:street" v="Boulevard Instituto Tecnológico (Carretera Transístmica)"/>
    <tag k="building" v="college"/>
    <tag k="building:levels" v="1"/>
    <tag k="height" v="3"/>
    <tag k="name" v="Edificio C"/>
  </way>
  <way id="1434260882" version="6" timestamp="2025-10-02T20:01:16Z" changeset="172764439" uid="23254573" user="Angel H Cervantes">
    <nd ref="13182425696"/>
    <nd ref="13182727303"/>
    <nd ref="13182505587"/>
    <nd ref="13182505596"/>
    <nd ref="13182505589"/>
    <nd ref="13184363256"/>
    <nd ref="13182505588"/>
    <nd ref="13182505595"/>
    <nd ref="13182505590"/>
    <nd ref="13182505591"/>
    <nd ref="13182505592"/>
    <nd ref="13189413016"/>
    <nd ref="13189413031"/>
    <nd ref="13182505593"/>
    <nd ref="13182505594"/>
    <tag k="access" v="permit"/>
    <tag k="bicycle" v="no"/>
    <tag k="foot" v="yes"/>
    <tag k="highway" v="service"/>
    <tag k="horse" v="no"/>
    <tag k="incline" v="0%"/>
    <tag k="layer" v="-1"/>
    <tag k="motor_vehicle" v="no"/>
    <tag k="name" v="Acera Columna"/>
    <tag k="surface" v="ground"/>
    <tag k="width" v="2.5"/>
  </way>
  <way id="1434260883" version="3" timestamp="2025-10-01T20:04:23Z" changeset="172723131" uid="23254573" user="Angel H Cervantes">
    <nd ref="13182505587"/>
    <nd ref="13182505598"/>
    <nd ref="13182505597"/>
    <tag k="access" v="permit"/>
    <tag k="bicycle" v="no"/>
    <tag k="foot" v="yes"/>
    <tag k="highway" v="service"/>
    <tag k="horse" v="no"/>
    <tag k="incline" v="-10%"/>
    <tag k="motor_vehicle" v="no"/>
    <tag k="name" v="Acera Entrada Lateral"/>
    <tag k="surface" v="ground"/>
    <tag k="width" v="2"/>
  </way>
  <way id="1434260884" version="3" timestamp="2025-10-01T19:27:57Z" changeset="172721744" uid="23254573" user="Angel H Cervantes">
    <nd ref="13182469821"/>
    <nd ref="13182505600"/>
    <nd ref="13182505599"/>
    <tag k="highway" v="footway"/>
    <tag k="name" v="Acera 3"/>
    <tag k="surface" v="ground"/>
  </way>
  <way id="1434260885" version="1" timestamp="2025-09-30T03:24:35Z" changeset="172639812" uid="23257776" user="TecNM campus Minatitlán">
    <nd ref="13182727301"/>
    <nd ref="13182727302"/>
    <tag k="access" v="permit"/>
    <tag k="bicycle" v="no"/>
    <tag k="foot" v="yes"/>
    <tag k="footway" v="sidewalk"/>
    <tag k="highway" v="footway"/>
    <tag k="horse" v="no"/>
    <tag k="motor_vehicle" v="no"/>
    <tag k="name" v="Cruce Edificio Principal"/>
    <tag k="surface" v="asphalt"/>
    <tag k="width" v="3"/>
  </way>
  <way id="1434260886" version="4" timestamp="2025-10-01T20:04:23Z" changeset="172723131" uid="23254573" user="Angel H Cervantes">
    <nd ref="13182727303"/>
    <nd ref="13182727304"/>
    <nd ref="13182727305"/>
    <nd ref="13182727306"/>
    <nd ref="13182727307"/>
    <nd ref="13182727308"/>
    <nd ref="13182727309"/>
    <nd ref="13182505588"/>
    <tag k="highway" v="service"/>
    <tag k="surface" v="ground"/>
  </way>
  <way id="1434261187" version="3" timestamp="2025-10-01T20:04:23Z" changeset="172723131" uid="23254573" user="Angel H Cervantes">
    <nd ref="13182727304"/>
    <nd ref="13182720922"/>
    <nd ref="13182505596"/>
    <tag k="access" v="no"/>
    <tag k="highway" v="service"/>
    <tag k="name" v="Conector"/>
    <tag k="surface" v="ground"/>
    <tag k="width" v="2"/>
  </way>
  <way id="1434394328" version="1" timestamp="2025-09-30T15:11:48Z" changeset="172665393" uid="23257776" user="TecNM campus Minatitlán">
    <nd ref="13184307337"/>
    <nd ref="13184307338"/>
    <nd ref="13184307339"/>
    <nd ref="13184307340"/>
    <nd ref="13184307341"/>
    <nd ref="13184307337"/>
    <tag k="addr:city" v="Minatitlán"/>
    <tag k="addr:postcode" v="96848"/>
    <tag k="addr:state" v="Ver"/>
    <tag k="addr:street" v="Boulevard Instituto Tecnológico (Carretera Transístmica)"/>
    <tag k="building" v="college"/>
    <tag k="building:levels" v="1"/>
    <tag k="height" v="3"/>
    <tag k="layer" v="1"/>
    <tag k="name" v="Edificio A"/>
  </way>
  <way id="1434394329" version="4" timestamp="2025-10-01T20:04:23Z" changeset="172723131" uid="23254573" user="Angel H Cervantes">
    <nd ref="13182469822"/>
    <nd ref="13184307346"/>
    <nd ref="13184307342"/>
    <tag k="highway" v="service"/>
    <tag k="surface" v="ground"/>
  </way>
  <way id="1434394330" version="4" timestamp="2025-10-01T20:04:23Z" changeset="172723131" uid="23254573" user="Angel H Cervantes">
    <nd ref="13184307342"/>
    <nd ref="13184307345"/>
    <nd ref="13184307343"/>
    <nd ref="13184307344"/>
    <tag k="highway" v="service"/>
    <tag k="surface" v="ground"/>
  </way>
  <way id="1434394331" version="4" timestamp="2025-10-01T20:04:23Z" changeset="172723131" uid="23254573" user="Angel H Cervantes">
    <nd ref="13184307345"/>
    <nd ref="13184307348"/>
    <nd ref="13184307347"/>
    <tag k="highway" v="service"/>
    <tag k="surface" v="ground"/>
  </way>
  <way id="1434394332" version="1" timestamp="2025-09-30T15:11:48Z" changeset="172665393" uid="23257776" user="TecNM campus Minatitlán">
    <nd ref="13184307349"/>
    <nd ref="13184307350"/>
    <nd ref="13184307351"/>
    <nd ref="13184307352"/>
    <nd ref="13184307349"/>
    <tag k="addr:city" v="Minatitlán"/>
    <tag k="addr:neighbourhood" v="Buena Vista Norte"/>
    <tag k="addr:postcode" v="96848"/>
    <tag k="addr:state" v="Ver"/>
    <tag k="addr:street" v="Boulevard Instituto Tecnológico (Carretera Transístmica)"/>
    <tag k="amenity" v="research_institute"/>
    <tag k="internet_access" v="yes"/>
    <tag k="internet_access:fee" v="customers"/>
    <tag k="name" v="Edificio LIQP"/>
    <tag k="operator" v="Practicas de Ingenieria Quimica y Ambiental"/>
    <tag k="operator:type" v="university"/>
  </way>
  <way id="1434394333" version="1" timestamp="2025-09-30T15:11:48Z" changeset="172665393" uid="23257776" user="TecNM campus Minatitlán">
    <nd ref="13184307353"/>
    <nd ref="13184307354"/>
    <nd ref="13184307355"/>
    <nd ref="13184307357"/>
    <nd ref="13184307356"/>
    <nd ref="13184307353"/>
    <tag k="addr:city" v="Minatitlán"/>
    <tag k="addr:postcode" v="96848"/>
    <tag k="addr:state" v="Ver"/>
    <tag k="addr:street" v="Boulevard Instituto Tecnológico (Carretera Transístmica)"/>
    <tag k="building" v="college"/>
    <tag k="building:levels" v="2"/>
    <tag k="height" v="6"/>
    <tag k="name" v="Edificio H"/>
  </way>
  <way id="1434402989" version="1" timestamp="2025-09-30T15:53:11Z" changeset="172667502" uid="23257776" user="TecNM campus Minatitlán">
    <nd ref="13184363250"/>
    <nd ref="13184363251"/>
    <nd ref="13184363252"/>
    <nd ref="13184363253"/>
    <nd ref="13184363250"/>
    <tag k="addr:city" v="Minatitlán"/>
    <tag k="addr:postcode" v="96848"/>
    <tag k="addr:state" v="Ver"/>
    <tag k="addr:street" v="Boulevard Instituto Tecnológico (Carretera Transístmica)"/>
    <tag k="building" v="college"/>
    <tag k="building:levels" v="2"/>
    <tag k="height" v="8"/>
    <tag k="name" v="Edificio LISC"/>
  </way>
  <way id="1434402990" version="4" timestamp="2025-10-01T20:04:23Z" changeset="172723131" uid="23254573" user="Angel H Cervantes">
    <nd ref="13182505596"/>
    <nd ref="13184363254"/>
    <nd ref="13184363257"/>
    <nd ref="13184363255"/>
    <tag k="highway" v="service"/>
    <tag k="surface" v="ground"/>
  </way>
  <way id="1434402991" version="3" timestamp="2025-10-01T19:27:57Z" changeset="172721744" uid="23254573" user="Angel H Cervantes">
    <nd ref="13184363255"/>
    <nd ref="13139673270"/>
    <tag k="highway" v="footway"/>
    <tag k="surface" v="ground"/>
  </way>
  <way id="1434402992" version="4" timestamp="2025-10-01T20:04:23Z" changeset="172723131" uid="23254573" user="Angel H Cervantes">
    <nd ref="13139673270"/>
    <nd ref="13182505591"/>
    <tag k="highway" v="service"/>
    <tag k="surface" v="ground"/>
  </way>
  <way id="1434402993" version="4" timestamp="2025-10-01T20:04:23Z" changeset="172723131" uid="23254573" user="Angel H Cervantes">
    <nd ref="13184363256"/>
    <nd ref="13184363257"/>
    <tag k="highway" v="service"/>
    <tag k="surface" v="ground"/>
  </way>
  <way id="1434402994" version="1" timestamp="2025-09-30T15:53:11Z" changeset="172667502" uid="23257776" user="TecNM campus Minatitlán">
    <nd ref="13184363258"/>
    <nd ref="13184363259"/>
    <nd ref="13184363260"/>
    <nd ref="13184363261"/>
    <nd ref="13184363258"/>
    <tag k="addr:city" v="Minatitlán"/>
    <tag k="addr:postcode" v="96848"/>
    <tag k="addr:state" v="Ver"/>
    <tag k="addr:street" v="Boulevard Instituto Tecnológico (Carretera Transístmica)"/>
    <tag k="building" v="college"/>
    <tag k="building:levels" v="2"/>
    <tag k="height" v="6"/>
    <tag k="layer" v="1"/>
    <tag k="name" v="Edificio F"/>
  </way>
  <way id="1434402995" version="1" timestamp="2025-09-30T15:53:11Z" changeset="172667502" uid="23257776" user="TecNM campus Minatitlán">
    <nd ref="13184363262"/>
    <nd ref="13184363263"/>
    <nd ref="13184363264"/>
    <nd ref="13184363265"/>
    <nd ref="13184363266"/>
    <nd ref="13184363267"/>
    <nd ref="13184363268"/>
    <nd ref="13184363269"/>
    <nd ref="13184363262"/>
    <tag k="addr:city" v="Minatitlán"/>
    <tag k="addr:postcode" v="96848"/>
    <tag k="addr:state" v="Ver"/>
    <tag k="addr:street" v="Boulevard Instituto Tecnológico (Carretera Transístmica)"/>
    <tag k="building" v="college"/>
    <tag k="building:levels" v="1"/>
    <tag k="height" v="3"/>
    <tag k="name" v="Edificio G - Departamento De Ingenieria Electronica"/>
  </way>
  <way id="1434933619" version="1" timestamp="2025-10-02T20:01:16Z" changeset="172764439" uid="23254573" user="Angel H Cervantes">
    <nd ref="13182469814"/>
    <nd ref="13189413010"/>
    <nd ref="13189413011"/>
    <nd ref="13182469822"/>
    <tag k="highway" v="service"/>
  </way>
  <way id="1434933620" version="1" timestamp="2025-10-02T20:01:16Z" changeset="172764439" uid="23254573" user="Angel H Cervantes">
    <nd ref="13189413010"/>
    <nd ref="13189413013"/>
    <nd ref="13182505592"/>
    <tag k="highway" v="service"/>
  </way>
  <way id="1434933621" version="1" timestamp="2025-10-02T20:01:16Z" changeset="172764439" uid="23254573" user="Angel H Cervantes">
    <nd ref="13189413012"/>
    <nd ref="13182505595"/>
    <tag k="highway" v="service"/>
  </way>
  <way id="1434933622" version="1" timestamp="2025-10-02T20:01:16Z" changeset="172764439" uid="23254573" user="Angel H Cervantes">
    <nd ref="13189413013"/>
    <nd ref="13189413020"/>
    <nd ref="13189413018"/>
    <nd ref="13189413014"/>
    <nd ref="13189413015"/>
    <nd ref="13189413025"/>
    <nd ref="13189413017"/>
    <nd ref="13189413021"/>
    <nd ref="13189413016"/>
    <tag k="highway" v="service"/>
  </way>
  <way id="1434933623" version="1" timestamp="2025-10-02T20:01:16Z" changeset="172764439" uid="23254573" user="Angel H Cervantes">
    <nd ref="13189413017"/>
    <nd ref="13189413018"/>
    <tag k="highway" v="service"/>
  </way>
  <way id="1434933624" version="1" timestamp="2025-10-02T20:01:16Z" changeset="172764439" uid="23254573" user="Angel H Cervantes">
    <nd ref="13189413019"/>
    <nd ref="13189413020"/>
    <tag k="highway" v="service"/>
  </way>
  <way id="1434933625" version="1" timestamp="2025-10-02T20:01:16Z" changeset="172764439" uid="23254573" user="Angel H Cervantes">
    <nd ref="13189413021"/>
    <nd ref="13189413022"/>
    <nd ref="13182505594"/>
    <tag k="highway" v="service"/>
  </way>
  <way id="1434933626" version="1" timestamp="2025-10-02T20:01:16Z" changeset="172764439" uid="23254573" user="Angel H Cervantes">
    <nd ref="13189413022"/>
    <nd ref="13189413033"/>
    <nd ref="13189413023"/>
    <nd ref="13189413028"/>
    <nd ref="13189413024"/>
    <tag k="highway" v="service"/>
  </way>
  <way id="1434933627" version="1" timestamp="2025-10-02T20:01:16Z" changeset="172764439" uid="23254573" user="Angel H Cervantes">
    <nd ref="13189413023"/>
    <nd ref="13189413025"/>
    <tag k="highway" v="service"/>
  </way>
  <way id="1434933628" version="1" timestamp="2025-10-02T20:01:16Z" changeset="172764439" uid="23254573" user="Angel H Cervantes">
    <nd ref="13189413026"/>
    <nd ref="13189413027"/>
    <nd ref="13189413028"/>
    <tag k="highway" v="service"/>
  </way>
  <way id="1434933629" version="1" timestamp="2025-10-02T20:01:16Z" changeset="172764439" uid="23254573" user="Angel H Cervantes">
    <nd ref="13182505593"/>
    <nd ref="13189413029"/>
    <nd ref="13189413032"/>
    <nd ref="13189413030"/>
    <nd ref="13184363255"/>
    <tag k="highway" v="service"/>
  </way>
  <way id="1434933630" version="1" timestamp="2025-10-02T20:01:16Z" changeset="172764439" uid="23254573" user="Angel H Cervantes">
    <nd ref="13189413016"/>
    <nd ref="13189413030"/>
    <tag k="highway" v="service"/>
  </way>
  <way id="1434933631" version="1" timestamp="2025-10-02T20:01:16Z" changeset="172764439" uid="23254573" user="Angel H Cervantes">
    <nd ref="13189413031"/>
    <nd ref="13189413032"/>
    <tag k="highway" v="service"/>
  </way>
  <way id="1434933632" version="1" timestamp="2025-10-02T20:01:16Z" changeset="172764439" uid="23254573" user="Angel H Cervantes">
    <nd ref="13189413017"/>
    <nd ref="13189413033"/>
    <tag k="highway" v="service"/>
  </way>
  <way id="1434933633" version="1" timestamp="2025-10-02T20:01:16Z" changeset="172764439" uid="23254573" user="Angel H Cervantes">
    <nd ref="13189413036"/>
    <nd ref="13189413037"/>
    <nd ref="13189413034"/>
    <nd ref="13189413035"/>
    <nd ref="13189413036"/>
    <tag k="leisure" v="park"/>
  </way>
  <way id="1434933634" version="1" timestamp="2025-10-02T20:01:16Z" changeset="172764439" uid="23254573" user="Angel H Cervantes">
    <nd ref="13189413038"/>
    <nd ref="13189413039"/>
    <nd ref="13189413040"/>
    <nd ref="13189413041"/>
    <nd ref="13189413038"/>
    <tag k="leisure" v="pitch"/>
    <tag k="sport" v="volleyball"/>
  </way>
  <way id="1434933635" version="1" timestamp="2025-10-02T20:01:16Z" changeset="172764439" uid="23254573" user="Angel H Cervantes">
    <nd ref="13189413042"/>
    <nd ref="13189413043"/>
    <nd ref="13189413044"/>
    <nd ref="13189413045"/>
    <nd ref="13189413042"/>
    <tag k="leisure" v="pitch"/>
    <tag k="sport" v="basketball"/>
  </way>
  <way id="1436001010" version="1" timestamp="2025-10-06T20:55:22Z" changeset="172933602" uid="23254573" user="Angel H Cervantes">
    <nd ref="13198605663"/>
    <nd ref="13198605664"/>
    <nd ref="13198605665"/>
    <nd ref="13198605666"/>
    <nd ref="13198605663"/>
    <tag k="building" v="school"/>
  </way>
  <way id="1436001011" version="1" timestamp="2025-10-06T20:55:22Z" changeset="172933602" uid="23254573" user="Angel H Cervantes">
    <nd ref="13198605667"/>
    <nd ref="13198605668"/>
    <nd ref="13198605669"/>
    <nd ref="13198605670"/>
    <nd ref="13198605667"/>
    <tag k="building" v="school"/>
  </way>
  <way id="1436001012" version="1" timestamp="2025-10-06T20:55:22Z" changeset="172933602" uid="23254573" user="Angel H Cervantes">
    <nd ref="13198605671"/>
    <nd ref="13198605672"/>
    <nd ref="13198605673"/>
    <nd ref="13198605674"/>
    <nd ref="13198605671"/>
    <tag k="building" v="school"/>
  </way>
  <way id="1436001013" version="1" timestamp="2025-10-06T20:55:22Z" changeset="172933602" uid="23254573" user="Angel H Cervantes">
    <nd ref="13198605675"/>
    <nd ref="13198605676"/>
    <nd ref="13198605677"/>
    <nd ref="13198605678"/>
    <nd ref="13198605675"/>
    <tag k="building" v="school"/>
  </way>
  <way id="1436001014" version="1" timestamp="2025-10-06T20:55:22Z" changeset="172933602" uid="23254573" user="Angel H Cervantes">
    <nd ref="13198605679"/>
    <nd ref="13198605680"/>
    <nd ref="13198605681"/>
    <nd ref="13198605682"/>
    <nd ref="13198605679"/>
    <tag k="building" v="school"/>
  </way>
  <way id="1436001015" version="1" timestamp="2025-10-06T20:55:22Z" changeset="172933602" uid="23254573" user="Angel H Cervantes">
    <nd ref="13198605683"/>
    <nd ref="13198605684"/>
    <nd ref="13198605685"/>
    <nd ref="13198605686"/>
    <nd ref="13198605683"/>
    <tag k="building" v="school"/>
  </way>
  <way id="1436001016" version="1" timestamp="2025-10-06T20:55:22Z" changeset="172933602" uid="23254573" user="Angel H Cervantes">
    <nd ref="13198605687"/>
    <nd ref="13198605688"/>
    <nd ref="13198605689"/>
    <nd ref="13198605690"/>
    <nd ref="13198605687"/>
    <tag k="amenity" v="fast_food"/>
    <tag k="building" v="yes"/>
    <tag k="fast_food" v="cafeteria"/>
  </way>
  <way id="1436001017" version="1" timestamp="2025-10-06T20:55:22Z" changeset="172933602" uid="23254573" user="Angel H Cervantes">
    <nd ref="13198605691"/>
    <nd ref="13198605692"/>
    <nd ref="13198605693"/>
    <nd ref="13198605694"/>
    <nd ref="13198605691"/>
    <tag k="building" v="school"/>
  </way>
  <way id="1436001018" version="1" timestamp="2025-10-06T20:55:22Z" changeset="172933602" uid="23254573" user="Angel H Cervantes">
    <nd ref="13198605695"/>
    <nd ref="13198605696"/>
    <nd ref="13198605697"/>
    <nd ref="13198605698"/>
    <nd ref="13198605695"/>
    <tag k="building" v="school"/>
  </way>
  <way id="1436001019" version="1" timestamp="2025-10-06T20:55:22Z" changeset="172933602" uid="23254573" user="Angel H Cervantes">
    <nd ref="13198605699"/>
    <nd ref="13198605700"/>
    <nd ref="13198625801"/>
    <nd ref="13198625802"/>
    <nd ref="13198605699"/>
    <tag k="building" v="school"/>
  </way>
  <way id="1436001020" version="1" timestamp="2025-10-06T20:55:22Z" changeset="172933602" uid="23254573" user="Angel H Cervantes">
    <nd ref="13198625803"/>
    <nd ref="13198625804"/>
    <nd ref="13198625805"/>
    <nd ref="13198625806"/>
    <nd ref="13198625803"/>
    <tag k="building" v="school"/>
    <tag k="layer" v="1"/>
  </way>
  <way id="1436001021" version="1" timestamp="2025-10-06T20:55:22Z" changeset="172933602" uid="23254573" user="Angel H Cervantes">
    <nd ref="13198625807"/>
    <nd ref="13198625808"/>
    <nd ref="13198625809"/>
    <nd ref="13198625810"/>
    <nd ref="13198625807"/>
    <tag k="building" v="school"/>
  </way>
  <way id="1436001022" version="1" timestamp="2025-10-06T20:55:22Z" changeset="172933602" uid="23254573" user="Angel H Cervantes">
    <nd ref="13198625811"/>
    <nd ref="13198625812"/>
    <nd ref="13198625813"/>
    <nd ref="13198625814"/>
    <nd ref="13198625811"/>
    <tag k="building" v="school"/>
  </way>
  <way id="1436001023" version="1" timestamp="2025-10-06T20:55:22Z" changeset="172933602" uid="23254573" user="Angel H Cervantes">
    <nd ref="13198625815"/>
    <nd ref="13198625816"/>
    <nd ref="13198625817"/>
    <nd ref="13198625818"/>
    <nd ref="13198625815"/>
    <tag k="building" v="school"/>
  </way>
  <way id="1436001024" version="1" timestamp="2025-10-06T20:55:22Z" changeset="172933602" uid="23254573" user="Angel H Cervantes">
    <nd ref="13198625819"/>
    <nd ref="13198625820"/>
    <nd ref="13198625821"/>
    <nd ref="13198625822"/>
    <nd ref="13198625819"/>
    <tag k="building" v="school"/>
  </way>
  <way id="1436001025" version="1" timestamp="2025-10-06T20:55:22Z" changeset="172933602" uid="23254573" user="Angel H Cervantes">
    <nd ref="13198625823"/>
    <nd ref="13198625824"/>
    <nd ref="13198625825"/>
    <nd ref="13198625826"/>
    <nd ref="13198625823"/>
    <tag k="amenity" v="cafe"/>
    <tag k="building" v="yes"/>
  </way>
  <way id="1436001026" version="1" timestamp="2025-10-06T20:55:22Z" changeset="172933602" uid="23254573" user="Angel H Cervantes">
    <nd ref="13198625827"/>
    <nd ref="13198625828"/>
    <nd ref="13198625829"/>
    <nd ref="13198625830"/>
    <nd ref="13198625827"/>
    <tag k="building" v="school"/>
  </way>
  <way id="1436001027" version="1" timestamp="2025-10-06T20:55:22Z" changeset="172933602" uid="23254573" user="Angel H Cervantes">
    <nd ref="13198625831"/>
    <nd ref="13198625832"/>
    <nd ref="13198625833"/>
    <nd ref="13198625834"/>
    <nd ref="13198625831"/>
    <tag k="power" v="generator"/>
  </way>
  <way id="1442232408" version="1" timestamp="2025-10-14T21:24:17Z" changeset="173294474" uid="23279192" user="AndresSM30">
    <nd ref="13233612929"/>
    <nd ref="13233612930"/>
    <nd ref="13233612931"/>
    <nd ref="13233612932"/>
    <nd ref="13233612929"/>
    <tag k="leisure" v="sports_centre"/>
    <tag k="name" v="Domo"/>
  </way>
  <relation id="2415761" version="256" timestamp="2025-06-09T20:25:18Z" changeset="167417007" uid="14476883" user="Daniel Vincenc">
    <member type="node" ref="959618169" role="admin_centre"/>
    <member type="node" ref="305626898" role="label"/>
    <member type="way" ref="402891041" role="outer"/>
    <member type="way" ref="1189775813" role="outer"/>
    <member type="way" ref="1188983779" role="outer"/>
    <member type="way" ref="1189775972" role="outer"/>
    <member type="way" ref="1189775971" role="outer"/>
    <member type="way" ref="1189776221" role="outer"/>
    <member type="way" ref="1189776220" role="outer"/>
    <member type="way" ref="1189777089" role="outer"/>
    <member type="way" ref="1188983777" role="outer"/>
    <member type="way" ref="1189855307" role="outer"/>
    <member type="way" ref="1189855308" role="outer"/>
    <member type="way" ref="1189855304" role="outer"/>
    <member type="way" ref="1189855303" role="outer"/>
    <member type="way" ref="1189855305" role="outer"/>
    <member type="way" ref="1189911668" role="outer"/>
    <member type="way" ref="1188983770" role="outer"/>
    <member type="way" ref="1189911665" role="outer"/>
    <member type="way" ref="1189911669" role="outer"/>
    <member type="way" ref="1189911661" role="outer"/>
    <member type="way" ref="1189911664" role="outer"/>
    <member type="way" ref="1189911918" role="outer"/>
    <member type="way" ref="1189911919" role="outer"/>
    <member type="way" ref="1189911916" role="outer"/>
    <member type="way" ref="1189911917" role="outer"/>
    <member type="way" ref="1189911913" role="outer"/>
    <member type="way" ref="1188983769" role="outer"/>
    <member type="way" ref="1189913066" role="outer"/>
    <member type="way" ref="1189913065" role="outer"/>
    <member type="way" ref="1189913063" role="outer"/>
    <member type="way" ref="1189913062" role="outer"/>
    <member type="way" ref="113606854" role="outer"/>
    <member type="way" ref="1189913060" role="outer"/>
    <member type="way" ref="1189913058" role="outer"/>
    <member type="way" ref="1189912600" role="outer"/>
    <member type="way" ref="1202642702" role="outer"/>
    <member type="way" ref="1189916074" role="outer"/>
    <member type="way" ref="1189916071" role="outer"/>
    <member type="way" ref="1202642701" role="outer"/>
    <member type="way" ref="191186876" role="outer"/>
    <member type="way" ref="1188999174" role="outer"/>
    <member type="way" ref="1189917510" role="outer"/>
    <member type="way" ref="1189917509" role="outer"/>
    <member type="way" ref="1189917507" role="outer"/>
    <member type="way" ref="548292942" role="outer"/>
    <member type="way" ref="1189917504" role="outer"/>
    <member type="way" ref="1189917506" role="outer"/>
    <member type="way" ref="1189917505" role="outer"/>
    <member type="way" ref="1189723524" role="outer"/>
    <member type="way" ref="191186880" role="outer"/>
    <member type="way" ref="1202629911" role="outer"/>
    <member type="way" ref="191187769" role="outer"/>
    <member type="way" ref="1189724765" role="outer"/>
    <member type="way" ref="1189724763" role="outer"/>
    <member type="way" ref="1189724762" role="outer"/>
    <member type="way" ref="1189725852" role="outer"/>
    <member type="way" ref="1189725846" role="outer"/>
    <member type="way" ref="1189725845" role="outer"/>
    <member type="way" ref="1189725844" role="outer"/>
    <member type="way" ref="1189725848" role="outer"/>
    <member type="way" ref="1189725847" role="outer"/>
    <member type="way" ref="1189725851" role="outer"/>
    <member type="way" ref="1190486979" role="outer"/>
    <member type="way" ref="1190486978" role="outer"/>
    <member type="way" ref="1204513785" role="outer"/>
    <member type="way" ref="1204513762" role="outer"/>
    <member type="way" ref="1204513786" role="outer"/>
    <member type="way" ref="982107627" role="outer"/>
    <member type="way" ref="1202642711" role="outer"/>
    <member type="way" ref="1190487940" role="outer"/>
    <member type="way" ref="1190487939" role="outer"/>
    <member type="way" ref="1190487944" role="outer"/>
    <member type="way" ref="1190487943" role="outer"/>
    <member type="way" ref="1190487946" role="outer"/>
    <member type="way" ref="1190487945" role="outer"/>
    <member type="way" ref="1190487950" role="outer"/>
    <member type="way" ref="1202639225" role="outer"/>
    <member type="way" ref="1202642703" role="outer"/>
    <member type="way" ref="1202642704" role="outer"/>
    <member type="way" ref="888076167" role="outer"/>
    <member type="way" ref="22618867" role="outer"/>
    <member type="way" ref="1234515392" role="outer"/>
    <member type="way" ref="1202642707" role="outer"/>
    <member type="way" ref="1190696224" role="outer"/>
    <member type="way" ref="1190696225" role="outer"/>
    <member type="way" ref="1189011513" role="outer"/>
    <member type="way" ref="888139535" role="outer"/>
    <member type="way" ref="1234515391" role="outer"/>
    <member type="way" ref="1234515388" role="outer"/>
    <member type="way" ref="1189712431" role="outer"/>
    <member type="way" ref="1188395106" role="outer"/>
    <member type="way" ref="1188395111" role="outer"/>
    <member type="way" ref="889084170" role="outer"/>
    <member type="way" ref="1188378040" role="outer"/>
    <member type="way" ref="1202629916" role="outer"/>
    <member type="way" ref="1202629917" role="outer"/>
    <member type="way" ref="1234515389" role="outer"/>
    <member type="way" ref="889084629" role="outer"/>
    <member type="way" ref="1202629918" role="outer"/>
    <member type="way" ref="1202642710" role="outer"/>
    <member type="way" ref="768347518" role="outer"/>
    <member type="way" ref="1188378043" role="outer"/>
    <member type="way" ref="1202642709" role="outer"/>
    <member type="way" ref="1202629938" role="outer"/>
    <member type="way" ref="1331349236" role="outer"/>
    <member type="way" ref="1331349239" role="outer"/>
    <member type="way" ref="402697328" role="outer"/>
    <member type="way" ref="1331345469" role="outer"/>
    <member type="way" ref="402695874" role="outer"/>
    <member type="way" ref="402697449" role="outer"/>
    <member type="way" ref="402699274" role="outer"/>
    <member type="way" ref="402697598" role="outer"/>
    <member type="way" ref="402891011" role="outer"/>
    <member type="way" ref="374728531" role="outer"/>
    <member type="way" ref="22631579" role="outer"/>
    <member type="way" ref="375633966" role="outer"/>
    <member type="way" ref="377630732" role="outer"/>
    <member type="way" ref="375633964" role="outer"/>
    <member type="way" ref="375632861" role="outer"/>
    <member type="way" ref="375632862" role="outer"/>
    <member type="way" ref="375632864" role="outer"/>
    <member type="way" ref="375632857" role="outer"/>
    <member type="way" ref="375632867" role="outer"/>
    <member type="way" ref="374477095" role="outer"/>
    <member type="way" ref="1331348220" role="outer"/>
    <member type="way" ref="1331348222" role="outer"/>
    <member type="way" ref="374477325" role="outer"/>
    <member type="way" ref="374637950" role="outer"/>
    <member type="way" ref="1331346550" role="outer"/>
    <member type="way" ref="1331346548" role="outer"/>
    <member type="way" ref="1331340500" role="outer"/>
    <member type="way" ref="1331340504" role="outer"/>
    <member type="way" ref="1331340501" role="outer"/>
    <member type="way" ref="1331340502" role="outer"/>
    <member type="way" ref="374631599" role="outer"/>
    <member type="way" ref="374631602" role="outer"/>
    <member type="way" ref="374631636" role="outer"/>
    <member type="way" ref="1331338519" role="outer"/>
    <member type="way" ref="434319106" role="outer"/>
    <member type="way" ref="377456843" role="outer"/>
    <member type="way" ref="382671049" role="outer"/>
    <member type="way" ref="376220513" role="outer"/>
    <member type="way" ref="376220021" role="outer"/>
    <member type="way" ref="376219667" role="outer"/>
    <member type="way" ref="376223925" role="outer"/>
    <member type="way" ref="376222607" role="outer"/>
    <member type="way" ref="303579057" role="outer"/>
    <member type="way" ref="306195947" role="outer"/>
    <member type="way" ref="306195946" role="outer"/>
    <member type="way" ref="187479043" role="outer"/>
    <member type="way" ref="303579061" role="outer"/>
    <member type="way" ref="318031527" role="outer"/>
    <member type="way" ref="318031511" role="outer"/>
    <member type="way" ref="318031518" role="outer"/>
    <member type="way" ref="318031510" role="outer"/>
    <member type="way" ref="187479153" role="outer"/>
    <member type="way" ref="306195765" role="outer"/>
    <member type="way" ref="318031526" role="outer"/>
    <member type="way" ref="306195875" role="outer"/>
    <member type="way" ref="376223271" role="outer"/>
    <member type="way" ref="187482016" role="outer"/>
    <member type="way" ref="374633370" role="outer"/>
    <member type="way" ref="374633355" role="outer"/>
    <member type="way" ref="306265894" role="outer"/>
    <member type="way" ref="374633391" role="outer"/>
    <member type="way" ref="374633341" role="outer"/>
    <member type="way" ref="374633407" role="outer"/>
    <member type="way" ref="374633412" role="outer"/>
    <member type="way" ref="374633346" role="outer"/>
    <member type="way" ref="306265958" role="outer"/>
    <member type="way" ref="374633367" role="outer"/>
    <member type="way" ref="374633419" role="outer"/>
    <member type="way" ref="318033527" role="outer"/>
    <member type="way" ref="318033522" role="outer"/>
    <member type="way" ref="306265871" role="outer"/>
    <member type="way" ref="374635658" role="outer"/>
    <member type="way" ref="374635677" role="outer"/>
    <member type="way" ref="374636823" role="outer"/>
    <member type="way" ref="306265914" role="outer"/>
    <member type="way" ref="306265945" role="outer"/>
    <member type="way" ref="306265873" role="outer"/>
    <member type="way" ref="374636822" role="outer"/>
    <member type="way" ref="374636825" role="outer"/>
    <member type="way" ref="306265868" role="outer"/>
    <member type="way" ref="306265940" role="outer"/>
    <member type="way" ref="306265934" role="outer"/>
    <member type="way" ref="306265939" role="outer"/>
    <member type="way" ref="306265949" role="outer"/>
    <member type="way" ref="374636824" role="outer"/>
    <member type="way" ref="306265881" role="outer"/>
    <member type="way" ref="374636827" role="outer"/>
    <member type="way" ref="374637292" role="outer"/>
    <member type="way" ref="306265956" role="outer"/>
    <member type="way" ref="187557461" role="outer"/>
    <member type="way" ref="187557446" role="outer"/>
    <member type="way" ref="374706729" role="outer"/>
    <member type="way" ref="385063867" role="outer"/>
    <member type="way" ref="385063868" role="outer"/>
    <member type="way" ref="385063688" role="outer"/>
    <member type="way" ref="385058247" role="outer"/>
    <member type="way" ref="380828361" role="outer"/>
    <member type="way" ref="385058100" role="outer"/>
    <member type="way" ref="385058228" role="outer"/>
    <member type="way" ref="380828308" role="outer"/>
    <member type="way" ref="380836696" role="outer"/>
    <member type="way" ref="380828429" role="outer"/>
    <member type="way" ref="380828292" role="outer"/>
    <member type="way" ref="380836675" role="outer"/>
    <member type="way" ref="380828412" role="outer"/>
    <member type="way" ref="380836650" role="outer"/>
    <member type="way" ref="380828288" role="outer"/>
    <member type="way" ref="380828378" role="outer"/>
    <member type="way" ref="380828347" role="outer"/>
    <member type="way" ref="380828348" role="outer"/>
    <member type="way" ref="380836679" role="outer"/>
    <member type="way" ref="380811128" role="outer"/>
    <member type="way" ref="380811160" role="outer"/>
    <member type="way" ref="380811141" role="outer"/>
    <member type="way" ref="380811166" role="outer"/>
    <member type="way" ref="380811131" role="outer"/>
    <member type="way" ref="380811123" role="outer"/>
    <member type="way" ref="412580863" role="outer"/>
    <member type="way" ref="380811164" role="outer"/>
    <member type="way" ref="380811135" role="outer"/>
    <member type="way" ref="380811106" role="outer"/>
    <member type="way" ref="380811126" role="outer"/>
    <member type="way" ref="380811116" role="outer"/>
    <member type="way" ref="380811139" role="outer"/>
    <member type="way" ref="380692195" role="outer"/>
    <member type="way" ref="380639511" role="outer"/>
    <member type="way" ref="380639503" role="outer"/>
    <member type="way" ref="380639517" role="outer"/>
    <member type="way" ref="380639499" role="outer"/>
    <member type="way" ref="380639494" role="outer"/>
    <member type="way" ref="440880347" role="outer"/>
    <member type="way" ref="355200729" role="outer"/>
    <member type="way" ref="355200728" role="outer"/>
    <member type="way" ref="355200727" role="outer"/>
    <member type="way" ref="385139320" role="outer"/>
    <member type="way" ref="385139213" role="outer"/>
    <member type="way" ref="354956904" role="outer"/>
    <member type="way" ref="355200725" role="outer"/>
    <member type="way" ref="412178078" role="outer"/>
    <member type="way" ref="404403734" role="outer"/>
    <member type="way" ref="404310677" role="outer"/>
    <member type="way" ref="404310683" role="outer"/>
    <member type="way" ref="404310682" role="outer"/>
    <member type="way" ref="404310680" role="outer"/>
    <member type="way" ref="404310679" role="outer"/>
    <member type="way" ref="412178095" role="outer"/>
    <member type="way" ref="404310678" role="outer"/>
    <member type="way" ref="404310676" role="outer"/>
    <member type="way" ref="404310681" role="outer"/>
    <member type="way" ref="404400964" role="outer"/>
    <member type="way" ref="333427924" role="outer"/>
    <member type="way" ref="342755301" role="outer"/>
    <member type="way" ref="401436319" role="outer"/>
    <member type="way" ref="401436314" role="outer"/>
    <member type="way" ref="401444915" role="outer"/>
    <member type="way" ref="401436311" role="outer"/>
    <member type="way" ref="412178086" role="outer"/>
    <member type="way" ref="375151390" role="outer"/>
    <member type="way" ref="338983595" role="outer"/>
    <member type="way" ref="354956715" role="outer"/>
    <member type="way" ref="326803172" role="outer"/>
    <member type="way" ref="326796608" role="outer"/>
    <member type="way" ref="326797031" role="outer"/>
    <member type="way" ref="374494878" role="outer"/>
    <member type="way" ref="374494877" role="outer"/>
    <member type="way" ref="374477138" role="outer"/>
    <member type="way" ref="374477478" role="outer"/>
    <member type="way" ref="374496074" role="outer"/>
    <member type="way" ref="326543373" role="outer"/>
    <member type="way" ref="356054254" role="outer"/>
    <member type="way" ref="333483287" role="outer"/>
    <member type="way" ref="412178102" role="outer"/>
    <member type="way" ref="333483288" role="outer"/>
    <member type="way" ref="1146101241" role="outer"/>
    <member type="way" ref="1146101240" role="outer"/>
    <member type="way" ref="1146101243" role="outer"/>
    <member type="way" ref="1146101242" role="outer"/>
    <member type="way" ref="374506961" role="outer"/>
    <member type="way" ref="1146101244" role="outer"/>
    <member type="way" ref="1146101252" role="outer"/>
    <member type="way" ref="355831765" role="outer"/>
    <member type="way" ref="355831420" role="outer"/>
    <member type="way" ref="403135048" role="outer"/>
    <member type="way" ref="403135051" role="outer"/>
    <member type="way" ref="412178083" role="outer"/>
    <member type="way" ref="412178077" role="outer"/>
    <member type="way" ref="412178100" role="outer"/>
    <member type="way" ref="412178071" role="outer"/>
    <member type="way" ref="412178088" role="outer"/>
    <member type="way" ref="412178101" role="outer"/>
    <member type="way" ref="374586919" role="outer"/>
    <member type="way" ref="331539644" role="outer"/>
    <member type="way" ref="355507033" role="outer"/>
    <member type="way" ref="374488312" role="outer"/>
    <member type="way" ref="374488311" role="outer"/>
    <member type="way" ref="355507060" role="outer"/>
    <member type="way" ref="325571123" role="outer"/>
    <member type="way" ref="374506607" role="outer"/>
    <member type="way" ref="355529419" role="outer"/>
    <member type="way" ref="374506609" role="outer"/>
    <member type="way" ref="374506608" role="outer"/>
    <member type="way" ref="355529424" role="outer"/>
    <member type="way" ref="357203525" role="outer"/>
    <member type="way" ref="357203526" role="outer"/>
    <member type="way" ref="355529432" role="outer"/>
    <member type="way" ref="338067954" role="outer"/>
    <member type="way" ref="357228779" role="outer"/>
    <member type="way" ref="357228778" role="outer"/>
    <member type="way" ref="374506606" role="outer"/>
    <member type="way" ref="355776757" role="outer"/>
    <member type="way" ref="338067945" role="outer"/>
    <member type="way" ref="355775223" role="outer"/>
    <member type="way" ref="338066395" role="outer"/>
    <member type="way" ref="375716800" role="outer"/>
    <member type="way" ref="325489443" role="outer"/>
    <member type="way" ref="374477510" role="outer"/>
    <member type="way" ref="374506790" role="outer"/>
    <member type="way" ref="374477515" role="outer"/>
    <member type="way" ref="555570769" role="outer"/>
    <member type="way" ref="402891045" role="outer"/>
    <member type="way" ref="402694123" role="outer"/>
    <member type="way" ref="402699436" role="outer"/>
    <member type="way" ref="402697406" role="outer"/>
    <member type="way" ref="402699841" role="outer"/>
    <member type="way" ref="402695921" role="outer"/>
    <member type="way" ref="402695841" role="outer"/>
    <member type="way" ref="402695597" role="outer"/>
    <member type="way" ref="402891018" role="outer"/>
    <member type="way" ref="402699163" role="outer"/>
    <member type="way" ref="402698556" role="outer"/>
    <member type="way" ref="402695967" role="outer"/>
    <member type="way" ref="402697270" role="outer"/>
    <member type="way" ref="741323589" role="outer"/>
    <member type="way" ref="741323588" role="outer"/>
    <member type="way" ref="627924884" role="outer"/>
    <member type="way" ref="402697242" role="outer"/>
    <member type="way" ref="627285169" role="outer"/>
    <member type="way" ref="627285166" role="outer"/>
    <member type="way" ref="627285167" role="outer"/>
    <member type="way" ref="627285164" role="outer"/>
    <member type="way" ref="627285163" role="outer"/>
    <member type="way" ref="627285160" role="outer"/>
    <member type="way" ref="627285161" role="outer"/>
    <member type="way" ref="627285158" role="outer"/>
    <member type="way" ref="627285154" role="outer"/>
    <member type="way" ref="627285153" role="outer"/>
    <member type="way" ref="627285157" role="outer"/>
    <member type="way" ref="627285151" role="outer"/>
    <member type="way" ref="627285150" role="outer"/>
    <member type="way" ref="627285148" role="outer"/>
    <member type="way" ref="627285147" role="outer"/>
    <member type="way" ref="627285142" role="outer"/>
    <member type="way" ref="627285145" role="outer"/>
    <member type="way" ref="627285141" role="outer"/>
    <member type="way" ref="627285144" role="outer"/>
    <member type="way" ref="627285139" role="outer"/>
    <member type="way" ref="627285138" role="outer"/>
    <member type="way" ref="627285136" role="outer"/>
    <member type="way" ref="627285135" role="outer"/>
    <member type="way" ref="402695890" role="outer"/>
    <member type="way" ref="402695361" role="outer"/>
    <member type="way" ref="627285133" role="outer"/>
    <member type="way" ref="627285132" role="outer"/>
    <member type="way" ref="402697463" role="outer"/>
    <member type="way" ref="627285120" role="outer"/>
    <member type="way" ref="402695568" role="outer"/>
    <member type="way" ref="402695569" role="outer"/>
    <member type="way" ref="619009122" role="outer"/>
    <member type="way" ref="402695089" role="outer"/>
    <member type="way" ref="402699888" role="outer"/>
    <member type="way" ref="402695668" role="outer"/>
    <member type="way" ref="619009141" role="outer"/>
    <member type="way" ref="619009135" role="outer"/>
    <member type="way" ref="619009138" role="outer"/>
    <member type="way" ref="619009136" role="outer"/>
    <member type="way" ref="619009139" role="outer"/>
    <member type="way" ref="619009124" role="outer"/>
    <member type="way" ref="611281063" role="outer"/>
    <member type="way" ref="619009144" role="outer"/>
    <member type="way" ref="619009145" role="outer"/>
    <member type="way" ref="611281066" role="outer"/>
    <member type="way" ref="619009211" role="outer"/>
    <member type="way" ref="611281054" role="outer"/>
    <member type="way" ref="619009212" role="outer"/>
    <member type="way" ref="611281067" role="outer"/>
    <member type="way" ref="611281052" role="outer"/>
    <member type="way" ref="666187817" role="outer"/>
    <member type="way" ref="402695228" role="outer"/>
    <member type="way" ref="666187821" role="outer"/>
    <member type="way" ref="666187823" role="outer"/>
    <member type="way" ref="666187826" role="outer"/>
    <member type="way" ref="666187820" role="outer"/>
    <member type="way" ref="666187824" role="outer"/>
    <member type="way" ref="666187827" role="outer"/>
    <member type="way" ref="611281046" role="outer"/>
    <member type="way" ref="611281056" role="outer"/>
    <member type="way" ref="611281059" role="outer"/>
    <member type="way" ref="611281060" role="outer"/>
    <member type="way" ref="402696239" role="outer"/>
    <member type="way" ref="402695246" role="outer"/>
    <member type="way" ref="611269825" role="outer"/>
    <member type="way" ref="611269823" role="outer"/>
    <member type="way" ref="611269826" role="outer"/>
    <member type="way" ref="402694786" role="outer"/>
    <member type="way" ref="518992143" role="outer"/>
    <member type="way" ref="518992144" role="outer"/>
    <member type="way" ref="518992159" role="outer"/>
    <member type="way" ref="518992157" role="outer"/>
    <member type="way" ref="518992160" role="outer"/>
    <member type="way" ref="518992158" role="outer"/>
    <member type="way" ref="402698684" role="outer"/>
    <member type="way" ref="518992146" role="outer"/>
    <member type="way" ref="518992147" role="outer"/>
    <member type="way" ref="518992149" role="outer"/>
    <member type="way" ref="518992150" role="outer"/>
    <member type="way" ref="518992151" role="outer"/>
    <member type="way" ref="518992152" role="outer"/>
    <member type="way" ref="518992155" role="outer"/>
    <member type="way" ref="518992156" role="outer"/>
    <member type="way" ref="498397078" role="outer"/>
    <member type="way" ref="498397079" role="outer"/>
    <member type="way" ref="498397076" role="outer"/>
    <member type="way" ref="498397077" role="outer"/>
    <member type="way" ref="498397074" role="outer"/>
    <member type="way" ref="497984488" role="outer"/>
    <member type="way" ref="498397075" role="outer"/>
    <member type="way" ref="498397096" role="outer"/>
    <member type="way" ref="498397098" role="outer"/>
    <member type="way" ref="498397099" role="outer"/>
    <member type="way" ref="498397100" role="outer"/>
    <member type="way" ref="498397097" role="outer"/>
    <member type="way" ref="498397090" role="outer"/>
    <member type="way" ref="498397091" role="outer"/>
    <member type="way" ref="498397092" role="outer"/>
    <member type="way" ref="498397093" role="outer"/>
    <member type="way" ref="498397086" role="outer"/>
    <member type="way" ref="498397088" role="outer"/>
    <member type="way" ref="498397101" role="outer"/>
    <member type="way" ref="498397104" role="outer"/>
    <member type="way" ref="498397105" role="outer"/>
    <member type="way" ref="498397106" role="outer"/>
    <member type="way" ref="498397107" role="outer"/>
    <member type="way" ref="498397108" role="outer"/>
    <member type="way" ref="498397109" role="outer"/>
    <member type="way" ref="498397111" role="outer"/>
    <member type="way" ref="497984477" role="outer"/>
    <member type="way" ref="497984478" role="outer"/>
    <member type="way" ref="497984481" role="outer"/>
    <member type="way" ref="497984482" role="outer"/>
    <member type="way" ref="497984487" role="outer"/>
    <member type="way" ref="518992162" role="outer"/>
    <member type="way" ref="518992163" role="outer"/>
    <member type="way" ref="518992164" role="outer"/>
    <member type="way" ref="498397112" role="outer"/>
    <member type="way" ref="402695540" role="outer"/>
    <member type="way" ref="498397114" role="outer"/>
    <member type="way" ref="498397117" role="outer"/>
    <member type="way" ref="498397124" role="outer"/>
    <member type="way" ref="498397122" role="outer"/>
    <member type="way" ref="498397123" role="outer"/>
    <member type="way" ref="498397121" role="outer"/>
    <member type="way" ref="498397128" role="outer"/>
    <member type="way" ref="498397125" role="outer"/>
    <member type="way" ref="498397126" role="outer"/>
    <member type="way" ref="498397071" role="outer"/>
    <member type="way" ref="498397072" role="outer"/>
    <member type="way" ref="498397068" role="outer"/>
    <member type="way" ref="498397069" role="outer"/>
    <member type="way" ref="498397065" role="outer"/>
    <member type="way" ref="498397066" role="outer"/>
    <member type="way" ref="498397061" role="outer"/>
    <member type="way" ref="498397062" role="outer"/>
    <member type="way" ref="498397059" role="outer"/>
    <member type="way" ref="402699821" role="outer"/>
    <member type="way" ref="498397056" role="outer"/>
    <member type="way" ref="498397057" role="outer"/>
    <member type="way" ref="498397053" role="outer"/>
    <member type="way" ref="498397054" role="outer"/>
    <member type="way" ref="498397047" role="outer"/>
    <member type="way" ref="498397060" role="outer"/>
    <member type="way" ref="498397048" role="outer"/>
    <member type="way" ref="498397049" role="outer"/>
    <member type="way" ref="498397050" role="outer"/>
    <member type="way" ref="498397028" role="outer"/>
    <member type="way" ref="402695620" role="outer"/>
    <member type="way" ref="498397025" role="outer"/>
    <member type="way" ref="498397026" role="outer"/>
    <member type="way" ref="402695761" role="outer"/>
    <member type="way" ref="402695578" role="outer"/>
    <member type="way" ref="402697366" role="outer"/>
    <member type="way" ref="402699547" role="outer"/>
    <member type="way" ref="402695394" role="outer"/>
    <member type="way" ref="402696233" role="outer"/>
    <member type="way" ref="402695745" role="outer"/>
    <member type="way" ref="691097120" role="outer"/>
    <member type="way" ref="691097121" role="outer"/>
    <member type="way" ref="402695211" role="outer"/>
    <member type="way" ref="691097117" role="outer"/>
    <member type="way" ref="691097118" role="outer"/>
    <member type="way" ref="560581847" role="outer"/>
    <member type="way" ref="691097123" role="outer"/>
    <member type="way" ref="402891050" role="outer"/>
    <member type="way" ref="399655578" role="outer"/>
    <member type="way" ref="187672264" role="outer"/>
    <member type="way" ref="399655525" role="outer"/>
    <member type="way" ref="187673491" role="outer"/>
    <member type="way" ref="691097124" role="outer"/>
    <member type="way" ref="691097125" role="outer"/>
    <member type="way" ref="691097136" role="outer"/>
    <member type="way" ref="691097140" role="outer"/>
    <member type="way" ref="691097143" role="outer"/>
    <member type="way" ref="691097146" role="outer"/>
    <member type="way" ref="187673489" role="outer"/>
    <member type="way" ref="187673488" role="outer"/>
    <member type="way" ref="399655589" role="outer"/>
    <member type="way" ref="187813177" role="outer"/>
    <member type="way" ref="187813235" role="outer"/>
    <member type="way" ref="187813267" role="outer"/>
    <member type="way" ref="187813180" role="outer"/>
    <member type="way" ref="399655548" role="outer"/>
    <member type="way" ref="187813203" role="outer"/>
    <member type="way" ref="399655559" role="outer"/>
    <member type="way" ref="187814894" role="outer"/>
    <member type="way" ref="402891043" role="outer"/>
    <member type="way" ref="188166429" role="outer"/>
    <member type="way" ref="188166434" role="outer"/>
    <member type="way" ref="188166431" role="outer"/>
    <member type="way" ref="399655535" role="outer"/>
    <member type="way" ref="188167240" role="outer"/>
    <member type="way" ref="402924520" role="outer"/>
    <member type="way" ref="402891037" role="outer"/>
    <member type="way" ref="402891048" role="outer"/>
    <member type="way" ref="188167239" role="outer"/>
    <member type="way" ref="402891017" role="outer"/>
    <member type="way" ref="399405863" role="outer"/>
    <member type="way" ref="399409116" role="outer"/>
    <member type="way" ref="399406109" role="outer"/>
    <member type="way" ref="188167236" role="outer"/>
    <member type="way" ref="253538284" role="outer"/>
    <member type="way" ref="188351274" role="outer"/>
    <member type="way" ref="188352699" role="outer"/>
    <member type="way" ref="402891005" role="outer"/>
    <member type="way" ref="402891121" role="outer"/>
    <member type="way" ref="253538283" role="outer"/>
    <member type="way" ref="871708117" role="outer"/>
    <member type="way" ref="573542731" role="outer"/>
    <member type="way" ref="399655536" role="outer"/>
    <member type="way" ref="399655489" role="outer"/>
    <member type="way" ref="188804134" role="outer"/>
    <member type="way" ref="544981705" role="outer"/>
    <member type="way" ref="188805610" role="outer"/>
    <member type="way" ref="188805609" role="outer"/>
    <member type="way" ref="189253349" role="outer"/>
    <member type="way" ref="877938547" role="outer"/>
    <member type="way" ref="402694512" role="outer"/>
    <member type="way" ref="402694590" role="outer"/>
    <member type="way" ref="877938550" role="outer"/>
    <member type="way" ref="877938549" role="outer"/>
    <member type="way" ref="402694554" role="outer"/>
    <member type="way" ref="402698724" role="outer"/>
    <member type="way" ref="402920031" role="outer"/>
    <member type="way" ref="402891015" role="outer"/>
    <member type="way" ref="712501487" role="outer"/>
    <member type="way" ref="721783865" role="outer"/>
    <member type="way" ref="402699790" role="outer"/>
    <member type="way" ref="402697342" role="outer"/>
    <member type="way" ref="402697165" role="outer"/>
    <member type="way" ref="402695478" role="outer"/>
    <member type="way" ref="402697403" role="outer"/>
    <member type="way" ref="22628007" role="outer"/>
    <member type="way" ref="402695488" role="outer"/>
    <member type="way" ref="402694827" role="outer"/>
    <member type="way" ref="402698539" role="outer"/>
    <member type="way" ref="1207909909" role="outer"/>
    <member type="way" ref="22632883" role="outer"/>
    <member type="way" ref="1207909912" role="outer"/>
    <member type="way" ref="1207909910" role="outer"/>
    <member type="way" ref="888039535" role="outer"/>
    <member type="way" ref="686138021" role="outer"/>
    <member type="way" ref="1188541425" role="outer"/>
    <member type="way" ref="34172042" role="outer"/>
    <member type="way" ref="1189774970" role="outer"/>
    <member type="way" ref="191186885" role="outer"/>
    <member type="way" ref="1189775481" role="outer"/>
    <member type="way" ref="1202641019" role="outer"/>
    <member type="way" ref="32993947" role="outer"/>
    <member type="way" ref="1189891893" role="outer"/>
    <member type="way" ref="41143662" role="outer"/>
    <member type="way" ref="757209486" role="outer"/>
    <member type="way" ref="757209487" role="outer"/>
    <member type="way" ref="758260565" role="outer"/>
    <member type="way" ref="22618357" role="outer"/>
    <member type="way" ref="563699652" role="outer"/>
    <member type="way" ref="563699646" role="outer"/>
    <member type="way" ref="563699673" role="outer"/>
    <member type="way" ref="1179649375" role="outer"/>
    <member type="relation" ref="6037570" role="subarea"/>
    <member type="relation" ref="6037572" role="subarea"/>
    <member type="relation" ref="6037573" role="subarea"/>
    <member type="relation" ref="6037575" role="subarea"/>
    <member type="relation" ref="6037576" role="subarea"/>
    <member type="relation" ref="6037578" role="subarea"/>
    <member type="relation" ref="6037579" role="subarea"/>
    <member type="relation" ref="5572075" role="subarea"/>
    <member type="relation" ref="6037586" role="subarea"/>
    <member type="relation" ref="6037588" role="subarea"/>
    <member type="relation" ref="6037589" role="subarea"/>
    <member type="relation" ref="6037590" role="subarea"/>
    <member type="relation" ref="6037591" role="subarea"/>
    <member type="relation" ref="6037592" role="subarea"/>
    <member type="relation" ref="6037594" role="subarea"/>
    <member type="relation" ref="6037595" role="subarea"/>
    <member type="relation" ref="6037596" role="subarea"/>
    <member type="relation" ref="6037598" role="subarea"/>
    <member type="relation" ref="6037601" role="subarea"/>
    <member type="relation" ref="6037604" role="subarea"/>
    <member type="relation" ref="6037605" role="subarea"/>
    <member type="relation" ref="6037607" role="subarea"/>
    <member type="relation" ref="6037611" role="subarea"/>
    <member type="relation" ref="6037612" role="subarea"/>
    <member type="relation" ref="5573213" role="subarea"/>
    <member type="relation" ref="6037613" role="subarea"/>
    <member type="relation" ref="6037614" role="subarea"/>
    <member type="relation" ref="6037617" role="subarea"/>
    <member type="relation" ref="6037618" role="subarea"/>
    <member type="relation" ref="6037620" role="subarea"/>
    <member type="relation" ref="6037621" role="subarea"/>
    <member type="relation" ref="5572039" role="subarea"/>
    <member type="relation" ref="6037622" role="subarea"/>
    <member type="relation" ref="4536711" role="subarea"/>
    <member type="relation" ref="5573184" role="subarea"/>
    <member type="relation" ref="6037623" role="subarea"/>
    <member type="relation" ref="5573185" role="subarea"/>
    <member type="relation" ref="5573186" role="subarea"/>
    <member type="relation" ref="6037630" role="subarea"/>
    <member type="relation" ref="5573187" role="subarea"/>
    <member type="relation" ref="6037638" role="subarea"/>
    <member type="relation" ref="5573188" role="subarea"/>
    <member type="relation" ref="6037640" role="subarea"/>
    <member type="relation" ref="5625784" role="subarea"/>
    <member type="relation" ref="4555304" role="subarea"/>
    <member type="relation" ref="5573190" role="subarea"/>
    <member type="relation" ref="6037641" role="subarea"/>
    <member type="relation" ref="4720748" role="subarea"/>
    <member type="relation" ref="6037643" role="subarea"/>
    <member type="relation" ref="6037644" role="subarea"/>
    <member type="relation" ref="4525098" role="subarea"/>
    <member type="relation" ref="6037646" role="subarea"/>
    <member type="relation" ref="6037649" role="subarea"/>
    <member type="relation" ref="6037650" role="subarea"/>
    <member type="relation" ref="6037664" role="subarea"/>
    <member type="relation" ref="6037651" role="subarea"/>
    <member type="relation" ref="6037652" role="subarea"/>
    <member type="relation" ref="6037653" role="subarea"/>
    <member type="relation" ref="6037654" role="subarea"/>
    <member type="relation" ref="6037655" role="subarea"/>
    <member type="relation" ref="4555887" role="subarea"/>
    <member type="relation" ref="4546437" role="subarea"/>
    <member type="relation" ref="6037661" role="subarea"/>
    <member type="relation" ref="6037662" role="subarea"/>
    <member type="relation" ref="5573191" role="subarea"/>
    <member type="relation" ref="6037667" role="subarea"/>
    <member type="relation" ref="4525109" role="subarea"/>
    <member type="relation" ref="5572019" role="subarea"/>
    <member type="relation" ref="6037670" role="subarea"/>
    <member type="relation" ref="4537017" role="subarea"/>
    <member type="relation" ref="6037673" role="subarea"/>
    <member type="relation" ref="6037677" role="subarea"/>
    <member type="relation" ref="5573192" role="subarea"/>
    <member type="relation" ref="6037682" role="subarea"/>
    <member type="relation" ref="6037684" role="subarea"/>
    <member type="relation" ref="6037686" role="subarea"/>
    <member type="relation" ref="5573193" role="subarea"/>
    <member type="relation" ref="6037687" role="subarea"/>
    <member type="relation" ref="5573194" role="subarea"/>
    <member type="relation" ref="6037690" role="subarea"/>
    <member type="relation" ref="6037691" role="subarea"/>
    <member type="relation" ref="6037692" role="subarea"/>
    <member type="relation" ref="6037693" role="subarea"/>
    <member type="relation" ref="5573195" role="subarea"/>
    <member type="relation" ref="6037694" role="subarea"/>
    <member type="relation" ref="6037696" role="subarea"/>
    <member type="relation" ref="6037698" role="subarea"/>
    <member type="relation" ref="6037699" role="subarea"/>
    <member type="relation" ref="6037710" role="subarea"/>
    <member type="relation" ref="6037700" role="subarea"/>
    <member type="relation" ref="6037701" role="subarea"/>
    <member type="relation" ref="6037702" role="subarea"/>
    <member type="relation" ref="6037704" role="subarea"/>
    <member type="relation" ref="6037708" role="subarea"/>
    <member type="relation" ref="6037709" role="subarea"/>
    <member type="relation" ref="6037711" role="subarea"/>
    <member type="relation" ref="6037715" role="subarea"/>
    <member type="relation" ref="6037713" role="subarea"/>
    <member type="relation" ref="6037716" role="subarea"/>
    <member type="relation" ref="6037717" role="subarea"/>
    <member type="relation" ref="6037718" role="subarea"/>
    <member type="relation" ref="6037719" role="subarea"/>
    <member type="relation" ref="6037721" role="subarea"/>
    <member type="relation" ref="6037722" role="subarea"/>
    <member type="relation" ref="6037723" role="subarea"/>
    <member type="relation" ref="6037724" role="subarea"/>
    <member type="relation" ref="6037725" role="subarea"/>
    <member type="relation" ref="4537919" role="subarea"/>
    <member type="relation" ref="5572020" role="subarea"/>
    <member type="relation" ref="6037726" role="subarea"/>
    <member type="relation" ref="6037727" role="subarea"/>
    <member type="relation" ref="6037728" role="subarea"/>
    <member type="relation" ref="6037729" role="subarea"/>
    <member type="relation" ref="6037730" role="subarea"/>
    <member type="relation" ref="6037731" role="subarea"/>
    <member type="relation" ref="6037732" role="subarea"/>
    <member type="relation" ref="6037860" role="subarea"/>
    <member type="relation" ref="6037733" role="subarea"/>
    <member type="relation" ref="6037734" role="subarea"/>
    <member type="relation" ref="6037735" role="subarea"/>
    <member type="relation" ref="5573196" role="subarea"/>
    <member type="relation" ref="6037737" role="subarea"/>
    <member type="relation" ref="6037741" role="subarea"/>
    <member type="relation" ref="6037745" role="subarea"/>
    <member type="relation" ref="6037746" role="subarea"/>
    <member type="relation" ref="6037748" role="subarea"/>
    <member type="relation" ref="6037749" role="subarea"/>
    <member type="relation" ref="6037750" role="subarea"/>
    <member type="relation" ref="5573197" role="subarea"/>
    <member type="relation" ref="6037752" role="subarea"/>
    <member type="relation" ref="5573200" role="subarea"/>
    <member type="relation" ref="4525097" role="subarea"/>
    <member type="relation" ref="6037754" role="subarea"/>
    <member type="relation" ref="6037753" role="subarea"/>
    <member type="relation" ref="6037755" role="subarea"/>
    <member type="relation" ref="5573198" role="subarea"/>
    <member type="relation" ref="6037758" role="subarea"/>
    <member type="relation" ref="5331697" role="subarea"/>
    <member type="relation" ref="5573199" role="subarea"/>
    <member type="relation" ref="6037759" role="subarea"/>
    <member type="relation" ref="6037761" role="subarea"/>
    <member type="relation" ref="6037763" role="subarea"/>
    <member type="relation" ref="6037764" role="subarea"/>
    <member type="relation" ref="6037765" role="subarea"/>
    <member type="relation" ref="6037767" role="subarea"/>
    <member type="relation" ref="6037768" role="subarea"/>
    <member type="relation" ref="6037779" role="subarea"/>
    <member type="relation" ref="5630106" role="subarea"/>
    <member type="relation" ref="6037793" role="subarea"/>
    <member type="relation" ref="6037794" role="subarea"/>
    <member type="relation" ref="6037795" role="subarea"/>
    <member type="relation" ref="6037796" role="subarea"/>
    <member type="relation" ref="6037797" role="subarea"/>
    <member type="relation" ref="6037798" role="subarea"/>
    <member type="relation" ref="6037799" role="subarea"/>
    <member type="relation" ref="6037800" role="subarea"/>
    <member type="relation" ref="5573201" role="subarea"/>
    <member type="relation" ref="5573202" role="subarea"/>
    <member type="relation" ref="5573203" role="subarea"/>
    <member type="relation" ref="5573204" role="subarea"/>
    <member type="relation" ref="5573205" role="subarea"/>
    <member type="relation" ref="5573206" role="subarea"/>
    <member type="relation" ref="6037801" role="subarea"/>
    <member type="relation" ref="6037802" role="subarea"/>
    <member type="relation" ref="4537023" role="subarea"/>
    <member type="relation" ref="6037805" role="subarea"/>
    <member type="relation" ref="5573207" role="subarea"/>
    <member type="relation" ref="6037807" role="subarea"/>
    <member type="relation" ref="6037808" role="subarea"/>
    <member type="relation" ref="6037809" role="subarea"/>
    <member type="relation" ref="6037813" role="subarea"/>
    <member type="relation" ref="6037816" role="subarea"/>
    <member type="relation" ref="5573208" role="subarea"/>
    <member type="relation" ref="6037820" role="subarea"/>
    <member type="relation" ref="5573209" role="subarea"/>
    <member type="relation" ref="6037823" role="subarea"/>
    <member type="relation" ref="6037824" role="subarea"/>
    <member type="relation" ref="6037826" role="subarea"/>
    <member type="relation" ref="6037828" role="subarea"/>
    <member type="relation" ref="4536718" role="subarea"/>
    <member type="relation" ref="6037831" role="subarea"/>
    <member type="relation" ref="6037832" role="subarea"/>
    <member type="relation" ref="6037833" role="subarea"/>
    <member type="relation" ref="6037834" role="subarea"/>
    <member type="relation" ref="5573210" role="subarea"/>
    <member type="relation" ref="6037837" role="subarea"/>
    <member type="relation" ref="6037838" role="subarea"/>
    <member type="relation" ref="6037840" role="subarea"/>
    <member type="relation" ref="6037843" role="subarea"/>
    <member type="relation" ref="6037845" role="subarea"/>
    <member type="relation" ref="6037848" role="subarea"/>
    <member type="relation" ref="6037850" role="subarea"/>
    <member type="relation" ref="6037851" role="subarea"/>
    <member type="relation" ref="6037853" role="subarea"/>
    <member type="relation" ref="6037854" role="subarea"/>
    <member type="relation" ref="5572040" role="subarea"/>
    <member type="relation" ref="6037856" role="subarea"/>
    <member type="relation" ref="6037857" role="subarea"/>
    <member type="relation" ref="6037858" role="subarea"/>
    <member type="relation" ref="6037859" role="subarea"/>
    <member type="relation" ref="6037862" role="subarea"/>
    <member type="relation" ref="6037863" role="subarea"/>
    <member type="relation" ref="6037865" role="subarea"/>
    <member type="relation" ref="6037871" role="subarea"/>
    <member type="relation" ref="6037872" role="subarea"/>
    <member type="relation" ref="6037874" role="subarea"/>
    <member type="relation" ref="5573211" role="subarea"/>
    <member type="relation" ref="6037880" role="subarea"/>
    <member type="relation" ref="6037883" role="subarea"/>
    <member type="relation" ref="6037885" role="subarea"/>
    <member type="relation" ref="5573212" role="subarea"/>
    <member type="relation" ref="4555984" role="subarea"/>
    <tag k="ISO3166-2" v="MX-VER"/>
    <tag k="admin_level" v="4"/>
    <tag k="boundary" v="administrative"/>
    <tag k="name" v="Veracruz"/>
    <tag k="name:en" v="Veracruz"/>
    <tag k="name:es" v="Veracruz"/>
    <tag k="name:ja" v="ベラクルス州"/>
    <tag k="name:pl" v="Veracruz"/>
    <tag k="name:ru" v="Веракрус"/>
    <tag k="name:uk" v="Веракрус"/>
    <tag k="name:zh" v="韦拉克鲁斯州"/>
    <tag k="official_name" v="Veracruz de Ignacio de la Llave"/>
    <tag k="place" v="state"/>
    <tag k="population" v="8062579"/>
    <tag k="population:date" v="2020"/>
    <tag k="ref" v="VER"/>
    <tag k="short_name" v="Ver."/>
    <tag k="source:population" v="https://www.inegi.org.mx/programas/ccpv/2020/#Datos_abiertos"/>
    <tag k="type" v="boundary"/>
    <tag k="wikidata" v="Q60130"/>
    <tag k="wikipedia" v="es:Estado de Veracruz"/>
  </relation>
  <relation id="6037654" version="7" timestamp="2025-06-09T21:34:47Z" changeset="167419002" uid="14476883" user="Daniel Vincenc">
    <member type="node" ref="472257753" role="admin_centre"/>
    <member type="way" ref="402695162" role="outer"/>
    <member type="way" ref="402696003" role="outer"/>
    <member type="way" ref="402694698" role="outer"/>
    <member type="way" ref="402699596" role="outer"/>
    <member type="way" ref="402696218" role="outer"/>
    <member type="way" ref="402699601" role="outer"/>
    <member type="way" ref="413038081" role="outer"/>
    <member type="way" ref="413038073" role="outer"/>
    <member type="way" ref="413038092" role="outer"/>
    <member type="way" ref="402693660" role="outer"/>
    <member type="way" ref="616000271" role="outer"/>
    <member type="way" ref="616000244" role="outer"/>
    <member type="way" ref="616000243" role="outer"/>
    <member type="way" ref="616000241" role="outer"/>
    <member type="way" ref="616000273" role="outer"/>
    <member type="way" ref="616782768" role="outer"/>
    <member type="way" ref="616782761" role="outer"/>
    <member type="way" ref="402696984" role="outer"/>
    <member type="way" ref="413038099" role="outer"/>
    <member type="way" ref="402695775" role="outer"/>
    <member type="way" ref="413038071" role="outer"/>
    <tag k="INEGI:MUNID" v="30048"/>
    <tag k="admin_level" v="6"/>
    <tag k="boundary" v="administrative"/>
    <tag k="name" v="Cosoleacaque"/>
    <tag k="official_name" v="Municipio de Cosoleacaque"/>
    <tag k="population" v="130903"/>
    <tag k="population:date" v="2020"/>
    <tag k="source" v="INEGI MGN 2014 v6.2"/>
    <tag k="source:population" v="https://www.inegi.org.mx/programas/ccpv/2020/#Datos_abiertos"/>
    <tag k="type" v="boundary"/>
    <tag k="wikidata" v="Q534620"/>
    <tag k="wikipedia" v="es:Municipio de Cosoleacaque"/>
  </relation>
  <relation id="6037729" version="9" timestamp="2023-12-27T04:24:59Z" changeset="145557368" uid="3715012" user="Trevor_1">
    <member type="way" ref="937992232" role="outer"/>
    <member type="way" ref="402694228" role="outer"/>
    <member type="way" ref="978199960" role="outer"/>
    <member type="way" ref="402695975" role="outer"/>
    <member type="way" ref="402694376" role="outer"/>
    <member type="way" ref="402695441" role="outer"/>
    <member type="way" ref="402699599" role="outer"/>
    <member type="way" ref="413038094" role="outer"/>
    <member type="way" ref="413038069" role="outer"/>
    <member type="way" ref="402698806" role="outer"/>
    <member type="way" ref="413038081" role="outer"/>
    <member type="way" ref="413038073" role="outer"/>
    <member type="way" ref="413038092" role="outer"/>
    <member type="way" ref="402693660" role="outer"/>
    <member type="way" ref="616000271" role="outer"/>
    <member type="way" ref="616000244" role="outer"/>
    <member type="way" ref="616000243" role="outer"/>
    <member type="way" ref="616000241" role="outer"/>
    <member type="way" ref="616000273" role="outer"/>
    <member type="way" ref="616782768" role="outer"/>
    <member type="way" ref="616782761" role="outer"/>
    <member type="node" ref="472255720" role="admin_centre"/>
    <tag k="INEGI:MUNID" v="30108"/>
    <tag k="admin_level" v="6"/>
    <tag k="boundary" v="administrative"/>
    <tag k="name" v="Minatitlán"/>
    <tag k="official_name" v="Municipio de Minatitlán"/>
    <tag k="population" v="144776"/>
    <tag k="population:date" v="2020"/>
    <tag k="source" v="INEGI MGN 2014 v6.2"/>
    <tag k="source:population" v="https://www.inegi.org.mx/programas/ccpv/2020/#Datos_abiertos"/>
    <tag k="type" v="boundary"/>
    <tag k="wikidata" v="Q17279074"/>
    <tag k="wikipedia" v="es:Municipio de Minatitlán (Veracruz)"/>
  </relation>
  <relation id="15967321" version="4" timestamp="2024-02-14T02:28:59Z" changeset="147432533" uid="19456985" user="Ferrocarriles de México">
    <member type="way" ref="95939838" role=""/>
    <member type="way" ref="1250114959" role=""/>
    <member type="way" ref="1250114958" role=""/>
    <member type="way" ref="698728311" role=""/>
    <member type="way" ref="113715652" role=""/>
    <member type="way" ref="698728328" role=""/>
    <member type="way" ref="1077625896" role=""/>
    <member type="way" ref="187965284" role=""/>
    <tag k="name" v="Línea ZA"/>
    <tag k="route" v="tracks"/>
    <tag k="type" v="route"/>
  </relation>
  <relation id="17208893" version="2" timestamp="2024-08-21T10:47:01Z" changeset="155550696" uid="19635771" user="NewryCanal">
    <member type="way" ref="1250114952" role=""/>
    <member type="way" ref="1250114953" role=""/>
    <member type="way" ref="1250114955" role=""/>
    <member type="way" ref="1250114954" role=""/>
    <member type="way" ref="1250114957" role=""/>
    <member type="way" ref="1309294893" role=""/>
    <member type="way" ref="1309294892" role=""/>
    <member type="way" ref="1250114956" role=""/>
    <member type="way" ref="1250114962" role=""/>
    <member type="way" ref="1250114951" role=""/>
    <member type="way" ref="1250114950" role=""/>
    <tag k="route" v="waterway"/>
    <tag k="type" v="route"/>
  </relation>

</osm>
